Loan_ID,Gender,Married,Dependents,Education,Self_Employed,ApplicantIncome,CoapplicantIncome,LoanAmount,Loan_Amount_Term,Credit_History,Property_Area,Loan_Status
LP100000,Male,No,0,Graduate,No,5849,0.0,,360.0,1.0,Urban,Y
LP100001,Male,Yes,1,Graduate,No,4583,1508.0,128.0,360.0,1.0,Rural,N
LP100002,Male,Yes,0,Graduate,Yes,3000,0.0,66.0,360.0,1.0,Urban,Y
LP100003,Male,Yes,0,Not Graduate,No,2583,2358.0,120.0,360.0,1.0,Urban,Y
LP100004,Male,No,0,Graduate,No,6000,0.0,141.0,360.0,1.0,Urban,Y
LP100005,Male,Yes,2,Graduate,Yes,5417,4196.0,267.0,360.0,1.0,Urban,Y
LP100006,Male,Yes,0,Not Graduate,No,2333,1516.0,95.0,360.0,1.0,Urban,Y
LP100007,Male,Yes,3+,Graduate,No,3036,2504.0,158.0,360.0,0.0,Semiurban,N
LP100008,Male,Yes,2,Graduate,No,4006,1526.0,168.0,360.0,1.0,Urban,Y
LP100009,Male,Yes,1,Graduate,No,12841,10968.0,349.0,360.0,1.0,Semiurban,N
LP100010,Male,Yes,2,Graduate,No,3200,700.0,70.0,360.0,1.0,Urban,Y
LP100011,Male,Yes,2,Graduate,,2500,1840.0,109.0,360.0,1.0,Urban,Y
LP100012,Male,Yes,2,Graduate,No,3073,8106.0,200.0,360.0,1.0,Urban,Y
LP100013,Male,No,0,Graduate,No,1853,2840.0,114.0,360.0,1.0,Rural,N
LP100014,Male,Yes,2,Graduate,No,1299,1086.0,17.0,120.0,1.0,Urban,Y
LP100015,Male,No,0,Graduate,No,4950,0.0,125.0,360.0,1.0,Urban,Y
LP100016,Male,No,1,Not Graduate,No,3596,0.0,100.0,240.0,,Urban,Y
LP100017,Female,No,0,Graduate,No,3510,0.0,76.0,360.0,0.0,Urban,N
LP100018,Male,Yes,0,Not Graduate,No,4887,0.0,133.0,360.0,1.0,Rural,N
LP100019,Male,Yes,0,Graduate,,2600,3500.0,115.0,,1.0,Urban,Y
LP100020,Male,Yes,0,Not Graduate,No,7660,0.0,104.0,360.0,0.0,Urban,N
LP100021,Male,Yes,1,Graduate,No,5955,5625.0,315.0,360.0,1.0,Urban,Y
LP100022,Male,Yes,0,Not Graduate,No,2600,1911.0,116.0,360.0,0.0,Semiurban,N
LP100023,,Yes,2,Not Graduate,No,3365,1917.0,112.0,360.0,0.0,Rural,N
LP100024,Male,Yes,1,Graduate,,3717,2925.0,151.0,360.0,,Semiurban,N
LP100025,Male,Yes,0,Graduate,Yes,9560,0.0,191.0,360.0,1.0,Semiurban,Y
LP100026,Male,Yes,0,Graduate,No,2799,2253.0,122.0,360.0,1.0,Semiurban,Y
LP100027,Male,Yes,2,Not Graduate,No,4226,1040.0,110.0,360.0,1.0,Urban,Y
LP100028,Male,No,0,Not Graduate,No,1442,0.0,35.0,360.0,1.0,Urban,N
LP100029,Female,No,2,Graduate,,3750,2083.0,120.0,360.0,1.0,Semiurban,Y
LP100030,Male,Yes,1,Graduate,,4166,3369.0,201.0,360.0,,Urban,N
LP100031,Male,No,0,Graduate,No,3167,0.0,74.0,360.0,1.0,Urban,N
LP100032,Male,No,1,Graduate,Yes,4692,0.0,106.0,360.0,1.0,Rural,N
LP100033,Male,Yes,0,Graduate,No,3500,1667.0,114.0,360.0,1.0,Semiurban,Y
LP100034,Male,No,3+,Graduate,No,12500,3000.0,320.0,360.0,1.0,Rural,N
LP100035,Male,Yes,0,Graduate,No,2275,2067.0,,360.0,1.0,Urban,Y
LP100036,Male,Yes,0,Graduate,No,1828,1330.0,100.0,,0.0,Urban,N
LP100037,Female,Yes,0,Graduate,No,3667,1459.0,144.0,360.0,1.0,Semiurban,Y
LP100038,Male,No,0,Graduate,No,4166,7210.0,184.0,360.0,1.0,Urban,Y
LP100039,Male,No,0,Not Graduate,No,3748,1668.0,110.0,360.0,1.0,Semiurban,Y
LP100040,Male,No,0,Graduate,No,3600,0.0,80.0,360.0,1.0,Urban,N
LP100041,Male,No,0,Graduate,No,1800,1213.0,47.0,360.0,1.0,Urban,Y
LP100042,Male,Yes,0,Graduate,No,2400,0.0,75.0,360.0,,Urban,Y
LP100043,Male,Yes,0,Graduate,No,3941,2336.0,134.0,360.0,1.0,Semiurban,Y
LP100044,Male,Yes,0,Not Graduate,Yes,4695,0.0,96.0,,1.0,Urban,Y
LP100045,Female,No,0,Graduate,No,3410,0.0,88.0,,1.0,Urban,Y
LP100046,Male,Yes,1,Graduate,No,5649,0.0,44.0,360.0,1.0,Urban,Y
LP100047,Male,Yes,0,Graduate,No,5821,0.0,144.0,360.0,1.0,Urban,Y
LP100048,Female,Yes,0,Graduate,No,2645,3440.0,120.0,360.0,0.0,Urban,N
LP100049,Female,No,0,Graduate,No,4000,2275.0,144.0,360.0,1.0,Semiurban,Y
LP100050,Female,Yes,0,Not Graduate,No,1928,1644.0,100.0,360.0,1.0,Semiurban,Y
LP100051,Female,No,0,Graduate,No,3086,0.0,120.0,360.0,1.0,Semiurban,Y
LP100052,Female,No,0,Graduate,No,4230,0.0,112.0,360.0,1.0,Semiurban,N
LP100053,Male,Yes,2,Graduate,No,4616,0.0,134.0,360.0,1.0,Urban,N
LP100054,Female,Yes,1,Graduate,Yes,11500,0.0,286.0,360.0,0.0,Urban,N
LP100055,Male,Yes,2,Graduate,No,2708,1167.0,97.0,360.0,1.0,Semiurban,Y
LP100056,Male,Yes,0,Graduate,No,2132,1591.0,96.0,360.0,1.0,Semiurban,Y
LP100057,Male,Yes,0,Graduate,No,3366,2200.0,135.0,360.0,1.0,Rural,N
LP100058,Male,Yes,1,Graduate,No,8080,2250.0,180.0,360.0,1.0,Urban,Y
LP100059,Male,Yes,2,Not Graduate,No,3357,2859.0,144.0,360.0,1.0,Urban,Y
LP100060,Male,Yes,0,Graduate,No,2500,3796.0,120.0,360.0,1.0,Urban,Y
LP100061,Male,Yes,3+,Graduate,No,3029,0.0,99.0,360.0,1.0,Urban,Y
LP100062,Male,Yes,0,Not Graduate,Yes,2609,3449.0,165.0,180.0,0.0,Rural,N
LP100063,Male,Yes,1,Graduate,No,4945,0.0,,360.0,0.0,Rural,N
LP100064,Female,No,0,Graduate,No,4166,0.0,116.0,360.0,0.0,Semiurban,N
LP100065,Male,Yes,0,Graduate,No,5726,4595.0,258.0,360.0,1.0,Semiurban,N
LP100066,Male,No,0,Not Graduate,No,3200,2254.0,126.0,180.0,0.0,Urban,N
LP100067,Male,Yes,1,Graduate,No,10750,0.0,312.0,360.0,1.0,Urban,Y
LP100068,Male,Yes,3+,Not Graduate,Yes,7100,0.0,125.0,60.0,1.0,Urban,Y
LP100069,Female,No,0,Graduate,No,4300,0.0,136.0,360.0,0.0,Semiurban,N
LP100070,Male,Yes,0,Graduate,No,3208,3066.0,172.0,360.0,1.0,Urban,Y
LP100071,Male,Yes,2,Not Graduate,Yes,1875,1875.0,97.0,360.0,1.0,Semiurban,Y
LP100072,Male,No,0,Graduate,No,3500,0.0,81.0,300.0,1.0,Semiurban,Y
LP100073,Male,Yes,3+,Not Graduate,No,4755,0.0,95.0,,0.0,Semiurban,N
LP100074,Male,Yes,3+,Graduate,Yes,5266,1774.0,187.0,360.0,1.0,Semiurban,Y
LP100075,Male,No,0,Graduate,No,3750,0.0,113.0,480.0,1.0,Urban,N
LP100076,Male,No,0,Graduate,No,3750,4750.0,176.0,360.0,1.0,Urban,N
LP100077,Male,Yes,1,Graduate,Yes,1000,3022.0,110.0,360.0,1.0,Urban,N
LP100078,Male,Yes,3+,Graduate,No,3167,4000.0,180.0,300.0,0.0,Semiurban,N
LP100079,Male,Yes,3+,Not Graduate,Yes,3333,2166.0,130.0,360.0,,Semiurban,Y
LP100080,Female,No,0,Graduate,No,3846,0.0,111.0,360.0,1.0,Semiurban,Y
LP100081,Male,Yes,1,Graduate,Yes,2395,0.0,,360.0,1.0,Semiurban,Y
LP100082,Female,Yes,2,Graduate,No,1378,1881.0,167.0,360.0,1.0,Urban,N
LP100083,Male,Yes,0,Graduate,No,6000,2250.0,265.0,360.0,,Semiurban,N
LP100084,Male,Yes,1,Graduate,No,3988,0.0,50.0,240.0,1.0,Urban,Y
LP100085,Male,No,0,Graduate,No,2366,2531.0,136.0,360.0,1.0,Semiurban,Y
LP100086,Male,Yes,2,Not Graduate,No,3333,2000.0,99.0,360.0,,Semiurban,Y
LP100087,Male,Yes,0,Graduate,No,2500,2118.0,104.0,360.0,1.0,Semiurban,Y
LP100088,Male,No,0,Graduate,No,8566,0.0,210.0,360.0,1.0,Urban,Y
LP100089,Male,Yes,0,Graduate,No,5695,4167.0,175.0,360.0,1.0,Semiurban,Y
LP100090,Male,Yes,0,Graduate,No,2958,2900.0,131.0,360.0,1.0,Semiurban,Y
LP100091,Male,Yes,2,Graduate,No,6250,5654.0,188.0,180.0,1.0,Semiurban,Y
LP100092,Male,Yes,2,Not Graduate,No,3273,1820.0,81.0,360.0,1.0,Urban,Y
LP100093,Male,No,0,Graduate,No,4133,0.0,122.0,360.0,1.0,Semiurban,Y
LP100094,Male,No,0,Not Graduate,No,3620,0.0,25.0,120.0,1.0,Semiurban,Y
LP100095,Male,No,0,Graduate,,6782,0.0,,360.0,,Urban,N
LP100096,Female,Yes,0,Graduate,No,2484,2302.0,137.0,360.0,1.0,Semiurban,Y
LP100097,Male,Yes,0,Graduate,No,1977,997.0,50.0,360.0,1.0,Semiurban,Y
LP100098,Male,Yes,0,Not Graduate,No,4188,0.0,115.0,180.0,1.0,Semiurban,Y
LP100099,Male,Yes,0,Graduate,No,1759,3541.0,131.0,360.0,1.0,Semiurban,Y
LP100100,Male,Yes,2,Not Graduate,No,4288,3263.0,133.0,180.0,1.0,Urban,Y
LP100101,Male,No,0,Graduate,No,4843,3806.0,151.0,360.0,1.0,Semiurban,Y
LP100102,Male,Yes,,Graduate,No,13650,0.0,,360.0,1.0,Urban,Y
LP100103,Male,Yes,0,Graduate,No,4652,3583.0,,360.0,1.0,Semiurban,Y
LP100104,Male,,,Graduate,No,3816,754.0,160.0,360.0,1.0,Urban,Y
LP100105,Male,Yes,1,Graduate,No,3052,1030.0,100.0,360.0,1.0,Urban,Y
LP100106,Male,Yes,2,Graduate,No,11417,1126.0,225.0,360.0,1.0,Urban,Y
LP100107,Male,No,0,Not Graduate,,7333,0.0,120.0,360.0,1.0,Rural,N
LP100108,Male,Yes,2,Graduate,No,3800,3600.0,216.0,360.0,0.0,Urban,N
LP100109,Male,Yes,3+,Not Graduate,No,2071,754.0,94.0,480.0,1.0,Semiurban,Y
LP100110,Male,No,0,Graduate,No,5316,0.0,136.0,360.0,1.0,Urban,Y
LP100111,Female,Yes,0,Graduate,,2929,2333.0,139.0,360.0,1.0,Semiurban,Y
LP100112,Male,Yes,0,Not Graduate,No,3572,4114.0,152.0,,0.0,Rural,N
LP100113,Female,No,1,Graduate,Yes,7451,0.0,,360.0,1.0,Semiurban,Y
LP100114,Male,No,0,Graduate,,5050,0.0,118.0,360.0,1.0,Semiurban,Y
LP100115,Male,Yes,1,Graduate,No,14583,0.0,185.0,180.0,1.0,Rural,Y
LP100116,Female,Yes,0,Graduate,No,3167,2283.0,154.0,360.0,1.0,Semiurban,Y
LP100117,Male,Yes,1,Graduate,No,2214,1398.0,85.0,360.0,,Urban,Y
LP100118,Male,Yes,0,Graduate,No,5568,2142.0,175.0,360.0,1.0,Rural,N
LP100119,Female,No,0,Graduate,No,10408,0.0,259.0,360.0,1.0,Urban,Y
LP100120,Male,Yes,,Graduate,No,5667,2667.0,180.0,360.0,1.0,Rural,Y
LP100121,Female,No,0,Graduate,No,4166,0.0,44.0,360.0,1.0,Semiurban,Y
LP100122,Female,No,0,Graduate,No,2137,8980.0,137.0,360.0,0.0,Semiurban,Y
LP100123,Male,Yes,2,Graduate,No,2957,0.0,81.0,360.0,1.0,Semiurban,Y
LP100124,Male,Yes,0,Not Graduate,No,4300,2014.0,194.0,360.0,1.0,Rural,Y
LP100125,Female,No,0,Graduate,No,3692,0.0,93.0,360.0,,Rural,Y
LP100126,,Yes,3+,Graduate,No,23803,0.0,370.0,360.0,1.0,Rural,Y
LP100127,Male,No,0,Graduate,No,3865,1640.0,,360.0,1.0,Rural,Y
LP100128,Male,Yes,1,Graduate,Yes,10513,3850.0,160.0,180.0,0.0,Urban,N
LP100129,Male,Yes,0,Graduate,No,6080,2569.0,182.0,360.0,,Rural,N
LP100130,Male,No,0,Graduate,Yes,20166,0.0,650.0,480.0,,Urban,Y
LP100131,Male,No,0,Graduate,No,2014,1929.0,74.0,360.0,1.0,Urban,Y
LP100132,Male,No,0,Graduate,No,2718,0.0,70.0,360.0,1.0,Semiurban,Y
LP100133,Male,Yes,0,Graduate,Yes,3459,0.0,25.0,120.0,1.0,Semiurban,Y
LP100134,Male,No,0,Graduate,No,4895,0.0,102.0,360.0,1.0,Semiurban,Y
LP100135,Male,Yes,3+,Graduate,No,4000,7750.0,290.0,360.0,1.0,Semiurban,N
LP100136,Female,Yes,0,Graduate,No,4583,0.0,84.0,360.0,1.0,Rural,N
LP100137,Male,Yes,2,Graduate,Yes,3316,3500.0,88.0,360.0,1.0,Urban,Y
LP100138,Male,No,0,Graduate,No,14999,0.0,242.0,360.0,0.0,Semiurban,N
LP100139,Male,Yes,2,Not Graduate,No,4200,1430.0,129.0,360.0,1.0,Rural,N
LP100140,Male,Yes,2,Graduate,No,5042,2083.0,185.0,360.0,1.0,Rural,N
LP100141,Male,No,0,Graduate,No,5417,0.0,168.0,360.0,1.0,Urban,Y
LP100142,Male,No,0,Graduate,Yes,6950,0.0,175.0,180.0,1.0,Semiurban,Y
LP100143,Male,Yes,0,Graduate,No,2698,2034.0,122.0,360.0,1.0,Semiurban,Y
LP100144,Male,Yes,2,Graduate,No,11757,0.0,187.0,180.0,1.0,Urban,Y
LP100145,Female,Yes,0,Graduate,No,2330,4486.0,100.0,360.0,1.0,Semiurban,Y
LP100146,Female,Yes,2,Graduate,No,14866,0.0,70.0,360.0,1.0,Urban,Y
LP100147,Male,Yes,1,Graduate,No,1538,1425.0,30.0,360.0,1.0,Urban,Y
LP100148,Female,No,0,Graduate,No,10000,1666.0,225.0,360.0,1.0,Rural,N
LP100149,Male,Yes,0,Graduate,No,4860,830.0,125.0,360.0,1.0,Semiurban,Y
LP100150,Male,No,0,Graduate,No,6277,0.0,118.0,360.0,0.0,Rural,N
LP100151,Male,Yes,0,Graduate,Yes,2577,3750.0,152.0,360.0,1.0,Rural,Y
LP100152,Male,No,0,Graduate,No,9166,0.0,244.0,360.0,1.0,Urban,N
LP100153,Male,Yes,2,Not Graduate,No,2281,0.0,113.0,360.0,1.0,Rural,N
LP100154,Male,No,0,Graduate,No,3254,0.0,50.0,360.0,1.0,Urban,Y
LP100155,Male,Yes,3+,Graduate,No,39999,0.0,600.0,180.0,0.0,Semiurban,Y
LP100156,Male,Yes,1,Graduate,No,6000,0.0,160.0,360.0,,Rural,Y
LP100157,Male,Yes,1,Graduate,No,9538,0.0,187.0,360.0,1.0,Urban,Y
LP100158,Male,No,0,Graduate,,2980,2083.0,120.0,360.0,1.0,Rural,Y
LP100159,Male,Yes,0,Graduate,No,4583,5625.0,255.0,360.0,1.0,Semiurban,Y
LP100160,Male,Yes,0,Not Graduate,No,1863,1041.0,98.0,360.0,1.0,Semiurban,Y
LP100161,Male,Yes,0,Graduate,No,7933,0.0,275.0,360.0,1.0,Urban,N
LP100162,Male,Yes,1,Graduate,No,3089,1280.0,121.0,360.0,0.0,Semiurban,N
LP100163,Male,Yes,2,Graduate,No,4167,1447.0,158.0,360.0,1.0,Rural,Y
LP100164,Male,Yes,0,Graduate,No,9323,0.0,75.0,180.0,1.0,Urban,Y
LP100165,Male,Yes,0,Graduate,No,3707,3166.0,182.0,,1.0,Rural,Y
LP100166,Female,Yes,0,Graduate,No,4583,0.0,112.0,360.0,1.0,Rural,N
LP100167,Male,Yes,0,Graduate,No,2439,3333.0,129.0,360.0,1.0,Rural,Y
LP100168,Male,No,0,Graduate,No,2237,0.0,63.0,480.0,0.0,Semiurban,N
LP100169,Male,Yes,2,Graduate,No,8000,0.0,200.0,360.0,1.0,Semiurban,Y
LP100170,Male,Yes,0,Not Graduate,,1820,1769.0,95.0,360.0,1.0,Rural,Y
LP100171,,Yes,3+,Graduate,No,51763,0.0,700.0,300.0,1.0,Urban,Y
LP100172,Male,Yes,3+,Not Graduate,No,3522,0.0,81.0,180.0,1.0,Rural,N
LP100173,Male,Yes,0,Graduate,No,5708,5625.0,187.0,360.0,1.0,Semiurban,Y
LP100174,Male,Yes,0,Not Graduate,Yes,4344,736.0,87.0,360.0,1.0,Semiurban,N
LP100175,Male,Yes,0,Graduate,No,3497,1964.0,116.0,360.0,1.0,Rural,Y
LP100176,Male,Yes,2,Graduate,No,2045,1619.0,101.0,360.0,1.0,Rural,Y
LP100177,Male,Yes,3+,Graduate,No,5516,11300.0,495.0,360.0,0.0,Semiurban,N
LP100178,Male,Yes,1,Graduate,No,3750,0.0,116.0,360.0,1.0,Semiurban,Y
LP100179,Male,No,0,Not Graduate,No,2333,1451.0,102.0,480.0,0.0,Urban,N
LP100180,Male,Yes,1,Graduate,No,6400,7250.0,180.0,360.0,0.0,Urban,N
LP100181,Male,No,0,Graduate,No,1916,5063.0,67.0,360.0,,Rural,N
LP100182,Male,Yes,0,Graduate,No,4600,0.0,73.0,180.0,1.0,Semiurban,Y
LP100183,Male,Yes,1,Graduate,No,33846,0.0,260.0,360.0,1.0,Semiurban,N
LP100184,Female,Yes,0,Graduate,No,3625,0.0,108.0,360.0,1.0,Semiurban,Y
LP100185,Male,Yes,0,Graduate,Yes,39147,4750.0,120.0,360.0,1.0,Semiurban,Y
LP100186,Male,Yes,1,Graduate,Yes,2178,0.0,66.0,300.0,0.0,Rural,N
LP100187,Male,Yes,0,Graduate,No,2383,2138.0,58.0,360.0,,Rural,Y
LP100188,,Yes,0,Graduate,Yes,674,5296.0,168.0,360.0,1.0,Rural,Y
LP100189,Male,Yes,0,Graduate,No,9328,0.0,188.0,180.0,1.0,Rural,Y
LP100190,Male,No,0,Not Graduate,No,4885,0.0,48.0,360.0,1.0,Rural,Y
LP100191,Male,No,0,Graduate,No,12000,0.0,164.0,360.0,1.0,Semiurban,N
LP100192,Male,Yes,0,Not Graduate,No,6033,0.0,160.0,360.0,1.0,Urban,N
LP100193,Male,No,0,Graduate,No,3858,0.0,76.0,360.0,1.0,Semiurban,Y
LP100194,Male,No,0,Graduate,No,4191,0.0,120.0,360.0,1.0,Rural,Y
LP100195,Male,Yes,1,Graduate,No,3125,2583.0,170.0,360.0,1.0,Semiurban,N
LP100196,Male,No,0,Graduate,No,8333,3750.0,187.0,360.0,1.0,Rural,Y
LP100197,Female,No,0,Not Graduate,No,1907,2365.0,120.0,,1.0,Urban,Y
LP100198,Female,Yes,0,Graduate,No,3416,2816.0,113.0,360.0,,Semiurban,Y
LP100199,Male,No,0,Graduate,Yes,11000,0.0,83.0,360.0,1.0,Urban,N
LP100200,Male,Yes,1,Not Graduate,No,2600,2500.0,90.0,360.0,1.0,Semiurban,Y
LP100201,Male,No,2,Graduate,No,4923,0.0,166.0,360.0,0.0,Semiurban,Y
LP100202,Male,Yes,3+,Not Graduate,No,3992,0.0,,180.0,1.0,Urban,N
LP100203,Male,Yes,1,Not Graduate,No,3500,1083.0,135.0,360.0,1.0,Urban,Y
LP100204,Male,Yes,2,Not Graduate,No,3917,0.0,124.0,360.0,1.0,Semiurban,Y
LP100205,Female,No,0,Not Graduate,No,4408,0.0,120.0,360.0,1.0,Semiurban,Y
LP100206,Female,No,0,Graduate,No,3244,0.0,80.0,360.0,1.0,Urban,Y
LP100207,Male,No,0,Not Graduate,No,3975,2531.0,55.0,360.0,1.0,Rural,Y
LP100208,Male,No,0,Graduate,No,2479,0.0,59.0,360.0,1.0,Urban,Y
LP100209,Male,No,0,Graduate,No,3418,0.0,127.0,360.0,1.0,Semiurban,N
LP100210,Female,No,0,Graduate,No,10000,0.0,214.0,360.0,1.0,Semiurban,N
LP100211,Male,Yes,3+,Graduate,No,3430,1250.0,128.0,360.0,0.0,Semiurban,N
LP100212,Male,Yes,1,Graduate,Yes,7787,0.0,240.0,360.0,1.0,Urban,Y
LP100213,Male,Yes,3+,Not Graduate,Yes,5703,0.0,130.0,360.0,1.0,Rural,Y
LP100214,Male,Yes,0,Graduate,No,3173,3021.0,137.0,360.0,1.0,Urban,Y
LP100215,Male,Yes,3+,Not Graduate,No,3850,983.0,100.0,360.0,1.0,Semiurban,Y
LP100216,Male,Yes,0,Graduate,No,150,1800.0,135.0,360.0,1.0,Rural,N
LP100217,Male,Yes,0,Graduate,No,3727,1775.0,131.0,360.0,1.0,Semiurban,Y
LP100218,Male,Yes,2,Graduate,,5000,0.0,72.0,360.0,0.0,Semiurban,N
LP100219,Female,Yes,2,Graduate,No,4283,2383.0,127.0,360.0,,Semiurban,Y
LP100220,Male,Yes,0,Graduate,No,2221,0.0,60.0,360.0,0.0,Urban,N
LP100221,Male,Yes,2,Graduate,No,4009,1717.0,116.0,360.0,1.0,Semiurban,Y
LP100222,Male,No,0,Graduate,No,2971,2791.0,144.0,360.0,1.0,Semiurban,Y
LP100223,Male,Yes,0,Graduate,No,7578,1010.0,175.0,,1.0,Semiurban,Y
LP100224,Male,Yes,0,Graduate,No,6250,0.0,128.0,360.0,1.0,Semiurban,Y
LP100225,Male,Yes,0,Graduate,No,3250,0.0,170.0,360.0,1.0,Rural,N
LP100226,Male,Yes,,Not Graduate,Yes,4735,0.0,138.0,360.0,1.0,Urban,N
LP100227,Male,Yes,2,Graduate,No,6250,1695.0,210.0,360.0,1.0,Semiurban,Y
LP100228,Male,,,Graduate,No,4758,0.0,158.0,480.0,1.0,Semiurban,Y
LP100229,Male,No,0,Graduate,Yes,6400,0.0,200.0,360.0,1.0,Rural,Y
LP100230,Male,Yes,1,Graduate,No,2491,2054.0,104.0,360.0,1.0,Semiurban,Y
LP100231,Male,Yes,0,Graduate,,3716,0.0,42.0,180.0,1.0,Rural,Y
LP100232,Male,No,0,Not Graduate,No,3189,2598.0,120.0,,1.0,Rural,Y
LP100233,Female,No,0,Graduate,No,8333,0.0,280.0,360.0,1.0,Semiurban,Y
LP100234,Male,Yes,1,Graduate,No,3155,1779.0,140.0,360.0,1.0,Semiurban,Y
LP100235,Male,Yes,1,Graduate,No,5500,1260.0,170.0,360.0,1.0,Rural,Y
LP100236,Male,Yes,0,Graduate,,5746,0.0,255.0,360.0,,Urban,N
LP100237,Female,No,0,Graduate,Yes,3463,0.0,122.0,360.0,,Urban,Y
LP100238,Female,No,1,Graduate,No,3812,0.0,112.0,360.0,1.0,Rural,Y
LP100239,Male,Yes,1,Graduate,No,3315,0.0,96.0,360.0,1.0,Semiurban,Y
LP100240,Male,Yes,2,Graduate,No,5819,5000.0,120.0,360.0,1.0,Rural,Y
LP100241,Male,Yes,1,Not Graduate,No,2510,1983.0,140.0,180.0,1.0,Urban,N
LP100242,Male,No,0,Graduate,No,2965,5701.0,155.0,60.0,1.0,Urban,Y
LP100243,Male,Yes,2,Graduate,Yes,6250,1300.0,108.0,360.0,1.0,Rural,Y
LP100244,Male,Yes,0,Not Graduate,No,3406,4417.0,123.0,360.0,1.0,Semiurban,Y
LP100245,Male,No,0,Graduate,Yes,6050,4333.0,120.0,180.0,1.0,Urban,N
LP100246,Male,Yes,2,Graduate,No,9703,0.0,112.0,360.0,1.0,Urban,Y
LP100247,Male,Yes,1,Not Graduate,No,6608,0.0,137.0,180.0,1.0,Urban,Y
LP100248,Male,Yes,1,Graduate,No,2882,1843.0,123.0,480.0,1.0,Semiurban,Y
LP100249,Male,Yes,0,Graduate,No,1809,1868.0,90.0,360.0,1.0,Urban,Y
LP100250,Male,Yes,0,Not Graduate,No,1668,3890.0,201.0,360.0,0.0,Semiurban,N
LP100251,Female,No,2,Graduate,No,3427,0.0,138.0,360.0,1.0,Urban,N
LP100252,Male,No,0,Not Graduate,Yes,2583,2167.0,104.0,360.0,1.0,Rural,Y
LP100253,Male,Yes,1,Not Graduate,No,2661,7101.0,279.0,180.0,1.0,Semiurban,Y
LP100254,Male,No,0,Graduate,Yes,16250,0.0,192.0,360.0,0.0,Urban,N
LP100255,Female,No,3+,Graduate,No,3083,0.0,255.0,360.0,1.0,Rural,Y
LP100256,Male,No,0,Not Graduate,No,6045,0.0,115.0,360.0,0.0,Rural,N
LP100257,Male,Yes,3+,Graduate,No,5250,0.0,94.0,360.0,1.0,Urban,N
LP100258,Male,Yes,0,Graduate,No,14683,2100.0,304.0,360.0,1.0,Rural,N
LP100259,Male,Yes,3+,Not Graduate,No,4931,0.0,128.0,360.0,,Semiurban,N
LP100260,Male,Yes,1,Graduate,No,6083,4250.0,330.0,360.0,,Urban,Y
LP100261,Male,No,0,Graduate,No,2060,2209.0,134.0,360.0,1.0,Semiurban,Y
LP100262,Female,No,1,Graduate,No,3481,0.0,155.0,36.0,1.0,Semiurban,N
LP100263,Female,No,0,Graduate,No,7200,0.0,120.0,360.0,1.0,Rural,Y
LP100264,Male,No,0,Graduate,Yes,5166,0.0,128.0,360.0,1.0,Semiurban,Y
LP100265,Male,No,0,Graduate,No,4095,3447.0,151.0,360.0,1.0,Rural,Y
LP100266,Male,Yes,2,Graduate,No,4708,1387.0,150.0,360.0,1.0,Semiurban,Y
LP100267,Male,Yes,3+,Graduate,No,4333,1811.0,160.0,360.0,0.0,Urban,Y
LP100268,Female,No,0,Graduate,,3418,0.0,135.0,360.0,1.0,Rural,N
LP100269,Female,No,1,Graduate,No,2876,1560.0,90.0,360.0,1.0,Urban,Y
LP100270,Female,No,0,Graduate,No,3237,0.0,30.0,360.0,1.0,Urban,Y
LP100271,Male,Yes,0,Graduate,No,11146,0.0,136.0,360.0,1.0,Urban,Y
LP100272,Male,No,0,Graduate,No,2833,1857.0,126.0,360.0,1.0,Rural,Y
LP100273,Male,Yes,0,Graduate,No,2620,2223.0,150.0,360.0,1.0,Semiurban,Y
LP100274,Male,Yes,2,Graduate,No,3900,0.0,90.0,360.0,1.0,Semiurban,Y
LP100275,Male,Yes,1,Graduate,No,2750,1842.0,115.0,360.0,1.0,Semiurban,Y
LP100276,Male,Yes,0,Graduate,No,3993,3274.0,207.0,360.0,1.0,Semiurban,Y
LP100277,Male,Yes,0,Graduate,No,3103,1300.0,80.0,360.0,1.0,Urban,Y
LP100278,Male,Yes,0,Graduate,No,14583,0.0,436.0,360.0,1.0,Semiurban,Y
LP100279,Female,Yes,0,Not Graduate,No,4100,0.0,124.0,360.0,,Rural,Y
LP100280,Male,No,1,Not Graduate,Yes,4053,2426.0,158.0,360.0,0.0,Urban,N
LP100281,Male,Yes,0,Graduate,No,3927,800.0,112.0,360.0,1.0,Semiurban,Y
LP100282,Male,Yes,2,Graduate,No,2301,985.7999878,78.0,180.0,1.0,Urban,Y
LP100283,Female,No,0,Graduate,No,1811,1666.0,54.0,360.0,1.0,Urban,Y
LP100284,Male,Yes,0,Graduate,No,20667,0.0,,360.0,1.0,Rural,N
LP100285,Male,No,0,Graduate,No,3158,3053.0,89.0,360.0,1.0,Rural,Y
LP100286,Female,No,0,Graduate,Yes,2600,1717.0,99.0,300.0,1.0,Semiurban,N
LP100287,Male,Yes,0,Graduate,No,3704,2000.0,120.0,360.0,1.0,Rural,Y
LP100288,Female,No,0,Graduate,No,4124,0.0,115.0,360.0,1.0,Semiurban,Y
LP100289,Male,No,0,Graduate,No,9508,0.0,187.0,360.0,1.0,Rural,Y
LP100290,Male,Yes,0,Graduate,No,3075,2416.0,139.0,360.0,1.0,Rural,Y
LP100291,Male,Yes,2,Graduate,No,4400,0.0,127.0,360.0,0.0,Semiurban,N
LP100292,Male,Yes,2,Graduate,No,3153,1560.0,134.0,360.0,1.0,Urban,Y
LP100293,Female,No,,Graduate,No,5417,0.0,143.0,480.0,0.0,Urban,N
LP100294,Male,Yes,0,Graduate,No,2383,3334.0,172.0,360.0,1.0,Semiurban,Y
LP100295,Male,Yes,3+,Graduate,,4416,1250.0,110.0,360.0,1.0,Urban,Y
LP100296,Male,Yes,1,Graduate,No,6875,0.0,200.0,360.0,1.0,Semiurban,Y
LP100297,Female,Yes,1,Graduate,No,4666,0.0,135.0,360.0,1.0,Urban,Y
LP100298,Female,No,0,Graduate,No,5000,2541.0,151.0,480.0,1.0,Rural,N
LP100299,Male,Yes,1,Graduate,No,2014,2925.0,113.0,360.0,1.0,Urban,N
LP100300,Male,Yes,0,Not Graduate,No,1800,2934.0,93.0,360.0,0.0,Urban,N
LP100301,Male,Yes,,Not Graduate,No,2875,1750.0,105.0,360.0,1.0,Semiurban,Y
LP100302,Female,No,0,Graduate,No,5000,0.0,132.0,360.0,1.0,Rural,Y
LP100303,Male,Yes,1,Graduate,No,1625,1803.0,96.0,360.0,1.0,Urban,Y
LP100304,Male,No,0,Graduate,No,4000,2500.0,140.0,360.0,1.0,Rural,Y
LP100305,Male,No,0,Not Graduate,No,2000,0.0,,360.0,1.0,Urban,N
LP100306,Female,No,0,Graduate,No,3762,1666.0,135.0,360.0,1.0,Rural,Y
LP100307,Female,No,0,Graduate,No,2400,1863.0,104.0,360.0,0.0,Urban,N
LP100308,Male,No,0,Graduate,No,20233,0.0,480.0,360.0,1.0,Rural,N
LP100309,Male,Yes,2,Not Graduate,No,7667,0.0,185.0,360.0,,Rural,Y
LP100310,Female,No,0,Graduate,No,2917,0.0,84.0,360.0,1.0,Semiurban,Y
LP100311,Male,No,0,Not Graduate,No,2927,2405.0,111.0,360.0,1.0,Semiurban,Y
LP100312,Female,No,0,Graduate,No,2507,0.0,56.0,360.0,1.0,Rural,Y
LP100313,Male,Yes,2,Graduate,Yes,5746,0.0,144.0,84.0,,Rural,Y
LP100314,,Yes,0,Graduate,No,2473,1843.0,159.0,360.0,1.0,Rural,N
LP100315,Male,Yes,1,Not Graduate,No,3399,1640.0,111.0,180.0,1.0,Urban,Y
LP100316,Male,Yes,2,Graduate,No,3717,0.0,120.0,360.0,1.0,Semiurban,Y
LP100317,Male,Yes,0,Graduate,No,2058,2134.0,88.0,360.0,,Urban,Y
LP100318,Female,No,1,Graduate,No,3541,0.0,112.0,360.0,,Semiurban,Y
LP100319,Male,Yes,1,Graduate,Yes,10000,0.0,155.0,360.0,1.0,Rural,N
LP100320,Male,Yes,0,Graduate,No,2400,2167.0,115.0,360.0,1.0,Semiurban,Y
LP100321,Male,Yes,3+,Graduate,No,4342,189.0,124.0,360.0,1.0,Semiurban,Y
LP100322,Male,Yes,2,Not Graduate,No,3601,1590.0,,360.0,1.0,Rural,Y
LP100323,Female,No,0,Graduate,No,3166,2985.0,132.0,360.0,,Rural,Y
LP100324,Male,Yes,3+,Graduate,No,15000,0.0,300.0,360.0,1.0,Rural,Y
LP100325,Male,Yes,1,Graduate,Yes,8666,4983.0,376.0,360.0,0.0,Rural,N
LP100326,Male,No,0,Graduate,No,4917,0.0,130.0,360.0,0.0,Rural,Y
LP100327,Male,Yes,0,Graduate,Yes,5818,2160.0,184.0,360.0,1.0,Semiurban,Y
LP100328,Female,Yes,0,Graduate,No,4333,2451.0,110.0,360.0,1.0,Urban,N
LP100329,Female,No,0,Graduate,No,2500,0.0,67.0,360.0,1.0,Urban,Y
LP100330,Male,No,1,Graduate,No,4384,1793.0,117.0,360.0,1.0,Urban,Y
LP100331,Male,No,0,Graduate,No,2935,0.0,98.0,360.0,1.0,Semiurban,Y
LP100332,Male,No,,Graduate,No,2833,0.0,71.0,360.0,1.0,Urban,Y
LP100333,Male,Yes,0,Graduate,,63337,0.0,490.0,180.0,1.0,Urban,Y
LP100334,,Yes,1,Graduate,Yes,9833,1833.0,182.0,180.0,1.0,Urban,Y
LP100335,Male,Yes,,Graduate,Yes,5503,4490.0,70.0,,1.0,Semiurban,Y
LP100336,Male,Yes,1,Graduate,,5250,688.0,160.0,360.0,1.0,Rural,Y
LP100337,Male,Yes,2,Graduate,Yes,2500,4600.0,176.0,360.0,1.0,Rural,Y
LP100338,Female,No,3+,Not Graduate,No,1830,0.0,,360.0,0.0,Urban,N
LP100339,Female,No,0,Graduate,No,4160,0.0,71.0,360.0,1.0,Semiurban,Y
LP100340,Male,Yes,3+,Not Graduate,No,2647,1587.0,173.0,360.0,1.0,Rural,N
LP100341,Female,No,0,Graduate,No,2378,0.0,46.0,360.0,1.0,Rural,N
LP100342,Male,Yes,1,Not Graduate,No,4554,1229.0,158.0,360.0,1.0,Urban,Y
LP100343,Male,Yes,3+,Not Graduate,No,3173,0.0,74.0,360.0,1.0,Semiurban,Y
LP100344,Male,Yes,2,Graduate,,2583,2330.0,125.0,360.0,1.0,Rural,Y
LP100345,Male,Yes,0,Graduate,No,2499,2458.0,160.0,360.0,1.0,Semiurban,Y
LP100346,Male,Yes,,Not Graduate,No,3523,3230.0,152.0,360.0,0.0,Rural,N
LP100347,Male,Yes,2,Not Graduate,No,3083,2168.0,126.0,360.0,1.0,Urban,Y
LP100348,Male,Yes,0,Graduate,No,6333,4583.0,259.0,360.0,,Semiurban,Y
LP100349,Male,Yes,0,Graduate,No,2625,6250.0,187.0,360.0,1.0,Rural,Y
LP100350,Male,Yes,0,Graduate,No,9083,0.0,228.0,360.0,1.0,Semiurban,Y
LP100351,Male,No,0,Graduate,No,8750,4167.0,308.0,360.0,1.0,Rural,N
LP100352,Male,Yes,3+,Graduate,No,2666,2083.0,95.0,360.0,1.0,Rural,Y
LP100353,Female,Yes,0,Graduate,Yes,5500,0.0,105.0,360.0,0.0,Rural,N
LP100354,Female,Yes,0,Graduate,No,2423,505.0,130.0,360.0,1.0,Semiurban,Y
LP100355,Female,No,,Graduate,No,3813,0.0,116.0,180.0,1.0,Urban,Y
LP100356,Male,Yes,2,Graduate,No,8333,3167.0,165.0,360.0,1.0,Rural,Y
LP100357,Male,Yes,1,Graduate,No,3875,0.0,67.0,360.0,1.0,Urban,N
LP100358,Male,Yes,0,Not Graduate,No,3000,1666.0,100.0,480.0,0.0,Urban,N
LP100359,Male,Yes,3+,Graduate,No,5167,3167.0,200.0,360.0,1.0,Semiurban,Y
LP100360,Female,No,1,Graduate,No,4723,0.0,81.0,360.0,1.0,Semiurban,N
LP100361,Male,Yes,2,Graduate,No,5000,3667.0,236.0,360.0,1.0,Semiurban,Y
LP100362,Male,Yes,0,Graduate,No,4750,2333.0,130.0,360.0,1.0,Urban,Y
LP100363,Male,Yes,0,Graduate,No,3013,3033.0,95.0,300.0,,Urban,Y
LP100364,Male,No,0,Graduate,Yes,6822,0.0,141.0,360.0,1.0,Rural,Y
LP100365,Male,No,0,Not Graduate,No,6216,0.0,133.0,360.0,1.0,Rural,N
LP100366,Male,No,0,Graduate,No,2500,0.0,96.0,480.0,1.0,Semiurban,N
LP100367,Male,No,0,Graduate,No,5124,0.0,124.0,,0.0,Rural,N
LP100368,Male,Yes,1,Graduate,No,6325,0.0,175.0,360.0,1.0,Semiurban,Y
LP100369,Male,Yes,0,Graduate,No,19730,5266.0,570.0,360.0,1.0,Rural,N
LP100370,Female,No,0,Graduate,Yes,15759,0.0,55.0,360.0,1.0,Semiurban,Y
LP100371,Male,Yes,2,Graduate,No,5185,0.0,155.0,360.0,1.0,Semiurban,Y
LP100372,Male,Yes,2,Graduate,Yes,9323,7873.0,380.0,300.0,1.0,Rural,Y
LP100373,Male,No,1,Graduate,No,3062,1987.0,111.0,180.0,0.0,Urban,N
LP100374,Female,No,0,Graduate,,2764,1459.0,110.0,360.0,1.0,Urban,Y
LP100375,Male,Yes,0,Graduate,No,4817,923.0,120.0,180.0,1.0,Urban,Y
LP100376,Male,Yes,3+,Graduate,No,8750,4996.0,130.0,360.0,1.0,Rural,Y
LP100377,Male,Yes,0,Graduate,No,4310,0.0,130.0,360.0,,Semiurban,Y
LP100378,Male,No,0,Graduate,No,3069,0.0,71.0,480.0,1.0,Urban,N
LP100379,Male,Yes,2,Graduate,No,5391,0.0,130.0,360.0,1.0,Urban,Y
LP100380,Male,Yes,0,Graduate,,3333,2500.0,128.0,360.0,1.0,Semiurban,Y
LP100381,Male,No,0,Graduate,No,5941,4232.0,296.0,360.0,1.0,Semiurban,Y
LP100382,Female,No,0,Graduate,No,6000,0.0,156.0,360.0,1.0,Urban,Y
LP100383,Male,No,0,Graduate,Yes,7167,0.0,128.0,360.0,1.0,Urban,Y
LP100384,Male,Yes,2,Graduate,No,4566,0.0,100.0,360.0,1.0,Urban,N
LP100385,Male,No,1,Graduate,,3667,0.0,113.0,180.0,1.0,Urban,Y
LP100386,Male,No,0,Not Graduate,No,2346,1600.0,132.0,360.0,1.0,Semiurban,Y
LP100387,Male,Yes,0,Not Graduate,No,3010,3136.0,,360.0,0.0,Urban,N
LP100388,Male,Yes,0,Graduate,No,2333,2417.0,136.0,360.0,1.0,Urban,Y
LP100389,Male,Yes,0,Graduate,No,5488,0.0,125.0,360.0,1.0,Rural,Y
LP100390,Male,No,3+,Graduate,No,9167,0.0,185.0,360.0,1.0,Rural,Y
LP100391,Male,Yes,3+,Graduate,No,9504,0.0,275.0,360.0,1.0,Rural,Y
LP100392,Male,Yes,0,Graduate,No,2583,2115.0,120.0,360.0,,Urban,Y
LP100393,Male,Yes,2,Not Graduate,No,1993,1625.0,113.0,180.0,1.0,Semiurban,Y
LP100394,Male,Yes,2,Graduate,No,3100,1400.0,113.0,360.0,1.0,Urban,Y
LP100395,Male,Yes,2,Graduate,No,3276,484.0,135.0,360.0,,Semiurban,Y
LP100396,Female,No,0,Graduate,No,3180,0.0,71.0,360.0,0.0,Urban,N
LP100397,Male,Yes,0,Graduate,No,3033,1459.0,95.0,360.0,1.0,Urban,Y
LP100398,Male,No,0,Not Graduate,No,3902,1666.0,109.0,360.0,1.0,Rural,Y
LP100399,Female,No,0,Graduate,No,1500,1800.0,103.0,360.0,0.0,Semiurban,N
LP100400,Male,Yes,2,Not Graduate,No,2889,0.0,45.0,180.0,0.0,Urban,N
LP100401,Male,No,0,Not Graduate,No,2755,0.0,65.0,300.0,1.0,Rural,N
LP100402,Male,No,0,Graduate,No,2500,20000.0,103.0,360.0,1.0,Semiurban,Y
LP100403,Female,No,0,Not Graduate,No,1963,0.0,53.0,360.0,1.0,Semiurban,Y
LP100404,Female,No,0,Graduate,Yes,7441,0.0,194.0,360.0,1.0,Rural,N
LP100405,Female,No,0,Graduate,No,4547,0.0,115.0,360.0,1.0,Semiurban,Y
LP100406,Male,Yes,0,Not Graduate,No,2167,2400.0,115.0,360.0,1.0,Urban,Y
LP100407,Female,No,0,Not Graduate,No,2213,0.0,66.0,360.0,1.0,Rural,Y
LP100408,Male,Yes,1,Graduate,No,8300,0.0,152.0,300.0,0.0,Semiurban,N
LP100409,Male,Yes,3+,Graduate,No,81000,0.0,360.0,360.0,0.0,Rural,N
LP100410,Female,No,1,Not Graduate,Yes,3867,0.0,62.0,360.0,1.0,Semiurban,N
LP100411,Male,Yes,0,Graduate,,6256,0.0,160.0,360.0,,Urban,Y
LP100412,Male,Yes,0,Not Graduate,No,6096,0.0,218.0,360.0,0.0,Rural,N
LP100413,Male,Yes,0,Not Graduate,No,2253,2033.0,110.0,360.0,1.0,Rural,Y
LP100414,Female,Yes,0,Not Graduate,No,2149,3237.0,178.0,360.0,0.0,Semiurban,N
LP100415,Female,No,0,Graduate,No,2995,0.0,60.0,360.0,1.0,Urban,Y
LP100416,Female,No,1,Graduate,No,2600,0.0,160.0,360.0,1.0,Urban,N
LP100417,Male,Yes,2,Graduate,Yes,1600,20000.0,239.0,360.0,1.0,Urban,N
LP100418,Male,Yes,0,Graduate,No,1025,2773.0,112.0,360.0,1.0,Rural,Y
LP100419,Male,Yes,0,Graduate,No,3246,1417.0,138.0,360.0,1.0,Semiurban,Y
LP100420,Male,Yes,0,Graduate,No,5829,0.0,138.0,360.0,1.0,Rural,Y
LP100421,Female,No,0,Not Graduate,No,2720,0.0,80.0,,0.0,Urban,N
LP100422,Male,Yes,0,Graduate,No,1820,1719.0,100.0,360.0,1.0,Urban,Y
LP100423,Male,Yes,1,Graduate,No,7250,1667.0,110.0,,0.0,Urban,N
LP100424,Male,Yes,0,Graduate,No,14880,0.0,96.0,360.0,1.0,Semiurban,Y
LP100425,Male,Yes,0,Graduate,No,2666,4300.0,121.0,360.0,1.0,Rural,Y
LP100426,Female,No,1,Not Graduate,No,4606,0.0,81.0,360.0,1.0,Rural,N
LP100427,Male,Yes,2,Graduate,No,5935,0.0,133.0,360.0,1.0,Semiurban,Y
LP100428,Male,Yes,0,Graduate,No,2920,16.12000084,87.0,360.0,1.0,Rural,Y
LP100429,Male,No,0,Not Graduate,No,2717,0.0,60.0,180.0,1.0,Urban,Y
LP100430,Female,No,1,Graduate,Yes,8624,0.0,150.0,360.0,1.0,Semiurban,Y
LP100431,Male,No,0,Graduate,No,6500,0.0,105.0,360.0,0.0,Rural,N
LP100432,Male,No,0,Graduate,,12876,0.0,405.0,360.0,1.0,Semiurban,Y
LP100433,Male,Yes,0,Graduate,No,2425,2340.0,143.0,360.0,1.0,Semiurban,Y
LP100434,Male,No,0,Graduate,No,3750,0.0,100.0,360.0,1.0,Urban,Y
LP100435,Female,,,Graduate,No,10047,0.0,,240.0,1.0,Semiurban,Y
LP100436,Male,No,0,Graduate,No,1926,1851.0,50.0,360.0,1.0,Semiurban,Y
LP100437,Male,Yes,0,Graduate,No,2213,1125.0,,360.0,1.0,Urban,Y
LP100438,Male,No,0,Graduate,Yes,10416,0.0,187.0,360.0,0.0,Urban,N
LP100439,Female,Yes,0,Not Graduate,Yes,7142,0.0,138.0,360.0,1.0,Rural,Y
LP100440,Male,No,0,Graduate,No,3660,5064.0,187.0,360.0,1.0,Semiurban,Y
LP100441,Male,Yes,0,Graduate,No,7901,1833.0,180.0,360.0,1.0,Rural,Y
LP100442,Male,No,3+,Not Graduate,No,4707,1993.0,148.0,360.0,1.0,Semiurban,Y
LP100443,Male,No,1,Graduate,No,37719,0.0,152.0,360.0,1.0,Semiurban,Y
LP100444,Male,Yes,0,Graduate,No,7333,8333.0,175.0,300.0,,Rural,Y
LP100445,Male,Yes,1,Graduate,Yes,3466,1210.0,130.0,360.0,1.0,Rural,Y
LP100446,Male,Yes,2,Not Graduate,No,4652,0.0,110.0,360.0,1.0,Rural,Y
LP100447,Male,Yes,0,Graduate,,3539,1376.0,55.0,360.0,1.0,Rural,N
LP100448,Male,Yes,2,Graduate,No,3340,1710.0,150.0,360.0,0.0,Rural,N
LP100449,Male,No,1,Not Graduate,Yes,2769,1542.0,190.0,360.0,,Semiurban,N
LP100450,Male,Yes,2,Not Graduate,No,2309,1255.0,125.0,360.0,0.0,Rural,N
LP100451,Male,Yes,2,Not Graduate,No,1958,1456.0,60.0,300.0,,Urban,Y
LP100452,Male,Yes,0,Graduate,No,3948,1733.0,149.0,360.0,0.0,Rural,N
LP100453,Male,Yes,0,Graduate,No,2483,2466.0,90.0,180.0,0.0,Rural,Y
LP100454,Male,No,0,Graduate,Yes,7085,0.0,84.0,360.0,1.0,Semiurban,Y
LP100455,Male,Yes,2,Graduate,No,3859,0.0,96.0,360.0,1.0,Semiurban,Y
LP100456,Male,Yes,0,Graduate,No,4301,0.0,118.0,360.0,1.0,Urban,Y
LP100457,Male,Yes,0,Graduate,No,3708,2569.0,173.0,360.0,1.0,Urban,N
LP100458,Male,No,2,Graduate,No,4354,0.0,136.0,360.0,1.0,Rural,Y
LP100459,Male,Yes,0,Graduate,No,8334,0.0,160.0,360.0,1.0,Semiurban,N
LP100460,,Yes,0,Graduate,Yes,2083,4083.0,160.0,360.0,,Semiurban,Y
LP100461,Male,Yes,3+,Graduate,No,7740,0.0,128.0,180.0,1.0,Urban,Y
LP100462,Male,Yes,0,Graduate,No,3015,2188.0,153.0,360.0,1.0,Rural,Y
LP100463,Female,No,1,Not Graduate,,5191,0.0,132.0,360.0,1.0,Semiurban,Y
LP100464,Male,No,0,Graduate,No,4166,0.0,98.0,360.0,0.0,Semiurban,N
LP100465,Male,No,0,Graduate,No,6000,0.0,140.0,360.0,1.0,Rural,Y
LP100466,Male,Yes,3+,Not Graduate,No,2947,1664.0,70.0,180.0,0.0,Urban,N
LP100467,,Yes,0,Graduate,No,16692,0.0,110.0,360.0,1.0,Semiurban,Y
LP100468,Female,Yes,2,Not Graduate,,210,2917.0,98.0,360.0,1.0,Semiurban,Y
LP100469,Male,Yes,0,Graduate,No,4333,2451.0,110.0,360.0,1.0,Urban,N
LP100470,Male,Yes,1,Graduate,Yes,3450,2079.0,162.0,360.0,1.0,Semiurban,Y
LP100471,Male,Yes,1,Not Graduate,No,2653,1500.0,113.0,180.0,0.0,Rural,N
LP100472,Male,Yes,3+,Graduate,No,4691,0.0,100.0,360.0,1.0,Semiurban,Y
LP100473,Female,No,0,Graduate,Yes,2500,0.0,93.0,360.0,,Urban,Y
LP100474,Male,No,2,Graduate,No,5532,4648.0,162.0,360.0,1.0,Rural,Y
LP100475,Male,Yes,2,Graduate,Yes,16525,1014.0,150.0,360.0,1.0,Rural,Y
LP100476,Male,Yes,2,Graduate,No,6700,1750.0,230.0,300.0,1.0,Semiurban,Y
LP100477,,Yes,2,Graduate,No,2873,1872.0,132.0,360.0,0.0,Semiurban,N
LP100478,Male,Yes,1,Graduate,Yes,16667,2250.0,86.0,360.0,1.0,Semiurban,Y
LP100479,Male,Yes,2,Graduate,No,2947,1603.0,,360.0,1.0,Urban,N
LP100480,Female,No,0,Not Graduate,No,4350,0.0,154.0,360.0,1.0,Rural,Y
LP100481,Male,Yes,3+,Not Graduate,No,3095,0.0,113.0,360.0,1.0,Rural,Y
LP100482,Male,Yes,0,Graduate,No,2083,3150.0,128.0,360.0,1.0,Semiurban,Y
LP100483,Male,Yes,0,Graduate,No,10833,0.0,234.0,360.0,1.0,Semiurban,Y
LP100484,Male,Yes,2,Graduate,No,8333,0.0,246.0,360.0,1.0,Semiurban,Y
LP100485,Male,Yes,1,Not Graduate,No,1958,2436.0,131.0,360.0,1.0,Rural,Y
LP100486,Male,No,2,Graduate,No,3547,0.0,80.0,360.0,0.0,Rural,N
LP100487,Male,Yes,1,Graduate,No,18333,0.0,500.0,360.0,1.0,Urban,N
LP100488,Male,Yes,2,Graduate,Yes,4583,2083.0,160.0,360.0,1.0,Semiurban,Y
LP100489,Male,No,0,Graduate,No,2435,0.0,75.0,360.0,1.0,Urban,N
LP100490,Male,No,0,Not Graduate,No,2699,2785.0,96.0,360.0,,Semiurban,Y
LP100491,Male,Yes,1,Not Graduate,No,5333,1131.0,186.0,360.0,,Urban,Y
LP100492,Male,No,0,Not Graduate,No,3691,0.0,110.0,360.0,1.0,Rural,Y
LP100493,Female,No,0,Not Graduate,Yes,17263,0.0,225.0,360.0,1.0,Semiurban,Y
LP100494,Male,Yes,0,Graduate,No,3597,2157.0,119.0,360.0,0.0,Rural,N
LP100495,Female,Yes,1,Graduate,No,3326,913.0,105.0,84.0,1.0,Semiurban,Y
LP100496,Male,Yes,0,Not Graduate,No,2600,1700.0,107.0,360.0,1.0,Rural,Y
LP100497,Male,Yes,0,Graduate,No,4625,2857.0,111.0,12.0,,Urban,Y
LP100498,Male,Yes,1,Graduate,Yes,2895,0.0,95.0,360.0,1.0,Semiurban,Y
LP100499,Male,No,0,Graduate,No,6283,4416.0,209.0,360.0,0.0,Rural,N
LP100500,Female,No,0,Graduate,No,645,3683.0,113.0,480.0,1.0,Rural,Y
LP100501,Female,No,0,Graduate,No,3159,0.0,100.0,360.0,1.0,Semiurban,Y
LP100502,Male,Yes,2,Graduate,No,4865,5624.0,208.0,360.0,1.0,Semiurban,Y
LP100503,Male,Yes,1,Not Graduate,No,4050,5302.0,138.0,360.0,,Rural,N
LP100504,Male,Yes,0,Not Graduate,No,3814,1483.0,124.0,300.0,1.0,Semiurban,Y
LP100505,Male,Yes,2,Graduate,No,3510,4416.0,243.0,360.0,1.0,Rural,Y
LP100506,Male,Yes,0,Graduate,No,20833,6667.0,480.0,360.0,,Urban,Y
LP100507,,No,0,Graduate,No,3583,0.0,96.0,360.0,1.0,Urban,N
LP100508,Male,Yes,0,Graduate,Yes,2479,3013.0,188.0,360.0,1.0,Urban,Y
LP100509,Female,No,1,Graduate,No,13262,0.0,40.0,360.0,1.0,Urban,Y
LP100510,Male,No,0,Not Graduate,No,3598,1287.0,100.0,360.0,1.0,Rural,N
LP100511,Male,Yes,1,Graduate,No,6065,2004.0,250.0,360.0,1.0,Semiurban,Y
LP100512,Male,Yes,2,Graduate,No,3283,2035.0,148.0,360.0,1.0,Urban,Y
LP100513,Male,Yes,0,Graduate,No,2130,6666.0,70.0,180.0,1.0,Semiurban,N
LP100514,Male,No,0,Graduate,No,5815,3666.0,311.0,360.0,1.0,Rural,N
LP100515,Male,Yes,3+,Graduate,No,3466,3428.0,150.0,360.0,1.0,Rural,Y
LP100516,Female,Yes,2,Graduate,No,2031,1632.0,113.0,480.0,1.0,Semiurban,Y
LP100517,Male,Yes,,Not Graduate,No,3074,1800.0,123.0,360.0,0.0,Semiurban,N
LP100518,Male,No,0,Graduate,No,4683,1915.0,185.0,360.0,1.0,Semiurban,N
LP100519,Female,No,0,Not Graduate,No,3400,0.0,95.0,360.0,1.0,Rural,N
LP100520,Male,Yes,2,Not Graduate,No,2192,1742.0,45.0,360.0,1.0,Semiurban,Y
LP100521,Male,No,0,Graduate,No,2500,0.0,55.0,360.0,1.0,Semiurban,Y
LP100522,Male,Yes,3+,Graduate,Yes,5677,1424.0,100.0,360.0,1.0,Rural,Y
LP100523,Male,Yes,2,Graduate,Yes,7948,7166.0,480.0,360.0,1.0,Rural,Y
LP100524,Male,No,0,Graduate,No,4680,2087.0,,360.0,1.0,Semiurban,N
LP100525,Male,Yes,2,Graduate,Yes,17500,0.0,400.0,360.0,1.0,Rural,Y
LP100526,Male,Yes,0,Graduate,No,3775,0.0,110.0,360.0,1.0,Semiurban,Y
LP100527,Male,Yes,1,Not Graduate,No,5285,1430.0,161.0,360.0,0.0,Semiurban,Y
LP100528,Male,No,1,Not Graduate,No,2679,1302.0,94.0,360.0,1.0,Semiurban,Y
LP100529,Male,No,0,Not Graduate,No,6783,0.0,130.0,360.0,1.0,Semiurban,Y
LP100530,Male,Yes,0,Graduate,No,1025,5500.0,216.0,360.0,,Rural,Y
LP100531,Male,Yes,3+,Graduate,No,4281,0.0,100.0,360.0,1.0,Urban,Y
LP100532,Male,No,2,Graduate,No,3588,0.0,110.0,360.0,0.0,Rural,N
LP100533,Male,No,1,Graduate,No,11250,0.0,196.0,360.0,,Semiurban,N
LP100534,Female,No,0,Not Graduate,Yes,18165,0.0,125.0,360.0,1.0,Urban,Y
LP100535,Male,No,0,Not Graduate,,2550,2042.0,126.0,360.0,1.0,Rural,Y
LP100536,Male,Yes,0,Graduate,No,6133,3906.0,324.0,360.0,1.0,Urban,Y
LP100537,Male,No,2,Graduate,No,3617,0.0,107.0,360.0,1.0,Semiurban,Y
LP100538,Male,Yes,0,Not Graduate,No,2917,536.0,66.0,360.0,1.0,Rural,N
LP100539,Male,Yes,3+,Graduate,No,6417,0.0,157.0,180.0,1.0,Rural,Y
LP100540,Female,Yes,1,Graduate,No,4608,2845.0,140.0,180.0,1.0,Semiurban,Y
LP100541,Female,No,0,Graduate,No,2138,0.0,99.0,360.0,0.0,Semiurban,N
LP100542,Female,No,1,Graduate,,3652,0.0,95.0,360.0,1.0,Semiurban,Y
LP100543,Male,Yes,1,Not Graduate,No,2239,2524.0,128.0,360.0,1.0,Urban,Y
LP100544,Female,Yes,0,Not Graduate,No,3017,663.0,102.0,360.0,,Semiurban,Y
LP100545,Male,Yes,0,Graduate,No,2768,1950.0,155.0,360.0,1.0,Rural,Y
LP100546,Male,No,0,Not Graduate,No,3358,0.0,80.0,36.0,1.0,Semiurban,N
LP100547,Male,No,0,Graduate,No,2526,1783.0,145.0,360.0,1.0,Rural,Y
LP100548,Female,No,0,Graduate,No,5000,0.0,103.0,360.0,0.0,Semiurban,N
LP100549,Male,Yes,0,Graduate,No,2785,2016.0,110.0,360.0,1.0,Rural,Y
LP100550,Male,Yes,2,Graduate,Yes,6633,0.0,,360.0,0.0,Rural,N
LP100551,Male,Yes,1,Not Graduate,No,2492,2375.0,,360.0,1.0,Rural,Y
LP100552,Male,Yes,1,Graduate,No,3333,3250.0,158.0,360.0,1.0,Urban,Y
LP100553,Male,Yes,0,Not Graduate,No,2454,2333.0,181.0,360.0,0.0,Urban,N
LP100554,Male,Yes,0,Graduate,No,3593,4266.0,132.0,180.0,0.0,Rural,N
LP100555,Male,Yes,1,Graduate,No,5468,1032.0,26.0,360.0,1.0,Semiurban,Y
LP100556,Female,No,0,Graduate,No,2667,1625.0,84.0,360.0,,Urban,Y
LP100557,Male,Yes,3+,Graduate,Yes,10139,0.0,260.0,360.0,1.0,Semiurban,Y
LP100558,Male,Yes,0,Graduate,No,3887,2669.0,162.0,360.0,1.0,Semiurban,Y
LP100559,Female,Yes,0,Graduate,No,4180,2306.0,182.0,360.0,1.0,Semiurban,Y
LP100560,Male,Yes,2,Not Graduate,No,3675,242.0,108.0,360.0,1.0,Semiurban,Y
LP100561,Female,Yes,1,Graduate,Yes,19484,0.0,600.0,360.0,1.0,Semiurban,Y
LP100562,Male,Yes,0,Graduate,No,5923,2054.0,211.0,360.0,1.0,Rural,Y
LP100563,Male,No,0,Not Graduate,Yes,5800,0.0,132.0,360.0,1.0,Semiurban,Y
LP100564,Male,Yes,2,Graduate,No,8799,0.0,258.0,360.0,0.0,Urban,N
LP100565,Male,Yes,0,Not Graduate,No,4467,0.0,120.0,360.0,,Rural,Y
LP100566,Male,No,0,Graduate,No,3333,0.0,70.0,360.0,1.0,Urban,Y
LP100567,Male,Yes,3+,Graduate,No,3400,2500.0,123.0,360.0,0.0,Rural,N
LP100568,Female,No,0,Graduate,No,2378,0.0,9.0,360.0,1.0,Urban,N
LP100569,Male,Yes,0,Graduate,No,3166,2064.0,104.0,360.0,0.0,Urban,N
LP100570,Male,Yes,1,Graduate,No,3417,1750.0,186.0,360.0,1.0,Urban,Y
LP100571,Male,Yes,,Graduate,No,5116,1451.0,165.0,360.0,0.0,Urban,N
LP100572,Male,Yes,2,Graduate,No,16666,0.0,275.0,360.0,1.0,Urban,Y
LP100573,Male,Yes,2,Not Graduate,No,6125,1625.0,187.0,480.0,1.0,Semiurban,N
LP100574,Male,Yes,3+,Graduate,No,6406,0.0,150.0,360.0,1.0,Semiurban,N
LP100575,Male,Yes,2,Graduate,No,3159,461.0,108.0,84.0,1.0,Urban,Y
LP100576,,Yes,0,Graduate,No,3087,2210.0,136.0,360.0,0.0,Semiurban,N
LP100577,Male,No,0,Graduate,No,3229,2739.0,110.0,360.0,1.0,Urban,Y
LP100578,Male,Yes,1,Graduate,No,1782,2232.0,107.0,360.0,1.0,Rural,Y
LP100579,Male,No,0,Graduate,,3182,2917.0,161.0,360.0,1.0,Urban,Y
LP100580,Male,Yes,2,Graduate,No,6540,0.0,205.0,360.0,1.0,Semiurban,Y
LP100581,Male,No,0,Graduate,No,1836,33837.0,90.0,360.0,1.0,Urban,N
LP100582,Female,Yes,0,Graduate,No,3166,0.0,36.0,360.0,1.0,Semiurban,Y
LP100583,Male,Yes,1,Graduate,No,1880,0.0,61.0,360.0,,Rural,N
LP100584,Male,Yes,1,Graduate,No,2787,1917.0,146.0,360.0,0.0,Rural,N
LP100585,Male,Yes,1,Graduate,No,4283,3000.0,172.0,84.0,1.0,Rural,N
LP100586,Male,Yes,0,Graduate,No,2297,1522.0,104.0,360.0,1.0,Urban,Y
LP100587,Female,No,0,Not Graduate,No,2165,0.0,70.0,360.0,1.0,Semiurban,Y
LP100588,,No,0,Graduate,No,4750,0.0,94.0,360.0,1.0,Semiurban,Y
LP100589,Male,Yes,2,Graduate,Yes,2726,0.0,106.0,360.0,0.0,Semiurban,N
LP100590,Male,Yes,0,Graduate,No,3000,3416.0,56.0,180.0,1.0,Semiurban,Y
LP100591,Male,Yes,2,Graduate,Yes,6000,0.0,205.0,240.0,1.0,Semiurban,N
LP100592,,No,3+,Graduate,Yes,9357,0.0,292.0,360.0,1.0,Semiurban,Y
LP100593,Male,Yes,0,Graduate,No,3859,3300.0,142.0,180.0,1.0,Rural,Y
LP100594,Male,Yes,0,Graduate,Yes,16120,0.0,260.0,360.0,1.0,Urban,Y
LP100595,Male,No,0,Not Graduate,No,3833,0.0,110.0,360.0,1.0,Rural,Y
LP100596,Male,Yes,2,Not Graduate,Yes,6383,1000.0,187.0,360.0,1.0,Rural,N
LP100597,Male,No,,Graduate,No,2987,0.0,88.0,360.0,0.0,Semiurban,N
LP100598,Male,Yes,0,Graduate,Yes,9963,0.0,180.0,360.0,1.0,Rural,Y
LP100599,Male,Yes,2,Graduate,No,5780,0.0,192.0,360.0,1.0,Urban,Y
LP100600,Female,No,3+,Graduate,,416,41667.0,350.0,180.0,,Urban,N
LP100601,Male,Yes,0,Not Graduate,,2894,2792.0,155.0,360.0,1.0,Rural,Y
LP100602,Male,Yes,3+,Graduate,No,5703,0.0,128.0,360.0,1.0,Urban,Y
LP100603,Male,No,0,Graduate,No,3676,4301.0,172.0,360.0,1.0,Rural,Y
LP100604,Female,Yes,1,Graduate,No,12000,0.0,496.0,360.0,1.0,Semiurban,Y
LP100605,Male,Yes,0,Not Graduate,No,2400,3800.0,,180.0,1.0,Urban,N
LP100606,Male,Yes,1,Graduate,No,3400,2500.0,173.0,360.0,1.0,Semiurban,Y
LP100607,Male,Yes,2,Not Graduate,No,3987,1411.0,157.0,360.0,1.0,Rural,Y
LP100608,Male,Yes,0,Graduate,No,3232,1950.0,108.0,360.0,1.0,Rural,Y
LP100609,Female,No,0,Graduate,No,2900,0.0,71.0,360.0,1.0,Rural,Y
LP100610,Male,Yes,3+,Graduate,No,4106,0.0,40.0,180.0,1.0,Rural,Y
LP100611,Male,Yes,1,Graduate,No,8072,240.0,253.0,360.0,1.0,Urban,Y
LP100612,Male,Yes,2,Graduate,No,7583,0.0,187.0,360.0,1.0,Urban,Y
LP100613,Female,No,0,Graduate,Yes,4583,0.0,133.0,360.0,0.0,Semiurban,N
LP100614,Male,Yes,2,Graduate,No,6800,1497.0,110.0,360.0,1.0,Rural,Y
LP100615,Female,Yes,,Graduate,Yes,6038,4042.0,118.0,300.0,1.0,Semiurban,Y
LP100616,Female,Yes,0,Not Graduate,Yes,1654,1334.0,66.0,360.0,1.0,Urban,Y
LP100617,Male,Yes,2,Graduate,No,4063,1385.0,77.0,360.0,0.0,Semiurban,N
LP100618,Male,Yes,1,Graduate,No,9880,1430.0,128.0,84.0,1.0,Semiurban,Y
LP100619,Male,No,2,Not Graduate,No,2585,0.0,306.0,360.0,1.0,Semiurban,Y
LP100620,Male,Yes,3+,Not Graduate,No,3529,7034.0,179.0,180.0,0.0,Urban,N
LP100621,Female,Yes,0,Graduate,No,25761,1334.0,50.0,360.0,1.0,Semiurban,Y
LP100622,Male,No,2,Not Graduate,No,5976,0.0,177.0,360.0,1.0,Urban,Y
LP100623,Female,No,0,Graduate,No,4209,0.0,137.0,360.0,1.0,Urban,Y
LP100624,Male,No,1,Graduate,No,3691,0.0,91.0,360.0,1.0,Rural,Y
LP100625,Female,No,0,Not Graduate,No,6147,0.0,103.0,360.0,1.0,Semiurban,Y
LP100626,Female,No,0,Not Graduate,No,7412,0.0,181.0,360.0,0.0,Semiurban,N
LP100627,Male,Yes,0,Not Graduate,No,1500,387.0,52.0,,1.0,Semiurban,Y
LP100628,Male,Yes,0,Graduate,Yes,1500,799.0,91.0,12.0,1.0,Urban,N
LP100629,Male,Yes,3+,Not Graduate,No,2700,1172.0,67.0,60.0,1.0,Semiurban,Y
LP100630,Male,Yes,2,Graduate,No,4481,1510.0,83.0,240.0,1.0,Urban,Y
LP100631,Male,Yes,3+,Graduate,No,5142,1933.0,163.0,360.0,1.0,Rural,Y
LP100632,Male,Yes,1,Not Graduate,Yes,1768,5502.0,138.0,360.0,1.0,Semiurban,Y
LP100633,Male,Yes,0,Graduate,No,4346,2993.0,200.0,180.0,1.0,Urban,Y
LP100634,Male,Yes,0,Not Graduate,Yes,4707,2069.0,34.0,84.0,1.0,Urban,Y
LP100635,Male,Yes,0,Graduate,No,2951,1381.0,114.0,300.0,0.0,Semiurban,N
LP100636,Male,No,0,Graduate,No,3566,0.0,125.0,360.0,1.0,Semiurban,Y
LP100637,Male,Yes,2,Not Graduate,No,3178,729.0,50.0,60.0,1.0,Semiurban,Y
LP100638,Male,No,1,Not Graduate,Yes,6493,0.0,88.0,300.0,1.0,Urban,Y
LP100639,Female,Yes,1,Graduate,No,4935,651.0,132.0,60.0,0.0,Rural,N
LP100640,Male,No,0,Graduate,No,2476,0.0,162.0,180.0,1.0,Urban,Y
LP100641,Male,No,0,Not Graduate,No,8716,0.0,165.0,360.0,0.0,Semiurban,N
LP100642,Male,No,0,Graduate,,2163,0.0,41.0,84.0,,Urban,Y
LP100643,Male,No,0,Graduate,No,1758,0.0,92.0,60.0,1.0,Urban,Y
LP100644,Male,Yes,2,Graduate,No,4242,218.0,53.0,60.0,1.0,Semiurban,Y
LP100645,Male,No,0,Graduate,No,4229,0.0,133.0,360.0,1.0,Urban,Y
LP100646,Male,No,2,Not Graduate,Yes,5134,0.0,103.0,12.0,0.0,Rural,N
LP100647,,No,1,Graduate,No,2419,0.0,92.0,240.0,1.0,Semiurban,Y
LP100648,Female,No,0,Not Graduate,No,8398,0.0,,360.0,1.0,Rural,Y
LP100649,Female,Yes,2,Graduate,No,13750,2859.0,71.0,60.0,1.0,Semiurban,Y
LP100650,Male,No,1,Not Graduate,No,4851,0.0,132.0,360.0,1.0,Urban,Y
LP100651,Male,Yes,0,Graduate,No,5940,2816.0,178.0,84.0,0.0,Semiurban,Y
LP100652,Female,Yes,3+,Graduate,No,1500,2206.0,166.0,84.0,1.0,Urban,Y
LP100653,Male,Yes,0,Graduate,No,3786,12666.0,190.0,360.0,1.0,Semiurban,Y
LP100654,Male,No,0,Graduate,No,3236,0.0,166.0,180.0,1.0,Semiurban,N
LP100655,Male,Yes,2,Graduate,No,2936,10515.0,110.0,12.0,0.0,Semiurban,N
LP100656,Male,Yes,2,Graduate,No,3312,7284.0,135.0,360.0,0.0,Urban,N
LP100657,Female,Yes,0,Graduate,No,3517,1605.0,90.0,240.0,1.0,Semiurban,Y
LP100658,Male,No,0,Graduate,Yes,2052,0.0,86.0,360.0,1.0,Semiurban,Y
LP100659,Female,Yes,3+,Graduate,,3668,1067.0,60.0,180.0,1.0,Semiurban,Y
LP100660,Male,Yes,0,Graduate,No,2630,1435.0,215.0,360.0,1.0,Urban,Y
LP100661,Male,Yes,0,Not Graduate,No,7887,4708.0,260.0,240.0,1.0,Semiurban,Y
LP100662,Male,No,1,Graduate,No,5992,0.0,94.0,,1.0,Semiurban,Y
LP100663,Male,No,3+,Not Graduate,No,5997,0.0,128.0,480.0,1.0,Semiurban,Y
LP100664,Female,No,,Graduate,No,8831,0.0,350.0,300.0,1.0,Semiurban,Y
LP100665,Female,Yes,2,Not Graduate,Yes,2993,4635.0,263.0,360.0,1.0,Semiurban,Y
LP100666,Female,No,1,Graduate,No,5778,0.0,229.0,180.0,,Urban,N
LP100667,Female,Yes,1,Not Graduate,Yes,9340,3225.0,157.0,240.0,1.0,Rural,Y
LP100668,Male,Yes,2,Graduate,No,2870,2463.0,92.0,300.0,1.0,Semiurban,Y
LP100669,Female,Yes,3+,Not Graduate,No,1500,2839.0,98.0,360.0,1.0,Semiurban,Y
LP100670,Male,Yes,0,Not Graduate,No,3247,1039.0,154.0,240.0,1.0,Semiurban,Y
LP100671,Male,No,0,Graduate,Yes,8724,0.0,174.0,180.0,0.0,Urban,N
LP100672,Male,Yes,3+,Graduate,No,2774,673.0,75.0,120.0,1.0,Semiurban,Y
LP100673,Male,Yes,2,Not Graduate,No,3717,3331.0,283.0,360.0,1.0,Semiurban,Y
LP100674,Male,Yes,1,Graduate,No,3078,5292.0,312.0,180.0,1.0,Urban,Y
LP100675,Male,Yes,1,Graduate,No,4384,2266.0,216.0,240.0,1.0,Urban,Y
LP100676,Female,Yes,2,Not Graduate,Yes,2619,211.0,331.0,36.0,,Semiurban,Y
LP100677,Male,Yes,2,Graduate,No,2018,5352.0,196.0,180.0,1.0,Urban,Y
LP100678,Male,Yes,3+,Not Graduate,No,3772,1988.0,158.0,300.0,0.0,Rural,N
LP100679,Male,No,1,Graduate,No,4178,0.0,138.0,360.0,,Urban,Y
LP100680,Male,No,0,Graduate,No,9603,0.0,111.0,240.0,1.0,Rural,Y
LP100681,Female,No,2,Graduate,No,5114,0.0,133.0,180.0,1.0,Rural,Y
LP100682,Male,Yes,1,Graduate,No,2433,1807.0,71.0,300.0,1.0,Semiurban,Y
LP100683,Female,No,1,Not Graduate,No,3168,0.0,127.0,36.0,1.0,Rural,N
LP100684,Female,No,1,Graduate,No,7540,0.0,66.0,240.0,1.0,Rural,Y
LP100685,Male,No,0,Graduate,No,3811,0.0,83.0,84.0,1.0,Urban,Y
LP100686,Male,Yes,1,Graduate,No,2550,4674.0,280.0,180.0,1.0,Rural,Y
LP100687,Female,Yes,2,Not Graduate,No,5163,3864.0,272.0,240.0,1.0,Urban,Y
LP100688,Female,No,2,Graduate,No,3059,0.0,81.0,60.0,1.0,Urban,Y
LP100689,Female,Yes,1,Graduate,No,6547,3844.0,226.0,360.0,1.0,Semiurban,Y
LP100690,Female,Yes,0,Graduate,No,6110,1232.0,94.0,180.0,0.0,Urban,Y
LP100691,Male,Yes,1,Graduate,No,2469,8690.0,90.0,180.0,,Urban,Y
LP100692,Male,Yes,2,Graduate,Yes,14342,2226.0,309.0,240.0,1.0,Rural,Y
LP100693,Male,No,1,Graduate,No,4565,0.0,69.0,240.0,1.0,Rural,Y
LP100694,Female,Yes,2,Not Graduate,No,1500,2821.0,45.0,360.0,1.0,Rural,Y
LP100695,Male,Yes,1,Not Graduate,No,6175,2556.0,90.0,180.0,1.0,Semiurban,Y
LP100696,Male,No,0,Not Graduate,No,1500,0.0,93.0,300.0,1.0,Rural,Y
LP100697,Male,Yes,2,Graduate,No,9171,4750.0,107.0,300.0,1.0,Urban,Y
LP100698,Male,Yes,0,Graduate,No,5085,3807.0,47.0,180.0,1.0,Rural,Y
LP100699,Male,Yes,1,Graduate,No,4502,1387.0,165.0,360.0,1.0,Urban,Y
LP100700,Female,No,0,Not Graduate,No,4671,0.0,418.0,360.0,1.0,Rural,N
LP100701,Male,Yes,0,Graduate,Yes,6641,1022.0,,360.0,1.0,Semiurban,Y
LP100702,Female,No,1,Not Graduate,No,3501,0.0,117.0,60.0,1.0,Rural,N
LP100703,Male,Yes,1,Graduate,No,4642,2184.0,200.0,360.0,1.0,Rural,Y
LP100704,Male,Yes,2,Not Graduate,No,5014,2275.0,140.0,180.0,1.0,Rural,Y
LP100705,Female,Yes,2,Not Graduate,No,1500,1355.0,138.0,84.0,1.0,Semiurban,Y
LP100706,Female,Yes,2,Graduate,No,6671,5803.0,127.0,360.0,0.0,Rural,Y
LP100707,Male,No,1,Not Graduate,No,7382,0.0,153.0,120.0,1.0,Semiurban,Y
LP100708,Female,No,2,Not Graduate,Yes,6126,0.0,104.0,240.0,1.0,Urban,Y
LP100709,Male,Yes,1,Not Graduate,No,5872,3966.0,50.0,360.0,1.0,Semiurban,Y
LP100710,Male,Yes,1,Not Graduate,No,12171,1402.0,407.0,84.0,1.0,Urban,Y
LP100711,Male,No,1,Graduate,Yes,4548,0.0,184.0,84.0,1.0,Rural,Y
LP100712,Male,Yes,3+,Not Graduate,No,4643,2455.0,88.0,360.0,0.0,Urban,N
LP100713,Male,Yes,0,Not Graduate,No,3158,4708.0,165.0,300.0,1.0,Rural,Y
LP100714,Male,No,3+,Graduate,No,1500,0.0,68.0,180.0,1.0,Semiurban,Y
LP100715,Male,Yes,0,Graduate,No,6147,3058.0,168.0,300.0,1.0,Urban,Y
LP100716,Male,No,0,Graduate,,3369,0.0,209.0,360.0,0.0,Rural,N
LP100717,Male,Yes,0,Graduate,No,1500,3148.0,249.0,240.0,1.0,Urban,Y
LP100718,Female,No,2,Not Graduate,,4464,0.0,188.0,120.0,1.0,Semiurban,Y
LP100719,Male,Yes,0,Graduate,No,4390,2339.0,119.0,360.0,1.0,Semiurban,Y
LP100720,Male,Yes,3+,Graduate,No,4067,890.0,248.0,84.0,1.0,Urban,Y
LP100721,Female,Yes,2,Graduate,No,5066,2918.0,96.0,360.0,0.0,Semiurban,Y
LP100722,Male,Yes,2,Graduate,No,1830,2633.0,160.0,180.0,1.0,Semiurban,Y
LP100723,Male,Yes,1,Graduate,No,8470,12608.0,86.0,12.0,1.0,Rural,Y
LP100724,Male,Yes,3+,Graduate,No,6057,1939.0,154.0,300.0,1.0,Urban,Y
LP100725,Male,Yes,2,Graduate,Yes,9844,7018.0,329.0,180.0,1.0,Urban,Y
LP100726,Female,No,1,Not Graduate,No,3348,0.0,213.0,180.0,1.0,Semiurban,Y
LP100727,Female,Yes,2,Graduate,No,6045,1881.0,233.0,300.0,0.0,Semiurban,Y
LP100728,Male,Yes,1,Graduate,Yes,1522,4864.0,261.0,240.0,0.0,Semiurban,N
LP100729,Female,Yes,1,Graduate,No,2832,966.0,128.0,180.0,1.0,Urban,Y
LP100730,Female,Yes,0,Graduate,No,2050,1550.0,79.0,360.0,1.0,Semiurban,Y
LP100731,Male,Yes,1,Graduate,No,5458,1177.0,,60.0,0.0,Rural,N
LP100732,Female,Yes,0,Graduate,Yes,2407,1593.0,70.0,240.0,1.0,Urban,Y
LP100733,Male,No,1,Graduate,No,3592,0.0,144.0,180.0,1.0,Urban,Y
LP100734,Female,Yes,2,Graduate,No,4659,7627.0,39.0,180.0,1.0,Semiurban,Y
LP100735,Female,Yes,3+,Graduate,Yes,3657,1417.0,149.0,300.0,1.0,Urban,N
LP100736,Male,No,3+,Not Graduate,No,2120,0.0,180.0,360.0,0.0,Semiurban,N
LP100737,Male,No,1,Graduate,No,12539,0.0,52.0,360.0,1.0,Urban,Y
LP100738,Male,Yes,2,Not Graduate,No,5005,1454.0,227.0,120.0,1.0,Urban,Y
LP100739,Male,No,0,Not Graduate,Yes,12607,0.0,104.0,300.0,1.0,Semiurban,Y
LP100740,Female,Yes,2,Not Graduate,Yes,2514,870.0,50.0,120.0,1.0,Urban,Y
LP100741,Female,No,0,Graduate,No,3727,0.0,48.0,360.0,1.0,Rural,Y
LP100742,Male,Yes,0,Not Graduate,No,4920,1236.0,129.0,240.0,1.0,Rural,Y
LP100743,Male,No,2,Graduate,No,11713,0.0,141.0,360.0,1.0,Semiurban,Y
LP100744,Male,No,0,Graduate,No,12554,0.0,133.0,360.0,1.0,Semiurban,Y
LP100745,Male,Yes,0,Graduate,No,3599,2614.0,250.0,360.0,1.0,Urban,Y
LP100746,Male,Yes,2,Not Graduate,No,3014,3646.0,139.0,120.0,1.0,Semiurban,Y
LP100747,Male,Yes,0,Graduate,No,4655,711.0,94.0,360.0,0.0,Semiurban,N
LP100748,Female,Yes,0,Not Graduate,No,9597,894.0,110.0,120.0,1.0,Urban,Y
LP100749,Male,Yes,0,Graduate,No,5067,2147.0,256.0,480.0,1.0,Urban,Y
LP100750,Male,Yes,0,Not Graduate,No,5653,1586.0,68.0,180.0,1.0,Urban,Y
LP100751,Female,Yes,0,Not Graduate,No,9544,1348.0,147.0,360.0,0.0,Urban,N
LP100752,Male,Yes,2,Not Graduate,Yes,8663,3781.0,151.0,300.0,1.0,Semiurban,Y
LP100753,Female,Yes,0,Graduate,No,8866,2096.0,248.0,300.0,1.0,Rural,Y
LP100754,Female,Yes,2,Not Graduate,No,7138,493.0,143.0,240.0,0.0,Semiurban,N
LP100755,Male,Yes,0,Not Graduate,No,11061,953.0,75.0,240.0,0.0,Semiurban,Y
LP100756,Male,No,1,Graduate,No,2370,0.0,150.0,180.0,1.0,Semiurban,Y
LP100757,Male,Yes,2,Graduate,Yes,18949,1566.0,206.0,360.0,0.0,Semiurban,Y
LP100758,Male,Yes,2,Not Graduate,Yes,9285,624.0,146.0,480.0,1.0,Semiurban,Y
LP100759,Male,No,2,Graduate,No,4464,0.0,259.0,360.0,1.0,Urban,Y
LP100760,Male,No,3+,Not Graduate,No,9564,0.0,61.0,360.0,1.0,Urban,Y
LP100761,Male,Yes,0,Graduate,No,3989,8844.0,122.0,360.0,1.0,Semiurban,Y
LP100762,Male,No,1,Graduate,No,6534,0.0,134.0,300.0,1.0,Semiurban,Y
LP100763,Male,Yes,3+,Graduate,No,7010,1404.0,213.0,360.0,1.0,Urban,Y
LP100764,Female,No,0,Graduate,No,8244,0.0,230.0,240.0,1.0,Urban,Y
LP100765,Male,Yes,0,Graduate,Yes,3730,1988.0,136.0,180.0,1.0,Urban,Y
LP100766,Male,Yes,0,Not Graduate,No,8350,2971.0,108.0,240.0,1.0,Semiurban,Y
LP100767,Male,Yes,2,Graduate,No,3770,1735.0,150.0,300.0,1.0,Urban,Y
LP100768,Female,No,0,Not Graduate,No,7620,0.0,67.0,12.0,1.0,Urban,Y
LP100769,Male,Yes,0,Not Graduate,No,4862,2155.0,100.0,360.0,1.0,Urban,Y
LP100770,Female,Yes,,Graduate,No,1645,2137.0,189.0,180.0,1.0,Urban,Y
LP100771,Female,Yes,2,Graduate,No,3158,1882.0,166.0,360.0,1.0,Rural,Y
LP100772,Male,No,0,Graduate,No,8175,0.0,90.0,60.0,0.0,Urban,N
LP100773,Female,No,0,Graduate,No,4096,0.0,84.0,240.0,1.0,Urban,Y
LP100774,Male,Yes,2,Graduate,No,10179,1539.0,83.0,60.0,1.0,Semiurban,Y
LP100775,Male,Yes,3+,Graduate,No,2373,625.0,86.0,12.0,0.0,Urban,N
LP100776,Male,Yes,2,Not Graduate,No,7462,1486.0,146.0,360.0,1.0,Semiurban,Y
LP100777,Male,Yes,2,Graduate,No,4776,1085.0,276.0,240.0,1.0,Urban,Y
LP100778,Male,No,1,Graduate,No,4238,0.0,296.0,360.0,1.0,Rural,Y
LP100779,Female,Yes,0,Not Graduate,No,2423,561.0,77.0,240.0,1.0,Rural,Y
LP100780,Male,Yes,1,Not Graduate,No,5574,1236.0,163.0,360.0,0.0,Semiurban,N
LP100781,Male,Yes,2,Not Graduate,No,2682,1188.0,159.0,84.0,1.0,Semiurban,Y
LP100782,Male,Yes,1,Not Graduate,No,3355,3092.0,,,1.0,Semiurban,Y
LP100783,Male,Yes,2,Graduate,,4516,651.0,74.0,300.0,1.0,Rural,Y
LP100784,Female,Yes,3+,Not Graduate,Yes,3946,1813.0,86.0,300.0,0.0,Semiurban,N
LP100785,Male,Yes,0,Not Graduate,No,9105,1925.0,165.0,120.0,1.0,Urban,Y
LP100786,Male,Yes,,Graduate,Yes,1500,3785.0,106.0,360.0,0.0,Urban,N
LP100787,Male,Yes,0,Graduate,No,4415,912.0,141.0,180.0,1.0,Urban,Y
LP100788,Male,Yes,1,Graduate,No,3953,635.0,73.0,240.0,1.0,Semiurban,Y
LP100789,Male,Yes,0,Graduate,No,4889,2643.0,100.0,240.0,0.0,Urban,N
LP100790,Female,No,3+,Graduate,Yes,3545,0.0,60.0,480.0,1.0,Semiurban,N
LP100791,Male,Yes,0,Graduate,No,9084,1190.0,157.0,240.0,1.0,Semiurban,Y
LP100792,Female,Yes,0,Graduate,No,4210,1493.0,108.0,180.0,1.0,Rural,Y
LP100793,Male,No,0,Graduate,No,5322,0.0,157.0,360.0,1.0,Semiurban,Y
LP100794,Male,No,3+,Graduate,No,8394,0.0,107.0,120.0,0.0,Semiurban,N
LP100795,Male,Yes,2,Not Graduate,No,5070,1426.0,154.0,360.0,,Semiurban,Y
LP100796,Female,Yes,3+,Graduate,Yes,2294,1846.0,396.0,300.0,1.0,Rural,N
LP100797,Female,Yes,3+,Graduate,No,3804,907.0,98.0,180.0,0.0,Urban,N
LP100798,Male,Yes,1,Graduate,No,4562,1358.0,180.0,180.0,1.0,Urban,Y
LP100799,Female,Yes,0,Graduate,No,1829,3682.0,90.0,360.0,1.0,Semiurban,Y
LP100800,Female,No,0,Graduate,No,3206,0.0,124.0,36.0,1.0,Semiurban,Y
LP100801,Male,No,0,Graduate,No,4717,0.0,178.0,360.0,1.0,Semiurban,Y
LP100802,Male,Yes,2,Not Graduate,No,16437,3671.0,159.0,180.0,1.0,Urban,Y
LP100803,Male,Yes,0,Graduate,No,6140,1518.0,203.0,360.0,1.0,Urban,Y
LP100804,Male,Yes,0,Graduate,No,5402,5274.0,238.0,84.0,1.0,Urban,Y
LP100805,Female,Yes,2,Graduate,Yes,13553,487.0,200.0,180.0,0.0,Rural,N
LP100806,Female,Yes,2,Graduate,No,6993,1452.0,233.0,240.0,1.0,Urban,Y
LP100807,Male,No,2,Not Graduate,No,7610,0.0,152.0,360.0,1.0,Semiurban,Y
LP100808,Male,Yes,1,Graduate,No,3850,1016.0,86.0,180.0,1.0,Rural,Y
LP100809,Male,No,2,Not Graduate,No,2300,0.0,217.0,360.0,1.0,Urban,N
LP100810,Female,No,1,Graduate,Yes,5750,0.0,106.0,84.0,1.0,Urban,Y
LP100811,Female,No,0,Not Graduate,No,14666,0.0,203.0,120.0,1.0,Urban,Y
LP100812,Female,Yes,2,Not Graduate,No,12183,2659.0,63.0,120.0,1.0,Semiurban,Y
LP100813,Female,Yes,3+,Not Graduate,Yes,7293,3285.0,108.0,360.0,1.0,Urban,Y
LP100814,Male,Yes,0,Not Graduate,No,3255,1922.0,88.0,240.0,1.0,Urban,Y
LP100815,Male,Yes,1,Graduate,No,1938,1866.0,169.0,360.0,1.0,Urban,Y
LP100816,Male,Yes,1,Not Graduate,No,3000,796.0,94.0,300.0,1.0,Urban,Y
LP100817,Female,Yes,0,Graduate,No,5600,3244.0,133.0,360.0,1.0,Urban,Y
LP100818,Male,Yes,3+,Not Graduate,No,3704,662.0,123.0,180.0,1.0,Urban,N
LP100819,Male,Yes,0,Graduate,Yes,8966,2472.0,248.0,360.0,0.0,Urban,Y
LP100820,Male,No,2,Not Graduate,Yes,2011,0.0,178.0,360.0,1.0,Semiurban,N
LP100821,Female,Yes,2,Not Graduate,,4549,1318.0,159.0,300.0,,Urban,Y
LP100822,Male,Yes,1,Graduate,No,3102,1539.0,135.0,360.0,1.0,Semiurban,Y
LP100823,Male,Yes,0,Not Graduate,No,8908,2696.0,84.0,360.0,1.0,Semiurban,Y
LP100824,Male,No,0,Not Graduate,No,6806,0.0,79.0,240.0,0.0,Rural,N
LP100825,Female,Yes,0,Graduate,No,2985,1976.0,158.0,180.0,0.0,Urban,N
LP100826,Female,Yes,0,Graduate,No,8205,1016.0,57.0,180.0,1.0,Urban,Y
LP100827,Male,Yes,0,Graduate,No,1856,571.0,131.0,480.0,1.0,Rural,N
LP100828,,No,2,Graduate,No,1682,0.0,143.0,240.0,,Rural,Y
LP100829,Male,No,1,Graduate,No,2889,0.0,57.0,360.0,1.0,Urban,Y
LP100830,Male,Yes,2,Graduate,No,1500,1502.0,129.0,84.0,1.0,Urban,Y
LP100831,Female,Yes,1,Graduate,No,4593,1894.0,134.0,240.0,1.0,Rural,Y
LP100832,Male,Yes,2,Graduate,No,4682,3338.0,467.0,360.0,1.0,Urban,Y
LP100833,Female,Yes,3+,Graduate,No,3853,1302.0,135.0,360.0,,Rural,N
LP100834,Female,No,0,Not Graduate,Yes,6790,0.0,227.0,360.0,0.0,Rural,N
LP100835,Male,No,3+,Graduate,No,3184,0.0,175.0,12.0,1.0,Urban,Y
LP100836,Male,No,2,Not Graduate,No,2256,0.0,156.0,360.0,0.0,Rural,N
LP100837,Male,Yes,2,Graduate,No,3046,1372.0,220.0,360.0,1.0,Semiurban,Y
LP100838,Male,Yes,2,Graduate,No,2363,4271.0,56.0,120.0,1.0,Rural,Y
LP100839,Male,Yes,1,Graduate,Yes,3404,1203.0,127.0,360.0,1.0,Semiurban,Y
LP100840,Female,No,0,Not Graduate,No,7027,0.0,158.0,360.0,1.0,Urban,Y
LP100841,Male,No,0,Not Graduate,,1713,0.0,75.0,12.0,1.0,Semiurban,N
LP100842,Female,Yes,1,Not Graduate,No,4008,2453.0,130.0,480.0,1.0,Urban,Y
LP100843,Male,Yes,3+,Graduate,Yes,8730,8768.0,142.0,180.0,1.0,Rural,Y
LP100844,Female,Yes,2,Not Graduate,No,9349,1908.0,121.0,360.0,1.0,Semiurban,Y
LP100845,Male,Yes,0,Graduate,Yes,3264,1594.0,78.0,180.0,1.0,Urban,Y
LP100846,Male,No,2,Not Graduate,Yes,18544,0.0,85.0,360.0,1.0,Urban,Y
LP100847,Male,Yes,2,Graduate,No,2615,8900.0,110.0,300.0,1.0,Rural,Y
LP100848,Male,No,0,Graduate,No,4285,0.0,169.0,180.0,1.0,Urban,Y
LP100849,Female,Yes,0,Graduate,No,2435,562.0,142.0,300.0,0.0,Rural,N
LP100850,Male,No,0,Not Graduate,No,6373,0.0,151.0,240.0,,Urban,Y
LP100851,Male,Yes,3+,Graduate,No,26389,2692.0,116.0,180.0,1.0,Semiurban,Y
LP100852,Male,No,2,Graduate,No,14857,0.0,81.0,360.0,1.0,Rural,Y
LP100853,Male,Yes,0,Graduate,No,8166,2737.0,111.0,360.0,,Urban,Y
LP100854,Female,Yes,0,Not Graduate,No,3413,839.0,81.0,120.0,,Urban,Y
LP100855,Female,Yes,2,Graduate,,4443,2116.0,21.0,360.0,1.0,Rural,Y
LP100856,Female,Yes,3+,Not Graduate,Yes,9601,1412.0,133.0,12.0,1.0,Semiurban,Y
LP100857,Male,Yes,2,Not Graduate,No,7705,1355.0,114.0,,1.0,Semiurban,Y
LP100858,Male,Yes,2,Not Graduate,No,5165,3893.0,282.0,240.0,,Rural,Y
LP100859,Female,No,0,Not Graduate,,5351,0.0,203.0,60.0,1.0,Semiurban,Y
LP100860,Male,Yes,1,Not Graduate,No,9259,1958.0,178.0,84.0,1.0,Rural,Y
LP100861,Female,No,0,Graduate,No,10743,0.0,73.0,360.0,1.0,Semiurban,Y
LP100862,Female,No,2,Graduate,No,1997,0.0,247.0,240.0,1.0,Semiurban,Y
LP100863,Female,Yes,1,Graduate,No,5631,4986.0,146.0,240.0,1.0,Urban,Y
LP100864,Male,No,2,Graduate,No,6952,0.0,108.0,360.0,1.0,Rural,Y
LP100865,Male,Yes,1,Graduate,No,3571,1335.0,83.0,360.0,1.0,Rural,Y
LP100866,Female,Yes,2,Not Graduate,No,10587,8291.0,90.0,360.0,1.0,Urban,Y
LP100867,Male,Yes,0,Graduate,No,4133,229.0,115.0,300.0,1.0,Semiurban,Y
LP100868,Male,No,1,Not Graduate,No,10765,0.0,72.0,360.0,1.0,Urban,Y
LP100869,Male,Yes,2,Graduate,Yes,3940,1611.0,137.0,360.0,1.0,Semiurban,Y
LP100870,Female,Yes,0,Graduate,No,5742,2853.0,121.0,84.0,0.0,Rural,N
LP100871,Female,Yes,3+,Graduate,No,5666,1868.0,202.0,300.0,1.0,Urban,Y
LP100872,Male,No,1,Graduate,No,13327,0.0,122.0,360.0,1.0,Rural,Y
LP100873,Male,Yes,1,Not Graduate,No,7666,2528.0,45.0,360.0,1.0,Urban,Y
LP100874,Male,No,2,Graduate,No,3734,0.0,111.0,60.0,1.0,Semiurban,Y
LP100875,,No,3+,Graduate,No,4174,0.0,68.0,360.0,1.0,Semiurban,N
LP100876,Male,No,1,Not Graduate,No,4164,0.0,93.0,360.0,1.0,Urban,Y
LP100877,Male,No,3+,Graduate,No,4969,0.0,76.0,360.0,0.0,Semiurban,N
LP100878,Female,No,0,Graduate,No,2788,0.0,470.0,120.0,1.0,Rural,N
LP100879,Female,Yes,0,Graduate,Yes,4680,1058.0,109.0,300.0,1.0,Urban,Y
LP100880,Female,Yes,1,Graduate,No,11168,308.0,206.0,240.0,1.0,Urban,Y
LP100881,Female,Yes,1,Graduate,No,10874,2552.0,111.0,300.0,0.0,Semiurban,Y
LP100882,Male,Yes,,Not Graduate,No,1921,1870.0,117.0,360.0,1.0,Semiurban,Y
LP100883,Male,Yes,0,Graduate,Yes,1747,2027.0,100.0,120.0,0.0,Rural,N
LP100884,Female,Yes,1,Graduate,Yes,3443,749.0,88.0,120.0,1.0,Urban,Y
LP100885,Female,Yes,2,Graduate,No,1690,4694.0,89.0,240.0,,Rural,Y
LP100886,,No,1,Graduate,Yes,2302,0.0,168.0,360.0,0.0,Semiurban,N
LP100887,Female,Yes,3+,Not Graduate,No,6067,2313.0,129.0,360.0,,Urban,Y
LP100888,Male,No,2,Graduate,No,4804,0.0,298.0,360.0,0.0,Rural,N
LP100889,Male,Yes,0,Not Graduate,No,1750,2807.0,117.0,360.0,1.0,Urban,Y
LP100890,Female,Yes,0,Graduate,No,9917,996.0,113.0,360.0,1.0,Semiurban,Y
LP100891,,No,0,Not Graduate,No,3815,0.0,137.0,300.0,1.0,Rural,N
LP100892,Female,Yes,2,Graduate,No,3601,3577.0,193.0,300.0,1.0,Semiurban,Y
LP100893,Female,Yes,0,Graduate,Yes,9044,2813.0,143.0,360.0,1.0,Semiurban,Y
LP100894,Female,Yes,0,Graduate,Yes,6288,2363.0,301.0,360.0,1.0,Semiurban,Y
LP100895,Male,Yes,3+,Graduate,No,4791,4449.0,630.0,360.0,1.0,Urban,Y
LP100896,Male,No,2,Graduate,No,3652,0.0,219.0,300.0,1.0,Semiurban,Y
LP100897,Male,No,0,Graduate,Yes,6917,0.0,168.0,300.0,1.0,Rural,Y
LP100898,Male,Yes,0,Not Graduate,No,3790,2736.0,40.0,360.0,1.0,Semiurban,Y
LP100899,Male,Yes,3+,Graduate,No,4285,2592.0,308.0,300.0,0.0,Rural,N
LP100900,Male,Yes,3+,Graduate,No,2426,2645.0,280.0,180.0,0.0,Semiurban,N
LP100901,Male,Yes,0,Not Graduate,No,9755,892.0,337.0,360.0,0.0,Semiurban,N
LP100902,Male,Yes,1,Graduate,No,12475,826.0,216.0,300.0,0.0,Semiurban,Y
LP100903,Male,Yes,2,Not Graduate,No,5581,3656.0,75.0,480.0,1.0,Urban,Y
LP100904,Male,Yes,2,Graduate,No,3671,1605.0,75.0,300.0,1.0,Rural,Y
LP100905,Male,Yes,2,Graduate,No,8615,382.0,69.0,240.0,1.0,Rural,Y
LP100906,Female,Yes,1,Graduate,No,6996,603.0,140.0,120.0,1.0,Rural,Y
LP100907,Male,No,3+,Not Graduate,No,3765,0.0,88.0,240.0,,Semiurban,N
LP100908,Male,Yes,0,Not Graduate,No,9805,4246.0,224.0,180.0,1.0,Rural,Y
LP100909,Male,No,0,Not Graduate,Yes,3809,0.0,95.0,360.0,1.0,Semiurban,Y
LP100910,Female,No,2,Graduate,No,2271,0.0,110.0,360.0,0.0,Semiurban,N
LP100911,Male,Yes,1,Not Graduate,No,4724,1362.0,157.0,360.0,1.0,Rural,N
LP100912,Male,Yes,3+,Graduate,No,9420,775.0,100.0,120.0,1.0,Semiurban,Y
LP100913,Male,No,0,Graduate,Yes,5227,0.0,77.0,60.0,0.0,Semiurban,N
LP100914,Male,No,2,Not Graduate,No,2431,0.0,45.0,240.0,1.0,Urban,Y
LP100915,Male,No,0,Graduate,,3858,0.0,234.0,360.0,1.0,Rural,Y
LP100916,Male,Yes,2,Graduate,No,10074,5550.0,77.0,84.0,1.0,Urban,Y
LP100917,Male,No,0,Graduate,No,5792,0.0,106.0,360.0,1.0,Urban,Y
LP100918,Female,Yes,2,Not Graduate,No,4859,913.0,107.0,60.0,1.0,Urban,Y
LP100919,Female,No,2,Graduate,No,4544,0.0,38.0,120.0,,Semiurban,Y
LP100920,Male,No,1,Graduate,No,9394,0.0,159.0,360.0,1.0,Urban,Y
LP100921,Male,Yes,0,Not Graduate,No,9034,2321.0,311.0,120.0,1.0,Semiurban,Y
LP100922,Female,No,1,Graduate,No,2120,0.0,238.0,36.0,1.0,Urban,Y
LP100923,Male,Yes,2,Graduate,No,8638,1028.0,107.0,120.0,1.0,Semiurban,Y
LP100924,Male,No,0,Graduate,No,6699,0.0,252.0,360.0,1.0,Urban,Y
LP100925,Male,Yes,0,Not Graduate,No,12781,508.0,47.0,300.0,1.0,Urban,Y
LP100926,Male,No,0,Graduate,No,4715,0.0,221.0,300.0,1.0,Rural,Y
LP100927,Female,Yes,3+,Graduate,No,9712,677.0,86.0,240.0,,Urban,Y
LP100928,Female,No,1,Graduate,No,6511,0.0,240.0,120.0,1.0,Urban,Y
LP100929,Female,Yes,0,Graduate,No,2519,2379.0,137.0,120.0,,Rural,Y
LP100930,Male,Yes,2,Graduate,No,9066,558.0,65.0,120.0,1.0,Urban,Y
LP100931,Male,Yes,2,Graduate,No,7987,785.0,155.0,360.0,0.0,Urban,Y
LP100932,Male,No,0,Graduate,No,3327,0.0,134.0,360.0,1.0,Urban,Y
LP100933,Male,Yes,3+,Not Graduate,No,5847,285.0,154.0,180.0,1.0,Urban,Y
LP100934,Male,Yes,2,Not Graduate,No,17407,749.0,82.0,120.0,,Urban,Y
LP100935,Female,Yes,1,Not Graduate,Yes,3678,935.0,66.0,180.0,,Rural,Y
LP100936,Female,No,1,Not Graduate,No,7598,0.0,194.0,360.0,1.0,Urban,Y
LP100937,Male,Yes,,Graduate,No,2548,1139.0,128.0,120.0,1.0,Urban,N
LP100938,Female,Yes,0,Graduate,No,3490,3064.0,189.0,360.0,1.0,Rural,Y
LP100939,Female,Yes,0,Not Graduate,No,7993,1238.0,187.0,84.0,1.0,Semiurban,Y
LP100940,Male,Yes,0,Graduate,No,5733,3280.0,205.0,360.0,1.0,Urban,Y
LP100941,Male,Yes,2,Not Graduate,No,4355,522.0,354.0,180.0,1.0,Semiurban,Y
LP100942,Male,Yes,1,Graduate,No,13650,1013.0,151.0,360.0,1.0,Urban,Y
LP100943,Male,No,2,Graduate,No,2826,0.0,73.0,36.0,1.0,Semiurban,Y
LP100944,Male,No,0,Graduate,Yes,4502,0.0,84.0,300.0,1.0,Semiurban,Y
LP100945,Female,Yes,2,Graduate,No,6601,2342.0,112.0,360.0,1.0,Rural,Y
LP100946,Male,Yes,2,Graduate,,2913,2109.0,152.0,360.0,1.0,Urban,Y
LP100947,Male,No,1,Graduate,No,6671,0.0,307.0,360.0,1.0,Semiurban,Y
LP100948,Male,Yes,2,Graduate,No,9365,1791.0,123.0,360.0,1.0,Urban,Y
LP100949,Male,No,0,Graduate,No,4588,0.0,367.0,84.0,1.0,Semiurban,Y
LP100950,Female,Yes,2,Graduate,No,3257,803.0,387.0,360.0,0.0,Urban,N
LP100951,Female,Yes,0,Not Graduate,No,4074,495.0,173.0,300.0,1.0,Semiurban,Y
LP100952,Male,Yes,1,Graduate,No,1500,739.0,195.0,84.0,1.0,Semiurban,Y
LP100953,Male,No,3+,Graduate,Yes,8988,0.0,101.0,120.0,,Rural,Y
LP100954,Male,Yes,3+,Graduate,No,5760,2163.0,368.0,360.0,1.0,Rural,Y
LP100955,Male,Yes,0,Not Graduate,No,4421,3832.0,91.0,300.0,1.0,Semiurban,Y
LP100956,Male,Yes,1,Graduate,No,1807,847.0,276.0,120.0,1.0,Urban,Y
LP100957,Male,No,0,Not Graduate,No,9560,0.0,72.0,360.0,1.0,Semiurban,Y
LP100958,Male,No,3+,Graduate,No,3779,0.0,197.0,300.0,1.0,Rural,Y
LP100959,Male,Yes,1,Graduate,,6899,1160.0,262.0,120.0,1.0,Urban,Y
LP100960,Male,Yes,1,Graduate,No,4881,1367.0,231.0,300.0,1.0,Semiurban,Y
LP100961,Male,No,0,Graduate,No,1865,0.0,101.0,360.0,1.0,Urban,Y
LP100962,Male,Yes,3+,Graduate,No,10520,281.0,114.0,360.0,1.0,Urban,Y
LP100963,Male,Yes,1,Not Graduate,Yes,9387,4399.0,337.0,240.0,1.0,Urban,Y
LP100964,Male,Yes,0,Graduate,No,7773,3702.0,99.0,12.0,1.0,Rural,Y
LP100965,Female,No,,Not Graduate,No,5936,0.0,101.0,180.0,1.0,Urban,Y
LP100966,Female,Yes,0,Not Graduate,No,2395,1678.0,331.0,120.0,1.0,Urban,Y
LP100967,Male,No,2,Not Graduate,No,8278,0.0,129.0,240.0,1.0,Rural,Y
LP100968,Male,Yes,3+,Graduate,,18453,634.0,129.0,360.0,0.0,Semiurban,Y
LP100969,Male,Yes,3+,Not Graduate,No,5269,1563.0,404.0,120.0,1.0,Semiurban,N
LP100970,Male,No,1,Graduate,No,5331,0.0,91.0,36.0,1.0,Urban,Y
LP100971,Male,Yes,2,Graduate,No,2537,2138.0,86.0,84.0,1.0,Semiurban,Y
LP100972,Female,Yes,1,Not Graduate,No,1500,1884.0,149.0,300.0,0.0,Urban,N
LP100973,Male,Yes,,Graduate,No,3962,7734.0,136.0,60.0,1.0,Semiurban,Y
LP100974,Male,No,3+,Not Graduate,No,11956,0.0,84.0,300.0,1.0,Semiurban,Y
LP100975,Male,No,0,Graduate,Yes,11006,0.0,217.0,180.0,1.0,Semiurban,Y
LP100976,Male,No,0,Graduate,No,4725,0.0,135.0,240.0,1.0,Semiurban,Y
LP100977,Male,No,3+,Graduate,No,6361,0.0,139.0,120.0,1.0,Rural,Y
LP100978,Female,Yes,0,Graduate,No,2366,1062.0,133.0,360.0,1.0,Semiurban,Y
LP100979,Male,Yes,2,Graduate,,5253,2335.0,71.0,240.0,0.0,Semiurban,Y
LP100980,Female,No,3+,Graduate,No,3587,0.0,82.0,84.0,1.0,Urban,Y
LP100981,Female,Yes,1,Not Graduate,No,5078,836.0,51.0,240.0,1.0,Rural,Y
LP100982,Male,Yes,0,Not Graduate,No,4168,1613.0,265.0,480.0,,Urban,Y
LP100983,Male,Yes,1,Not Graduate,Yes,4123,5523.0,134.0,360.0,1.0,Semiurban,Y
LP100984,Male,Yes,0,Not Graduate,No,8935,1556.0,243.0,360.0,,Urban,Y
LP100985,Male,No,1,Graduate,No,15968,0.0,102.0,360.0,1.0,Rural,Y
LP100986,Male,Yes,2,Not Graduate,No,4439,4432.0,267.0,300.0,1.0,Rural,Y
LP100987,Female,Yes,1,Graduate,No,11512,859.0,50.0,300.0,1.0,Urban,Y
LP100988,Male,No,1,Graduate,No,2333,0.0,240.0,360.0,1.0,Semiurban,Y
LP100989,Male,Yes,1,Not Graduate,No,4650,6613.0,128.0,360.0,1.0,Urban,Y
LP100990,Female,Yes,1,Graduate,Yes,2258,2873.0,58.0,360.0,1.0,Urban,Y
LP100991,Male,Yes,3+,Not Graduate,No,4074,625.0,24.0,360.0,1.0,Rural,Y
LP100992,Female,No,0,Graduate,No,7550,0.0,181.0,360.0,1.0,Urban,Y
LP100993,Male,No,2,Graduate,No,9615,0.0,243.0,180.0,1.0,Urban,Y
LP100994,Male,No,1,Graduate,No,3080,0.0,139.0,84.0,0.0,Semiurban,N
LP100995,Female,No,0,Graduate,No,6469,0.0,192.0,360.0,1.0,Rural,Y
LP100996,Male,Yes,0,Not Graduate,No,10280,4245.0,175.0,360.0,0.0,Urban,Y
LP100997,Female,No,1,Not Graduate,No,9439,0.0,138.0,480.0,0.0,Urban,N
LP100998,Female,No,2,Graduate,No,5740,0.0,238.0,36.0,1.0,Urban,Y
LP100999,Female,Yes,0,Graduate,No,3451,954.0,55.0,360.0,0.0,Urban,N
LP101000,Male,Yes,3+,Graduate,No,3250,1296.0,142.0,360.0,1.0,Urban,Y
LP101001,Male,No,1,Not Graduate,No,2964,0.0,202.0,240.0,,Rural,N
LP101002,Female,No,3+,Graduate,No,4822,0.0,102.0,300.0,0.0,Urban,N
LP101003,Female,No,0,Not Graduate,No,2999,0.0,156.0,300.0,1.0,Semiurban,Y
LP101004,Female,No,0,Not Graduate,Yes,7382,0.0,66.0,360.0,1.0,Rural,Y
LP101005,Male,Yes,0,Not Graduate,Yes,5636,2531.0,140.0,180.0,1.0,Semiurban,Y
LP101006,Male,Yes,0,Graduate,No,5485,6857.0,87.0,120.0,1.0,Urban,Y
LP101007,Female,Yes,3+,Not Graduate,No,1628,1349.0,98.0,360.0,0.0,Semiurban,N
LP101008,Male,Yes,0,Graduate,No,4997,2893.0,189.0,180.0,1.0,Rural,Y
LP101009,Female,No,1,Not Graduate,No,3731,0.0,46.0,60.0,1.0,Urban,Y
LP101010,Female,Yes,0,Not Graduate,No,18031,3906.0,69.0,360.0,1.0,Urban,Y
LP101011,Male,Yes,1,Graduate,No,2280,662.0,207.0,240.0,1.0,Urban,Y
LP101012,Female,Yes,2,Graduate,No,4344,1177.0,122.0,480.0,0.0,Semiurban,N
LP101013,Female,Yes,2,Not Graduate,No,6184,3072.0,86.0,180.0,0.0,Urban,N
LP101014,Male,Yes,2,Not Graduate,No,2741,2879.0,175.0,300.0,1.0,Semiurban,Y
LP101015,Female,Yes,0,Not Graduate,Yes,15630,2921.0,69.0,120.0,0.0,Semiurban,Y
LP101016,,Yes,3+,Graduate,No,15823,5582.0,67.0,300.0,1.0,Semiurban,Y
LP101017,Female,Yes,2,Graduate,No,2936,451.0,118.0,180.0,0.0,Semiurban,N
LP101018,Male,No,1,Not Graduate,No,3445,0.0,123.0,360.0,0.0,Urban,N
LP101019,Female,Yes,1,Graduate,No,17820,2832.0,86.0,36.0,,Semiurban,Y
LP101020,Male,Yes,3+,Graduate,No,11352,3465.0,114.0,360.0,1.0,Semiurban,Y
LP101021,Male,Yes,1,Graduate,No,3937,3053.0,298.0,300.0,1.0,Semiurban,Y
LP101022,Female,Yes,2,Graduate,No,6366,15787.0,131.0,240.0,1.0,Urban,Y
LP101023,Male,Yes,1,Graduate,No,2138,868.0,67.0,60.0,1.0,Semiurban,Y
LP101024,Male,No,0,Graduate,No,18362,0.0,136.0,60.0,1.0,Semiurban,Y
LP101025,,No,2,Graduate,No,5134,0.0,37.0,360.0,1.0,Semiurban,Y
LP101026,Female,Yes,2,Not Graduate,No,6983,2972.0,353.0,360.0,0.0,Urban,N
LP101027,Male,Yes,1,Not Graduate,No,2804,2442.0,65.0,300.0,0.0,Urban,N
LP101028,Male,No,2,Graduate,No,2485,0.0,151.0,12.0,0.0,Semiurban,N
LP101029,Male,No,0,Graduate,No,6442,0.0,148.0,360.0,0.0,Semiurban,N
LP101030,Male,No,2,Graduate,No,15518,0.0,84.0,360.0,1.0,Semiurban,Y
LP101031,Male,Yes,3+,Not Graduate,No,3553,2003.0,292.0,60.0,1.0,Semiurban,Y
LP101032,Female,Yes,3+,Not Graduate,No,2731,4478.0,461.0,180.0,0.0,Urban,N
LP101033,Female,Yes,0,Not Graduate,No,5902,13154.0,85.0,60.0,1.0,Urban,Y
LP101034,Female,Yes,1,Not Graduate,,13125,391.0,205.0,360.0,1.0,Semiurban,Y
LP101035,Female,Yes,2,Graduate,No,3350,5069.0,74.0,300.0,1.0,Semiurban,Y
LP101036,Male,Yes,1,Graduate,No,4230,3022.0,296.0,240.0,,Semiurban,Y
LP101037,Male,Yes,1,Graduate,,8121,998.0,286.0,360.0,1.0,Rural,Y
LP101038,Male,No,3+,Not Graduate,,8661,0.0,246.0,360.0,1.0,Semiurban,Y
LP101039,Male,No,1,Graduate,Yes,4143,0.0,49.0,360.0,1.0,Urban,Y
LP101040,Male,Yes,1,Not Graduate,Yes,9489,1882.0,96.0,360.0,0.0,Semiurban,N
LP101041,Female,No,0,Not Graduate,Yes,6749,0.0,97.0,360.0,1.0,Semiurban,Y
LP101042,Male,Yes,0,Not Graduate,No,4962,1043.0,93.0,12.0,1.0,Urban,Y
LP101043,Male,No,0,Graduate,No,8446,0.0,298.0,84.0,0.0,Rural,N
LP101044,Male,Yes,3+,Graduate,Yes,7775,835.0,45.0,360.0,1.0,Semiurban,Y
LP101045,Female,Yes,1,Not Graduate,No,2622,1202.0,169.0,84.0,1.0,Semiurban,Y
LP101046,Male,Yes,1,Graduate,No,11969,1631.0,209.0,360.0,1.0,Rural,Y
LP101047,Male,Yes,2,Graduate,Yes,6046,2400.0,88.0,120.0,1.0,Urban,Y
LP101048,Male,No,2,Not Graduate,No,11219,0.0,181.0,360.0,1.0,Urban,Y
LP101049,Female,Yes,2,Not Graduate,No,5069,3309.0,175.0,180.0,1.0,Urban,Y
LP101050,Male,Yes,0,Graduate,Yes,5702,874.0,,240.0,0.0,Urban,N
LP101051,Female,Yes,2,Not Graduate,Yes,6243,3344.0,257.0,360.0,1.0,Urban,Y
LP101052,Female,Yes,0,Graduate,No,6823,904.0,96.0,360.0,1.0,Rural,Y
LP101053,Male,Yes,0,Graduate,No,12294,9078.0,258.0,240.0,1.0,Rural,Y
LP101054,Male,No,0,Graduate,No,6501,0.0,145.0,360.0,1.0,Semiurban,Y
LP101055,Female,No,0,Not Graduate,No,4832,0.0,111.0,,1.0,Semiurban,Y
LP101056,Male,No,0,Graduate,No,9006,0.0,117.0,120.0,1.0,Urban,Y
LP101057,Male,No,2,Graduate,,6362,0.0,58.0,180.0,1.0,Semiurban,Y
LP101058,Female,Yes,0,Graduate,No,28949,663.0,108.0,300.0,1.0,Urban,Y
LP101059,Female,No,2,Not Graduate,No,5853,0.0,68.0,180.0,1.0,Urban,Y
LP101060,Female,Yes,0,Not Graduate,No,10327,1413.0,157.0,180.0,1.0,Urban,Y
LP101061,Female,No,0,Graduate,Yes,8343,0.0,230.0,240.0,1.0,Semiurban,Y
LP101062,Male,Yes,1,Graduate,No,1500,4045.0,176.0,360.0,0.0,Urban,N
LP101063,Male,No,3+,Graduate,No,3158,0.0,87.0,240.0,1.0,Urban,Y
LP101064,Female,No,3+,Graduate,No,3775,0.0,114.0,180.0,1.0,Semiurban,Y
LP101065,Male,No,3+,Not Graduate,No,1998,0.0,158.0,300.0,0.0,Semiurban,N
LP101066,Male,No,2,Graduate,Yes,3877,0.0,163.0,360.0,0.0,Urban,N
LP101067,Female,No,2,Not Graduate,Yes,2158,0.0,358.0,360.0,1.0,Urban,N
LP101068,Male,No,2,Graduate,No,2526,0.0,195.0,240.0,1.0,Rural,Y
LP101069,Male,Yes,2,Graduate,No,5681,707.0,146.0,480.0,1.0,Urban,Y
LP101070,Male,Yes,0,Graduate,,15547,3216.0,142.0,360.0,1.0,Semiurban,Y
LP101071,Male,Yes,1,Graduate,Yes,2170,2128.0,,84.0,1.0,Urban,Y
LP101072,Male,Yes,1,Not Graduate,No,2370,2014.0,134.0,360.0,0.0,Semiurban,N
LP101073,Male,Yes,1,Not Graduate,No,3570,4400.0,206.0,360.0,1.0,Semiurban,Y
LP101074,Male,Yes,,Graduate,No,4499,1370.0,87.0,300.0,1.0,Rural,Y
LP101075,Male,Yes,0,Graduate,No,1948,3162.0,171.0,360.0,1.0,Semiurban,Y
LP101076,Female,No,1,Graduate,No,3231,0.0,125.0,120.0,,Urban,N
LP101077,Male,No,0,Graduate,No,3056,0.0,376.0,84.0,1.0,Rural,N
LP101078,Female,Yes,3+,Not Graduate,No,5949,884.0,160.0,360.0,1.0,Semiurban,Y
LP101079,Male,Yes,0,Not Graduate,No,6344,1285.0,163.0,240.0,,Rural,Y
LP101080,Male,Yes,0,Graduate,No,4484,877.0,80.0,300.0,1.0,Semiurban,Y
LP101081,Female,Yes,3+,Graduate,No,3918,301.0,323.0,180.0,1.0,Semiurban,Y
LP101082,Male,No,1,Graduate,No,3210,0.0,182.0,300.0,1.0,Rural,Y
LP101083,Female,Yes,0,Not Graduate,No,5069,3006.0,304.0,84.0,1.0,Semiurban,Y
LP101084,Male,Yes,1,Graduate,No,2736,1821.0,120.0,84.0,0.0,Semiurban,N
LP101085,Female,No,0,Graduate,No,12435,0.0,134.0,300.0,1.0,Semiurban,Y
LP101086,Male,No,0,Graduate,No,2000,0.0,59.0,300.0,1.0,Semiurban,Y
LP101087,Female,Yes,0,Graduate,Yes,3315,3666.0,406.0,360.0,,Semiurban,Y
LP101088,Male,No,1,Graduate,No,8274,0.0,167.0,240.0,1.0,Rural,Y
LP101089,Female,Yes,2,Not Graduate,No,3869,1272.0,408.0,360.0,0.0,Semiurban,N
LP101090,Male,Yes,1,Not Graduate,,7355,1458.0,108.0,180.0,1.0,Semiurban,Y
LP101091,Male,Yes,2,Graduate,No,13770,934.0,178.0,180.0,1.0,Semiurban,Y
LP101092,Female,Yes,0,Graduate,No,8101,6127.0,243.0,360.0,1.0,Urban,Y
LP101093,Male,Yes,0,Not Graduate,No,2389,386.0,163.0,300.0,0.0,Urban,N
LP101094,Male,Yes,2,Not Graduate,Yes,2458,1650.0,109.0,240.0,1.0,Urban,Y
LP101095,Female,No,0,Graduate,No,4392,0.0,101.0,300.0,1.0,Semiurban,Y
LP101096,Male,No,3+,Not Graduate,No,6411,0.0,109.0,360.0,1.0,Rural,Y
LP101097,Male,Yes,,Not Graduate,No,10134,1334.0,666.0,360.0,1.0,Semiurban,Y
LP101098,Male,Yes,2,Graduate,No,3068,880.0,92.0,360.0,1.0,Rural,Y
LP101099,Female,No,0,Graduate,No,3674,0.0,40.0,360.0,1.0,Urban,Y
LP101100,Male,Yes,0,Not Graduate,Yes,4228,1191.0,137.0,360.0,1.0,Semiurban,Y
LP101101,Male,No,2,Not Graduate,No,4177,0.0,136.0,120.0,1.0,Urban,Y
LP101102,Female,Yes,2,Graduate,No,12056,4024.0,111.0,240.0,1.0,Urban,Y
LP101103,Female,Yes,0,Graduate,Yes,4617,2312.0,92.0,300.0,1.0,Rural,Y
LP101104,Male,Yes,3+,Graduate,No,5387,1364.0,113.0,36.0,1.0,Urban,Y
LP101105,Male,Yes,0,Not Graduate,No,8492,2345.0,60.0,360.0,1.0,Urban,Y
LP101106,Male,Yes,0,Graduate,Yes,12767,2581.0,390.0,480.0,1.0,Urban,Y
LP101107,Male,Yes,1,Graduate,Yes,4812,1731.0,155.0,360.0,,Rural,Y
LP101108,Male,Yes,2,Not Graduate,No,10462,2044.0,144.0,360.0,1.0,Semiurban,Y
LP101109,Male,Yes,3+,Graduate,,14715,320.0,252.0,360.0,1.0,Urban,Y
LP101110,Male,Yes,1,Not Graduate,No,4599,1661.0,682.0,360.0,1.0,Urban,Y
LP101111,Male,Yes,0,Graduate,No,3504,1083.0,105.0,180.0,1.0,Urban,Y
LP101112,Female,Yes,2,Graduate,No,18255,953.0,161.0,300.0,1.0,Urban,Y
LP101113,Female,Yes,0,Graduate,No,9630,1045.0,217.0,360.0,1.0,Rural,Y
LP101114,Female,Yes,1,Not Graduate,No,4951,1215.0,203.0,300.0,1.0,Rural,N
LP101115,Male,Yes,1,Not Graduate,No,7258,1425.0,231.0,360.0,1.0,Rural,Y
LP101116,Male,No,0,Graduate,No,2625,0.0,232.0,240.0,0.0,Rural,N
LP101117,Female,Yes,1,Not Graduate,No,9562,1005.0,104.0,240.0,1.0,Rural,Y
LP101118,Female,No,1,Not Graduate,No,1669,0.0,275.0,180.0,1.0,Rural,N
LP101119,Male,Yes,2,Graduate,No,9343,3257.0,125.0,360.0,1.0,Rural,Y
LP101120,Female,Yes,2,Graduate,No,3187,3230.0,158.0,240.0,1.0,Rural,Y
LP101121,Female,Yes,0,Graduate,No,1821,3820.0,194.0,300.0,1.0,Semiurban,Y
LP101122,Female,No,0,Graduate,No,1500,0.0,87.0,60.0,1.0,Urban,Y
LP101123,Female,Yes,0,Graduate,Yes,3693,1455.0,174.0,360.0,1.0,Semiurban,Y
LP101124,Male,Yes,0,Graduate,No,7530,2202.0,194.0,300.0,1.0,Semiurban,Y
LP101125,Male,Yes,2,Graduate,,2134,1286.0,43.0,360.0,1.0,Semiurban,Y
LP101126,Female,Yes,3+,Graduate,No,2341,715.0,311.0,180.0,1.0,Semiurban,Y
LP101127,Female,Yes,2,Graduate,No,3653,1209.0,82.0,360.0,1.0,Semiurban,Y
LP101128,Male,Yes,2,Graduate,No,7978,6685.0,,360.0,1.0,Urban,Y
LP101129,Male,Yes,1,Graduate,No,8600,997.0,336.0,240.0,1.0,Urban,Y
LP101130,Male,Yes,0,Graduate,No,5345,958.0,198.0,84.0,1.0,Rural,Y
LP101131,Female,Yes,3+,Not Graduate,No,8866,1167.0,250.0,300.0,0.0,Semiurban,N
LP101132,Female,No,3+,Graduate,,7424,0.0,261.0,360.0,1.0,Urban,Y
LP101133,Male,No,1,Graduate,No,3826,0.0,99.0,360.0,1.0,Rural,N
LP101134,Male,Yes,0,Graduate,No,8482,3181.0,72.0,360.0,0.0,Urban,N
LP101135,Male,No,2,Graduate,,2274,0.0,172.0,360.0,1.0,Semiurban,Y
LP101136,Female,No,0,Not Graduate,No,6580,0.0,205.0,360.0,1.0,Urban,Y
LP101137,Female,Yes,2,Graduate,Yes,2441,3713.0,260.0,360.0,1.0,Rural,Y
LP101138,Female,Yes,2,Graduate,No,5354,17813.0,214.0,84.0,1.0,Semiurban,Y
LP101139,Male,No,0,Graduate,No,10210,0.0,99.0,240.0,1.0,Semiurban,Y
LP101140,Male,Yes,3+,Graduate,No,5585,1321.0,227.0,240.0,1.0,Rural,Y
LP101141,Male,Yes,3+,Graduate,No,4877,1418.0,38.0,240.0,1.0,Rural,N
LP101142,Male,No,3+,Graduate,No,5628,0.0,288.0,360.0,1.0,Semiurban,Y
LP101143,Female,Yes,1,Graduate,No,7317,664.0,78.0,300.0,0.0,Rural,N
LP101144,Female,No,0,Not Graduate,No,17683,0.0,77.0,300.0,1.0,Semiurban,Y
LP101145,Female,No,1,Graduate,No,7269,0.0,597.0,180.0,1.0,Semiurban,Y
LP101146,Female,No,1,Graduate,Yes,3635,0.0,138.0,120.0,1.0,Semiurban,Y
LP101147,Male,Yes,0,Graduate,No,4336,2904.0,115.0,240.0,1.0,Urban,Y
LP101148,Female,,1,Not Graduate,,2862,1590.0,67.0,60.0,0.0,Urban,N
LP101149,Female,Yes,2,Graduate,Yes,2336,4252.0,175.0,120.0,1.0,Rural,Y
LP101150,Female,Yes,0,Graduate,Yes,1500,2941.0,216.0,360.0,0.0,Urban,N
LP101151,Male,Yes,0,Graduate,Yes,3725,2380.0,108.0,240.0,0.0,Semiurban,N
LP101152,Male,Yes,0,Graduate,No,2116,1783.0,37.0,480.0,1.0,Urban,Y
LP101153,Male,Yes,2,Graduate,No,5209,3703.0,356.0,12.0,1.0,Semiurban,Y
LP101154,Female,Yes,,Not Graduate,No,3620,3308.0,112.0,360.0,1.0,Urban,Y
LP101155,Male,Yes,0,Graduate,No,2562,1453.0,111.0,360.0,1.0,Rural,Y
LP101156,Male,No,3+,Not Graduate,No,1500,0.0,131.0,360.0,1.0,Rural,N
LP101157,Female,No,0,Graduate,No,3985,0.0,82.0,360.0,1.0,Rural,Y
LP101158,Male,No,1,Not Graduate,No,1717,0.0,288.0,360.0,1.0,Semiurban,Y
LP101159,Male,Yes,2,Graduate,Yes,7507,2490.0,207.0,36.0,0.0,Rural,N
LP101160,Male,No,2,Graduate,No,5726,0.0,179.0,360.0,1.0,Semiurban,Y
LP101161,Female,No,0,Not Graduate,No,4289,0.0,537.0,360.0,,Semiurban,Y
LP101162,Male,Yes,3+,Graduate,No,11736,2940.0,88.0,300.0,1.0,Urban,Y
LP101163,Female,Yes,3+,Not Graduate,No,4943,760.0,288.0,84.0,,Rural,N
LP101164,Male,Yes,1,Graduate,Yes,6195,2094.0,35.0,360.0,1.0,Urban,Y
LP101165,Female,Yes,1,Not Graduate,No,7424,10633.0,197.0,300.0,1.0,Semiurban,Y
LP101166,Male,Yes,0,Graduate,No,3604,933.0,520.0,240.0,1.0,Rural,Y
LP101167,Male,Yes,1,Not Graduate,No,3616,4121.0,71.0,480.0,1.0,Semiurban,Y
LP101168,Female,No,1,Graduate,No,5038,0.0,360.0,120.0,1.0,Urban,Y
LP101169,Male,Yes,2,Graduate,No,2190,4658.0,58.0,120.0,0.0,Semiurban,N
LP101170,Male,Yes,1,Not Graduate,Yes,14345,1013.0,467.0,360.0,1.0,Semiurban,Y
LP101171,Male,No,2,Not Graduate,No,5412,0.0,101.0,180.0,1.0,Urban,Y
LP101172,Female,Yes,0,Graduate,No,4356,10601.0,86.0,240.0,0.0,Semiurban,N
LP101173,Male,No,0,Graduate,Yes,17176,0.0,97.0,180.0,1.0,Rural,Y
LP101174,Female,Yes,0,Graduate,No,2537,3001.0,136.0,360.0,0.0,Rural,N
LP101175,Male,No,0,Graduate,No,12353,0.0,122.0,180.0,0.0,Semiurban,Y
LP101176,Male,Yes,1,Graduate,No,8006,356.0,130.0,360.0,1.0,Urban,Y
LP101177,Male,Yes,2,Not Graduate,No,9606,2583.0,,360.0,1.0,Semiurban,Y
LP101178,Male,Yes,2,Graduate,No,4423,671.0,155.0,180.0,,Semiurban,Y
LP101179,Male,No,1,Graduate,No,5082,0.0,134.0,360.0,0.0,Rural,N
LP101180,Male,No,2,Not Graduate,No,3999,0.0,102.0,180.0,1.0,Rural,N
LP101181,Male,Yes,0,Graduate,Yes,8935,740.0,173.0,240.0,1.0,Rural,Y
LP101182,Female,No,1,Graduate,No,6216,0.0,168.0,60.0,0.0,Semiurban,Y
LP101183,Male,Yes,0,Not Graduate,No,3515,1705.0,163.0,300.0,1.0,Semiurban,Y
LP101184,Male,Yes,,Not Graduate,Yes,3613,13158.0,134.0,360.0,1.0,Urban,Y
LP101185,Female,No,0,Not Graduate,No,4871,0.0,88.0,360.0,1.0,Urban,Y
LP101186,Male,Yes,0,Not Graduate,Yes,4026,2410.0,140.0,300.0,1.0,Rural,Y
LP101187,Male,Yes,1,Graduate,No,11673,2730.0,113.0,360.0,1.0,Semiurban,Y
LP101188,Female,No,3+,Graduate,No,7981,0.0,38.0,300.0,1.0,Semiurban,Y
LP101189,Female,No,2,Not Graduate,Yes,7971,0.0,244.0,480.0,1.0,Urban,Y
LP101190,Male,No,2,Graduate,No,5655,0.0,156.0,300.0,1.0,Urban,Y
LP101191,Female,No,2,Graduate,No,2993,0.0,132.0,360.0,0.0,Semiurban,N
LP101192,Male,Yes,1,Not Graduate,Yes,7462,1117.0,183.0,36.0,1.0,Rural,Y
LP101193,Male,No,2,Not Graduate,No,1500,0.0,85.0,360.0,1.0,Urban,Y
LP101194,Male,Yes,2,Graduate,No,5455,612.0,303.0,180.0,1.0,Urban,Y
LP101195,Female,No,0,Not Graduate,No,3019,0.0,277.0,84.0,1.0,Semiurban,N
LP101196,Male,Yes,0,Not Graduate,No,2882,5611.0,66.0,120.0,,Urban,Y
LP101197,Male,Yes,0,Not Graduate,No,3721,1437.0,91.0,300.0,1.0,Urban,Y
LP101198,Male,Yes,1,Not Graduate,Yes,4673,1639.0,201.0,300.0,1.0,Urban,Y
LP101199,Male,Yes,3+,Graduate,Yes,4846,3030.0,155.0,360.0,1.0,Semiurban,Y
LP101200,Male,Yes,0,Not Graduate,No,7896,4568.0,132.0,300.0,,Semiurban,Y
LP101201,Male,No,1,Not Graduate,No,4427,0.0,174.0,360.0,1.0,Rural,Y
LP101202,Male,No,3+,Not Graduate,No,4623,0.0,43.0,60.0,1.0,Semiurban,N
LP101203,Male,Yes,1,Not Graduate,No,2127,3430.0,77.0,84.0,1.0,Semiurban,Y
LP101204,Male,No,1,Graduate,Yes,2300,0.0,93.0,180.0,1.0,Urban,Y
LP101205,Male,Yes,3+,Graduate,No,5838,4307.0,212.0,84.0,1.0,Semiurban,Y
LP101206,Male,Yes,1,Graduate,No,7175,17774.0,36.0,360.0,0.0,Semiurban,Y
LP101207,Male,Yes,2,Not Graduate,No,4203,2708.0,149.0,240.0,1.0,Urban,Y
LP101208,Female,No,0,Not Graduate,No,8602,0.0,107.0,360.0,0.0,Semiurban,N
LP101209,Male,No,0,Graduate,Yes,2111,0.0,198.0,360.0,1.0,Urban,Y
LP101210,Female,Yes,1,Graduate,No,6242,1608.0,218.0,300.0,1.0,Semiurban,Y
LP101211,Male,Yes,1,Not Graduate,No,2948,2367.0,371.0,300.0,1.0,Semiurban,Y
LP101212,Male,Yes,3+,Graduate,No,2811,2424.0,66.0,300.0,1.0,Semiurban,Y
LP101213,Male,Yes,3+,Graduate,No,3105,1135.0,82.0,360.0,1.0,Rural,N
LP101214,Male,Yes,3+,Graduate,No,4682,1343.0,138.0,300.0,1.0,Rural,Y
LP101215,Male,Yes,0,Not Graduate,No,6395,285.0,312.0,240.0,1.0,Rural,Y
LP101216,Male,No,3+,Not Graduate,No,6110,0.0,174.0,360.0,,Rural,N
LP101217,Male,No,2,Graduate,No,4128,0.0,143.0,360.0,1.0,Urban,Y
LP101218,Male,Yes,1,Graduate,No,7182,1829.0,279.0,360.0,0.0,Urban,Y
LP101219,Male,Yes,2,Graduate,No,13521,1251.0,105.0,300.0,1.0,Urban,Y
LP101220,Male,Yes,0,Not Graduate,No,4574,2444.0,270.0,360.0,1.0,Urban,Y
LP101221,Male,No,0,Not Graduate,No,5202,0.0,,240.0,,Semiurban,Y
LP101222,Male,No,2,Graduate,No,3404,0.0,122.0,300.0,1.0,Rural,N
LP101223,Female,No,2,Graduate,Yes,3884,0.0,52.0,360.0,1.0,Semiurban,N
LP101224,Male,Yes,1,Not Graduate,Yes,10394,2877.0,146.0,360.0,0.0,Semiurban,Y
LP101225,Female,No,1,Graduate,Yes,10458,0.0,360.0,60.0,1.0,Urban,Y
LP101226,Male,Yes,3+,Graduate,No,4356,1421.0,180.0,120.0,1.0,Semiurban,Y
LP101227,Male,Yes,2,Not Graduate,No,6595,4336.0,58.0,300.0,1.0,Rural,Y
LP101228,Female,Yes,1,Not Graduate,No,8537,735.0,287.0,360.0,1.0,Urban,Y
LP101229,Female,Yes,0,Not Graduate,No,3759,1425.0,216.0,360.0,1.0,Rural,Y
LP101230,Male,No,0,Graduate,No,2244,0.0,244.0,180.0,0.0,Urban,N
LP101231,Male,No,3+,Graduate,No,7432,0.0,265.0,360.0,1.0,Rural,Y
LP101232,Female,Yes,1,Graduate,No,8415,974.0,,300.0,1.0,Urban,Y
LP101233,Female,Yes,1,Graduate,Yes,7704,10037.0,253.0,180.0,1.0,Semiurban,Y
LP101234,Male,Yes,1,Graduate,Yes,3926,1628.0,91.0,360.0,1.0,Rural,Y
LP101235,Male,Yes,3+,Graduate,No,12257,1939.0,66.0,300.0,1.0,Semiurban,Y
LP101236,Male,Yes,2,Not Graduate,No,5828,3954.0,81.0,360.0,1.0,Semiurban,Y
LP101237,Male,No,2,Graduate,Yes,2468,0.0,203.0,240.0,1.0,Semiurban,Y
LP101238,Male,No,1,Graduate,No,1886,0.0,105.0,360.0,1.0,Urban,Y
LP101239,Male,No,0,Graduate,No,4112,0.0,325.0,360.0,1.0,Urban,Y
LP101240,Male,No,3+,Graduate,Yes,5624,0.0,262.0,240.0,1.0,Urban,Y
LP101241,Female,Yes,3+,Graduate,No,4134,6868.0,201.0,360.0,1.0,Urban,Y
LP101242,Male,Yes,3+,Not Graduate,No,16254,1864.0,307.0,240.0,0.0,Rural,N
LP101243,Male,Yes,3+,Graduate,No,6262,2325.0,66.0,120.0,1.0,Rural,Y
LP101244,Female,Yes,2,Not Graduate,No,2741,1370.0,238.0,360.0,,Urban,Y
LP101245,Female,No,2,Graduate,Yes,1500,0.0,189.0,240.0,1.0,Rural,Y
LP101246,Male,Yes,2,Graduate,Yes,5659,1007.0,62.0,360.0,1.0,Urban,Y
LP101247,Male,Yes,2,Graduate,Yes,8896,1719.0,87.0,360.0,1.0,Urban,Y
LP101248,Male,Yes,0,Graduate,Yes,15036,1832.0,122.0,180.0,1.0,Semiurban,Y
LP101249,Male,No,,Not Graduate,No,4352,0.0,120.0,480.0,1.0,Urban,N
LP101250,Male,Yes,3+,Not Graduate,No,13810,1144.0,131.0,240.0,1.0,Urban,Y
LP101251,Male,No,1,Graduate,No,2174,0.0,92.0,300.0,0.0,Semiurban,N
LP101252,Male,No,3+,Graduate,No,3998,0.0,326.0,60.0,0.0,Rural,N
LP101253,Male,Yes,0,Graduate,No,2674,1787.0,64.0,36.0,1.0,Semiurban,Y
LP101254,Male,Yes,0,Not Graduate,Yes,7905,3895.0,65.0,180.0,1.0,Urban,Y
LP101255,Male,No,1,Graduate,No,2251,0.0,76.0,12.0,1.0,Urban,Y
LP101256,Male,Yes,0,Not Graduate,No,6254,1764.0,91.0,180.0,1.0,Semiurban,Y
LP101257,Male,No,,Graduate,No,2332,0.0,87.0,300.0,1.0,Semiurban,Y
LP101258,Male,Yes,0,Graduate,No,14110,3521.0,367.0,360.0,0.0,Rural,Y
LP101259,Female,Yes,2,Graduate,No,3926,3480.0,90.0,180.0,1.0,Rural,Y
LP101260,Male,No,0,Graduate,Yes,6165,0.0,124.0,240.0,1.0,Rural,Y
LP101261,Female,No,0,Graduate,No,1680,0.0,62.0,240.0,1.0,Semiurban,Y
LP101262,Female,No,0,Graduate,No,2004,0.0,101.0,240.0,1.0,Semiurban,Y
LP101263,Male,No,2,Graduate,No,3090,0.0,192.0,240.0,1.0,Semiurban,Y
LP101264,Male,No,2,Graduate,No,8187,0.0,202.0,300.0,1.0,Semiurban,Y
LP101265,Male,No,2,Graduate,No,7298,0.0,242.0,120.0,1.0,Urban,Y
LP101266,Male,No,1,Graduate,No,9426,0.0,73.0,300.0,1.0,Semiurban,Y
LP101267,Female,Yes,0,Graduate,Yes,1986,1872.0,89.0,180.0,1.0,Urban,Y
LP101268,Male,Yes,2,Graduate,No,6661,690.0,219.0,60.0,1.0,Rural,Y
LP101269,Male,No,2,Graduate,No,3512,0.0,132.0,120.0,1.0,Urban,N
LP101270,Male,Yes,,Graduate,Yes,3026,4347.0,129.0,360.0,1.0,Rural,Y
LP101271,Male,Yes,1,Graduate,No,3560,234.0,191.0,300.0,1.0,Urban,Y
LP101272,Male,Yes,0,Not Graduate,No,4583,553.0,244.0,480.0,1.0,Semiurban,Y
LP101273,Male,Yes,0,Graduate,No,7307,1254.0,88.0,180.0,1.0,Urban,Y
LP101274,Male,Yes,2,Not Graduate,No,9640,977.0,126.0,180.0,0.0,Semiurban,N
LP101275,Female,Yes,1,Graduate,Yes,6718,499.0,124.0,360.0,1.0,Urban,Y
LP101276,Male,No,0,Not Graduate,No,7186,0.0,75.0,240.0,1.0,Semiurban,Y
LP101277,Male,Yes,0,Not Graduate,No,14673,4880.0,160.0,240.0,1.0,Urban,Y
LP101278,Male,Yes,,Not Graduate,No,7466,1555.0,97.0,360.0,0.0,Semiurban,N
LP101279,Male,Yes,2,Not Graduate,No,4322,479.0,133.0,36.0,0.0,Rural,N
LP101280,Male,Yes,3+,Graduate,No,6965,2132.0,198.0,360.0,0.0,Semiurban,N
LP101281,Male,Yes,1,Graduate,No,13692,743.0,157.0,360.0,1.0,Urban,Y
LP101282,Male,No,2,Graduate,Yes,2915,0.0,78.0,120.0,1.0,Semiurban,Y
LP101283,Male,Yes,1,Graduate,No,3794,3896.0,151.0,240.0,,Rural,N
LP101284,Male,No,0,Graduate,No,11732,0.0,145.0,360.0,1.0,Semiurban,Y
LP101285,Female,Yes,1,Graduate,No,4128,1434.0,95.0,300.0,1.0,Urban,Y
LP101286,Male,Yes,1,Graduate,,7774,3245.0,80.0,240.0,1.0,Urban,Y
LP101287,Male,Yes,0,Graduate,No,10651,765.0,147.0,360.0,0.0,Semiurban,Y
LP101288,Male,Yes,2,Graduate,No,2313,2760.0,58.0,240.0,1.0,Urban,Y
LP101289,Female,No,0,Graduate,No,3846,0.0,70.0,360.0,1.0,Semiurban,Y
LP101290,Male,No,1,Not Graduate,No,10125,0.0,62.0,120.0,0.0,Semiurban,N
LP101291,Male,Yes,0,Graduate,No,4555,875.0,64.0,180.0,1.0,Urban,Y
LP101292,Female,Yes,1,Graduate,No,1500,2510.0,100.0,12.0,1.0,Semiurban,Y
LP101293,Female,Yes,0,Graduate,Yes,3619,553.0,253.0,120.0,1.0,Rural,Y
LP101294,Female,Yes,0,Not Graduate,No,7916,1443.0,194.0,84.0,0.0,Urban,N
LP101295,Male,No,1,Graduate,Yes,10571,0.0,263.0,360.0,1.0,Urban,Y
LP101296,Male,Yes,1,Not Graduate,No,5067,1218.0,93.0,360.0,1.0,Semiurban,Y
LP101297,Female,No,1,Graduate,Yes,6569,0.0,40.0,120.0,1.0,Urban,Y
LP101298,Female,Yes,0,Graduate,No,3938,1448.0,93.0,84.0,1.0,Rural,Y
LP101299,Male,Yes,1,Not Graduate,,8449,3109.0,264.0,300.0,0.0,Rural,N
LP101300,Male,Yes,1,Not Graduate,No,11557,640.0,106.0,120.0,1.0,Rural,Y
LP101301,,Yes,0,Graduate,No,7792,4673.0,132.0,300.0,1.0,Semiurban,Y
LP101302,Female,No,2,Graduate,Yes,4578,0.0,118.0,300.0,0.0,Semiurban,N
LP101303,Male,Yes,1,Not Graduate,No,6377,2392.0,204.0,12.0,1.0,Rural,Y
LP101304,Male,No,0,Graduate,Yes,8703,0.0,221.0,360.0,1.0,Urban,Y
LP101305,Male,Yes,3+,Graduate,Yes,4997,2001.0,53.0,120.0,1.0,Urban,Y
LP101306,Male,No,2,Graduate,No,7945,0.0,31.0,360.0,1.0,Semiurban,Y
LP101307,Male,Yes,3+,Graduate,No,6137,1914.0,198.0,240.0,1.0,Rural,Y
LP101308,Male,No,2,Not Graduate,Yes,11517,0.0,118.0,120.0,1.0,Semiurban,Y
LP101309,Male,No,1,Graduate,No,7480,0.0,199.0,84.0,1.0,Semiurban,Y
LP101310,Male,No,0,Not Graduate,Yes,3644,0.0,113.0,300.0,1.0,Semiurban,Y
LP101311,Male,Yes,2,Graduate,No,11415,1031.0,183.0,240.0,1.0,Semiurban,Y
LP101312,Male,No,3+,Graduate,No,6477,0.0,123.0,360.0,1.0,Urban,Y
LP101313,Male,Yes,2,Graduate,No,4519,1110.0,87.0,120.0,1.0,Semiurban,Y
LP101314,Male,Yes,3+,Not Graduate,No,2181,4478.0,105.0,360.0,1.0,Semiurban,Y
LP101315,Male,Yes,0,Not Graduate,No,5646,544.0,121.0,120.0,1.0,Semiurban,Y
LP101316,Male,Yes,1,Not Graduate,No,14778,2791.0,193.0,360.0,1.0,Semiurban,Y
LP101317,Male,No,3+,Graduate,No,1500,0.0,121.0,300.0,1.0,Semiurban,Y
LP101318,Male,Yes,2,Not Graduate,No,1500,1137.0,70.0,360.0,0.0,Rural,N
LP101319,Female,Yes,3+,Not Graduate,No,7788,5870.0,364.0,240.0,1.0,Semiurban,Y
LP101320,Male,Yes,2,Graduate,No,5662,4563.0,161.0,120.0,,Semiurban,Y
LP101321,Female,Yes,1,Graduate,No,7357,1367.0,303.0,300.0,0.0,Rural,N
LP101322,Male,No,1,Graduate,No,3583,0.0,69.0,180.0,1.0,Rural,Y
LP101323,Female,Yes,3+,Graduate,No,1500,933.0,115.0,120.0,,Semiurban,Y
LP101324,Female,Yes,1,Not Graduate,No,2983,748.0,150.0,360.0,1.0,Urban,N
LP101325,Male,Yes,0,Graduate,No,12531,1247.0,199.0,300.0,1.0,Urban,Y
LP101326,Male,No,1,Graduate,Yes,3748,0.0,43.0,360.0,1.0,Urban,Y
LP101327,Male,No,1,Graduate,No,3767,0.0,44.0,360.0,1.0,Urban,Y
LP101328,Male,No,0,Graduate,No,1500,0.0,90.0,12.0,1.0,Semiurban,Y
LP101329,Female,Yes,2,Not Graduate,,1664,809.0,186.0,360.0,1.0,Rural,N
LP101330,Female,Yes,0,Graduate,No,9567,3616.0,89.0,360.0,0.0,Semiurban,Y
LP101331,Female,Yes,1,Graduate,No,4206,3516.0,124.0,180.0,1.0,Urban,Y
LP101332,Male,Yes,2,Not Graduate,No,8908,1029.0,138.0,180.0,1.0,Urban,Y
LP101333,Female,Yes,1,Not Graduate,No,3126,283.0,81.0,60.0,1.0,Semiurban,Y
LP101334,Female,No,2,Graduate,Yes,2037,0.0,323.0,84.0,1.0,Semiurban,N
LP101335,Male,Yes,0,Graduate,No,4202,2576.0,,120.0,1.0,Rural,Y
LP101336,Male,Yes,,Graduate,No,3485,1789.0,38.0,12.0,1.0,Rural,Y
LP101337,Female,No,0,Not Graduate,No,2981,0.0,74.0,180.0,1.0,Rural,N
LP101338,Male,No,0,Not Graduate,No,3028,0.0,81.0,360.0,1.0,Semiurban,Y
LP101339,Female,Yes,3+,Graduate,Yes,4532,1201.0,149.0,300.0,1.0,Semiurban,Y
LP101340,Male,Yes,2,Not Graduate,No,3659,662.0,153.0,300.0,1.0,Urban,Y
LP101341,Female,Yes,0,Graduate,No,2809,3265.0,190.0,180.0,1.0,Urban,Y
LP101342,Male,Yes,3+,Graduate,No,14513,890.0,414.0,180.0,1.0,Urban,Y
LP101343,Male,Yes,,Graduate,No,6468,691.0,136.0,240.0,1.0,Urban,Y
LP101344,Male,Yes,3+,Graduate,No,5405,2697.0,222.0,180.0,1.0,Urban,Y
LP101345,Female,No,1,Graduate,No,4722,0.0,102.0,360.0,1.0,Rural,Y
LP101346,Female,No,1,Not Graduate,No,7327,0.0,159.0,120.0,1.0,Semiurban,Y
LP101347,Male,Yes,1,Graduate,Yes,6762,6402.0,108.0,360.0,1.0,Rural,Y
LP101348,Male,Yes,0,Not Graduate,No,2642,6443.0,122.0,300.0,1.0,Rural,Y
LP101349,Female,Yes,1,Not Graduate,No,1959,4689.0,148.0,360.0,1.0,Rural,Y
LP101350,Male,No,1,Not Graduate,No,1500,0.0,242.0,360.0,1.0,Rural,N
LP101351,Female,Yes,0,Graduate,No,14402,4560.0,130.0,240.0,1.0,Semiurban,Y
LP101352,Male,Yes,0,Graduate,No,3762,8691.0,129.0,300.0,1.0,Semiurban,Y
LP101353,Male,Yes,0,Graduate,Yes,7011,4338.0,162.0,300.0,1.0,Semiurban,Y
LP101354,Male,Yes,3+,Graduate,Yes,5548,2210.0,227.0,240.0,1.0,Rural,Y
LP101355,Male,No,1,Not Graduate,Yes,8497,0.0,57.0,360.0,1.0,Rural,Y
LP101356,Female,Yes,2,Graduate,Yes,4728,1246.0,155.0,12.0,1.0,Rural,N
LP101357,Male,Yes,3+,Graduate,No,2215,2032.0,60.0,180.0,1.0,Semiurban,Y
LP101358,Male,Yes,2,Graduate,No,2637,2106.0,294.0,360.0,1.0,Semiurban,Y
LP101359,Female,Yes,3+,Not Graduate,No,3982,1618.0,164.0,360.0,0.0,Rural,N
LP101360,Male,No,0,Graduate,No,1898,0.0,280.0,360.0,1.0,Rural,Y
LP101361,Male,No,0,Graduate,No,2943,0.0,49.0,240.0,1.0,Semiurban,Y
LP101362,Female,,1,Not Graduate,No,2393,843.0,121.0,360.0,1.0,Semiurban,Y
LP101363,Male,Yes,1,Graduate,No,4035,2034.0,226.0,60.0,1.0,Rural,Y
LP101364,Male,Yes,3+,Graduate,Yes,3649,644.0,311.0,180.0,1.0,Semiurban,N
LP101365,Female,Yes,1,Graduate,No,5280,362.0,165.0,84.0,1.0,Rural,Y
LP101366,Male,Yes,0,Graduate,No,8206,4703.0,103.0,84.0,1.0,Urban,Y
LP101367,Male,No,2,Graduate,No,4248,0.0,114.0,360.0,1.0,Semiurban,Y
LP101368,Male,Yes,1,Graduate,No,1995,1226.0,71.0,60.0,1.0,Semiurban,Y
LP101369,Female,Yes,0,Not Graduate,No,1500,1882.0,323.0,360.0,1.0,Semiurban,Y
LP101370,Male,Yes,1,Not Graduate,No,5417,1434.0,198.0,240.0,1.0,Urban,Y
LP101371,Male,No,3+,Not Graduate,No,3296,0.0,120.0,60.0,1.0,Urban,N
LP101372,Female,Yes,2,Graduate,,4471,1223.0,186.0,180.0,0.0,Rural,N
LP101373,Female,No,1,Graduate,No,5989,0.0,125.0,240.0,1.0,Urban,Y
LP101374,Male,Yes,1,Not Graduate,No,11683,1332.0,112.0,240.0,1.0,Urban,Y
LP101375,Male,Yes,0,Graduate,No,1722,2519.0,85.0,300.0,0.0,Semiurban,N
LP101376,Male,No,1,Not Graduate,,2677,0.0,86.0,300.0,1.0,Semiurban,N
LP101377,Female,Yes,2,Graduate,No,4669,2469.0,168.0,240.0,1.0,Rural,Y
LP101378,Male,No,1,Not Graduate,No,2479,0.0,251.0,360.0,1.0,Semiurban,N
LP101379,Male,Yes,0,Not Graduate,No,2011,1144.0,109.0,180.0,1.0,Semiurban,Y
LP101380,Female,Yes,3+,Graduate,No,10783,1787.0,83.0,240.0,1.0,Semiurban,Y
LP101381,Female,Yes,2,Graduate,No,2620,475.0,237.0,300.0,0.0,Rural,N
LP101382,Male,Yes,2,Graduate,No,2240,6196.0,140.0,180.0,1.0,Urban,Y
LP101383,Female,Yes,0,Graduate,No,2467,840.0,35.0,120.0,1.0,Urban,Y
LP101384,Male,Yes,0,Graduate,No,9429,389.0,87.0,12.0,1.0,Rural,Y
LP101385,Female,No,0,Not Graduate,Yes,3238,0.0,177.0,360.0,1.0,Semiurban,N
LP101386,Male,Yes,2,Graduate,No,2140,2400.0,83.0,360.0,1.0,Semiurban,Y
LP101387,Male,Yes,0,Graduate,Yes,2968,5216.0,138.0,360.0,1.0,Urban,Y
LP101388,Female,Yes,2,Graduate,No,4774,2199.0,63.0,36.0,1.0,Semiurban,Y
LP101389,Male,Yes,3+,Graduate,No,8392,3791.0,104.0,60.0,1.0,Urban,Y
LP101390,Male,Yes,1,Graduate,No,7979,3804.0,69.0,300.0,0.0,Urban,Y
LP101391,Female,No,1,Not Graduate,No,3082,0.0,64.0,36.0,1.0,Semiurban,Y
LP101392,Female,No,2,Not Graduate,No,3573,0.0,85.0,180.0,0.0,Rural,N
LP101393,Male,Yes,3+,Graduate,Yes,17356,2720.0,226.0,480.0,1.0,Urban,Y
LP101394,Female,No,3+,Graduate,No,8932,0.0,172.0,240.0,1.0,Urban,Y
LP101395,Male,Yes,0,Not Graduate,No,4225,8915.0,459.0,480.0,1.0,Urban,Y
LP101396,Male,No,0,Graduate,No,1500,0.0,93.0,84.0,1.0,Rural,Y
LP101397,Male,No,2,Graduate,No,3732,0.0,247.0,240.0,1.0,Semiurban,Y
LP101398,Male,No,2,Graduate,No,2217,0.0,409.0,12.0,1.0,Semiurban,N
LP101399,Female,Yes,0,Graduate,,2928,805.0,262.0,360.0,1.0,Rural,Y
LP101400,Male,Yes,1,Graduate,No,2753,521.0,265.0,240.0,1.0,Urban,Y
LP101401,Male,Yes,2,Not Graduate,Yes,4278,3646.0,144.0,300.0,1.0,Semiurban,Y
LP101402,Male,No,0,Graduate,Yes,5124,0.0,154.0,360.0,1.0,Urban,Y
LP101403,Female,Yes,3+,Not Graduate,No,3168,1564.0,77.0,300.0,1.0,Urban,N
LP101404,Male,No,0,Graduate,No,2283,0.0,27.0,360.0,0.0,Urban,N
LP101405,Male,Yes,2,Not Graduate,Yes,4414,1562.0,151.0,300.0,1.0,Urban,Y
LP101406,Male,No,2,Graduate,No,3644,0.0,75.0,360.0,1.0,Semiurban,Y
LP101407,Male,Yes,0,Graduate,No,1574,1898.0,104.0,360.0,0.0,Urban,N
LP101408,Male,Yes,2,Not Graduate,No,7076,2035.0,81.0,360.0,1.0,Urban,Y
LP101409,Female,Yes,2,Not Graduate,No,3173,3630.0,163.0,360.0,1.0,Urban,Y
LP101410,Female,,3+,Graduate,Yes,4181,12783.0,,180.0,1.0,Urban,Y
LP101411,Male,Yes,1,Not Graduate,No,4307,372.0,285.0,300.0,1.0,Urban,N
LP101412,Female,No,2,Graduate,No,4869,0.0,87.0,360.0,1.0,Urban,Y
LP101413,Female,Yes,2,Not Graduate,No,5364,2161.0,149.0,360.0,1.0,Rural,Y
LP101414,Female,Yes,1,Not Graduate,No,2246,4058.0,119.0,300.0,1.0,Semiurban,Y
LP101415,Male,No,3+,Graduate,Yes,5927,0.0,112.0,180.0,1.0,Semiurban,Y
LP101416,Male,Yes,0,Graduate,No,3997,4439.0,128.0,120.0,1.0,Rural,Y
LP101417,Male,No,0,Graduate,Yes,9420,0.0,334.0,,1.0,Semiurban,Y
LP101418,Male,No,1,Not Graduate,No,8014,0.0,222.0,120.0,1.0,Semiurban,Y
LP101419,Female,Yes,0,Graduate,No,10868,5821.0,102.0,480.0,1.0,Semiurban,Y
LP101420,Female,Yes,3+,Graduate,No,2798,908.0,93.0,360.0,0.0,Semiurban,N
LP101421,Female,Yes,2,Graduate,Yes,10635,177.0,83.0,180.0,1.0,Rural,Y
LP101422,Male,No,1,Not Graduate,No,5200,0.0,143.0,180.0,1.0,Urban,Y
LP101423,Male,Yes,2,Graduate,No,7436,2565.0,54.0,180.0,1.0,Urban,Y
LP101424,Female,Yes,1,Not Graduate,No,7365,1708.0,118.0,360.0,1.0,Urban,Y
LP101425,Female,No,1,Not Graduate,No,6473,0.0,168.0,,1.0,Rural,Y
LP101426,Male,Yes,0,Graduate,No,2558,1015.0,86.0,180.0,1.0,Semiurban,Y
LP101427,Female,No,1,Graduate,No,8717,0.0,137.0,360.0,0.0,Rural,N
LP101428,Female,No,0,Not Graduate,Yes,6069,0.0,157.0,360.0,1.0,Semiurban,Y
LP101429,Male,Yes,2,Graduate,No,2030,894.0,46.0,300.0,1.0,Semiurban,Y
LP101430,Male,No,1,Not Graduate,Yes,3676,0.0,151.0,360.0,1.0,Semiurban,Y
LP101431,Male,No,0,Not Graduate,No,2373,0.0,101.0,360.0,1.0,Semiurban,Y
LP101432,Male,Yes,,Not Graduate,No,2088,5391.0,406.0,36.0,1.0,Semiurban,N
LP101433,Male,Yes,0,Graduate,No,8200,1664.0,151.0,360.0,1.0,Urban,Y
LP101434,Female,Yes,3+,Graduate,Yes,2023,745.0,77.0,180.0,0.0,Semiurban,N
LP101435,Male,Yes,0,Not Graduate,No,2224,829.0,45.0,480.0,1.0,Urban,Y
LP101436,Male,No,3+,Graduate,No,16105,0.0,130.0,360.0,1.0,Semiurban,Y
LP101437,Male,Yes,1,Not Graduate,No,3756,1817.0,294.0,12.0,1.0,Semiurban,Y
LP101438,Male,No,2,Graduate,No,7292,0.0,93.0,360.0,1.0,Rural,Y
LP101439,Female,Yes,0,Graduate,Yes,9651,1548.0,162.0,360.0,1.0,Rural,Y
LP101440,Male,Yes,3+,Graduate,No,7820,987.0,209.0,300.0,1.0,Semiurban,Y
LP101441,Male,No,0,Not Graduate,No,5376,0.0,202.0,360.0,1.0,Urban,Y
LP101442,Female,No,1,Graduate,No,4806,0.0,133.0,360.0,1.0,Rural,Y
LP101443,Male,Yes,3+,Graduate,No,6785,683.0,90.0,300.0,1.0,Urban,Y
LP101444,Male,Yes,3+,Not Graduate,No,4294,1052.0,114.0,180.0,0.0,Semiurban,N
LP101445,Male,Yes,1,Not Graduate,No,7457,617.0,70.0,300.0,1.0,Urban,Y
LP101446,Male,Yes,3+,Not Graduate,No,4207,1517.0,76.0,240.0,1.0,Urban,N
LP101447,Male,Yes,2,Graduate,No,4503,619.0,243.0,120.0,0.0,Semiurban,N
LP101448,Male,Yes,0,Not Graduate,No,15200,7118.0,164.0,,0.0,Urban,Y
LP101449,Male,No,,Graduate,No,3684,0.0,159.0,60.0,1.0,Rural,Y
LP101450,Female,Yes,0,Not Graduate,No,4971,6057.0,87.0,120.0,1.0,Semiurban,Y
LP101451,Male,No,0,Not Graduate,No,6363,0.0,275.0,180.0,1.0,Semiurban,Y
LP101452,Male,No,2,Graduate,No,6613,0.0,116.0,360.0,1.0,Urban,Y
LP101453,Male,Yes,1,Graduate,No,5858,2884.0,145.0,240.0,1.0,Urban,Y
LP101454,Male,No,0,Not Graduate,No,2321,0.0,270.0,360.0,0.0,Semiurban,N
LP101455,Female,Yes,3+,Graduate,Yes,5416,606.0,87.0,480.0,1.0,Semiurban,Y
LP101456,Male,No,0,Not Graduate,No,5685,0.0,91.0,300.0,1.0,Semiurban,Y
LP101457,Female,Yes,3+,Graduate,No,9739,1471.0,249.0,360.0,1.0,Semiurban,Y
LP101458,Male,Yes,3+,Not Graduate,No,7658,1668.0,218.0,300.0,1.0,Semiurban,Y
LP101459,Male,No,3+,Graduate,Yes,10132,0.0,165.0,240.0,1.0,Semiurban,Y
LP101460,Male,Yes,2,Graduate,No,2692,3143.0,36.0,120.0,1.0,Semiurban,Y
LP101461,Female,No,0,Graduate,No,2703,0.0,289.0,480.0,1.0,Semiurban,Y
LP101462,Male,No,1,Graduate,No,5984,0.0,93.0,300.0,1.0,Rural,Y
LP101463,Male,Yes,0,Graduate,No,9698,4658.0,94.0,360.0,1.0,Semiurban,Y
LP101464,Male,Yes,0,Graduate,,4357,1147.0,119.0,180.0,1.0,Urban,Y
LP101465,Female,Yes,2,Graduate,No,3152,1121.0,65.0,84.0,1.0,Semiurban,Y
LP101466,Male,Yes,0,Not Graduate,No,1880,10191.0,,360.0,0.0,Semiurban,N
LP101467,Female,No,3+,Graduate,No,6110,0.0,148.0,360.0,,Urban,Y
LP101468,Male,Yes,3+,Not Graduate,No,4592,1080.0,204.0,360.0,1.0,Semiurban,Y
LP101469,Male,Yes,1,Graduate,No,3788,1597.0,84.0,360.0,1.0,Semiurban,Y
LP101470,Male,No,1,Graduate,No,8460,0.0,242.0,360.0,1.0,Semiurban,Y
LP101471,Male,Yes,1,Graduate,No,4665,3212.0,315.0,360.0,1.0,Rural,Y
LP101472,Male,No,3+,Graduate,No,4917,0.0,62.0,240.0,1.0,Rural,N
LP101473,Male,Yes,2,Graduate,No,8433,2949.0,68.0,240.0,1.0,Urban,Y
LP101474,Female,No,0,Graduate,Yes,18296,0.0,82.0,360.0,1.0,Semiurban,Y
LP101475,Male,Yes,1,Graduate,No,3764,1613.0,233.0,360.0,1.0,Semiurban,Y
LP101476,Male,Yes,1,Graduate,No,2905,1422.0,149.0,60.0,1.0,Urban,Y
LP101477,Male,Yes,3+,Graduate,No,2715,2035.0,129.0,12.0,0.0,Urban,N
LP101478,Male,Yes,0,Graduate,No,6542,1296.0,167.0,360.0,1.0,Urban,Y
LP101479,Male,No,0,Graduate,No,2554,0.0,428.0,60.0,1.0,Urban,N
LP101480,Male,Yes,3+,Not Graduate,No,3928,1737.0,47.0,120.0,1.0,Rural,N
LP101481,Male,No,3+,Graduate,No,4141,0.0,111.0,120.0,0.0,Urban,N
LP101482,Female,Yes,3+,Graduate,No,12504,1183.0,21.0,300.0,,Urban,Y
LP101483,Female,Yes,1,Graduate,Yes,10053,1470.0,181.0,120.0,1.0,Urban,Y
LP101484,Male,Yes,2,Graduate,No,1954,8004.0,257.0,120.0,1.0,Semiurban,Y
LP101485,Male,Yes,1,Graduate,No,12719,1590.0,111.0,12.0,1.0,Urban,Y
LP101486,Male,Yes,0,Not Graduate,No,2369,2249.0,198.0,360.0,1.0,Urban,Y
LP101487,Male,Yes,1,Not Graduate,Yes,5410,10107.0,,84.0,1.0,Urban,Y
LP101488,Male,No,0,Graduate,No,2978,0.0,178.0,300.0,1.0,Urban,Y
LP101489,Male,Yes,0,Graduate,No,3893,529.0,585.0,180.0,1.0,Semiurban,Y
LP101490,Female,Yes,3+,Graduate,Yes,2729,970.0,106.0,120.0,1.0,Semiurban,Y
LP101491,Female,Yes,0,Graduate,No,13430,1385.0,172.0,240.0,1.0,Urban,Y
LP101492,Male,Yes,3+,Not Graduate,,4518,1501.0,94.0,180.0,1.0,Urban,N
LP101493,Male,No,0,Not Graduate,Yes,5627,0.0,149.0,240.0,0.0,Urban,N
LP101494,Male,Yes,0,Graduate,No,2582,673.0,261.0,360.0,1.0,Rural,Y
LP101495,Female,Yes,2,Not Graduate,,2102,3941.0,192.0,60.0,1.0,Urban,Y
LP101496,Male,Yes,2,Graduate,No,3765,1257.0,126.0,120.0,1.0,Rural,Y
LP101497,Male,Yes,1,Graduate,Yes,6720,4663.0,125.0,60.0,1.0,Rural,Y
LP101498,Female,Yes,3+,Graduate,No,4569,801.0,65.0,360.0,1.0,Semiurban,Y
LP101499,Male,No,0,Graduate,No,8819,0.0,247.0,300.0,1.0,Semiurban,Y
LP101500,Female,Yes,3+,Not Graduate,No,5294,476.0,210.0,360.0,0.0,Semiurban,N
LP101501,Male,Yes,0,Not Graduate,,4933,1787.0,63.0,180.0,1.0,Semiurban,Y
LP101502,Male,No,3+,Graduate,No,6775,0.0,149.0,360.0,1.0,Semiurban,Y
LP101503,Male,Yes,1,Graduate,No,5219,1860.0,77.0,360.0,0.0,Semiurban,N
LP101504,Female,No,2,Not Graduate,Yes,8659,0.0,102.0,240.0,1.0,Urban,Y
LP101505,Female,Yes,2,Not Graduate,No,6857,324.0,218.0,360.0,1.0,Semiurban,Y
LP101506,Female,No,0,Graduate,No,8489,0.0,243.0,84.0,1.0,Semiurban,Y
LP101507,Male,Yes,3+,Graduate,No,7554,6482.0,205.0,180.0,1.0,Urban,Y
LP101508,Female,Yes,0,Not Graduate,,11116,812.0,114.0,300.0,0.0,Rural,N
LP101509,Male,Yes,0,Not Graduate,No,8081,2715.0,,360.0,1.0,Urban,Y
LP101510,Male,Yes,2,Not Graduate,No,14024,1816.0,84.0,120.0,1.0,Rural,Y
LP101511,Female,Yes,0,Graduate,No,3552,1256.0,210.0,480.0,1.0,Semiurban,Y
LP101512,Male,Yes,0,Graduate,No,8110,9271.0,132.0,360.0,1.0,Semiurban,Y
LP101513,Male,Yes,1,Not Graduate,No,2146,1405.0,100.0,300.0,1.0,Rural,Y
LP101514,Male,Yes,2,Not Graduate,Yes,8675,2070.0,86.0,480.0,1.0,Rural,Y
LP101515,Male,Yes,0,Graduate,No,5084,1936.0,201.0,300.0,1.0,Urban,Y
LP101516,Male,No,1,Graduate,Yes,8622,0.0,123.0,360.0,1.0,Semiurban,Y
LP101517,Male,No,2,Not Graduate,No,13463,0.0,100.0,360.0,1.0,Urban,Y
LP101518,Male,Yes,3+,Not Graduate,Yes,7947,10887.0,99.0,,0.0,Semiurban,N
LP101519,Female,Yes,,Not Graduate,No,3836,6097.0,63.0,240.0,1.0,Rural,Y
LP101520,Female,Yes,2,Graduate,No,2558,2485.0,148.0,180.0,1.0,Urban,Y
LP101521,Male,Yes,2,Not Graduate,No,6779,2964.0,159.0,360.0,1.0,Urban,Y
LP101522,Male,No,1,Graduate,No,4139,0.0,55.0,360.0,1.0,Semiurban,Y
LP101523,Male,Yes,0,Not Graduate,No,7318,2038.0,70.0,360.0,0.0,Urban,N
LP101524,Male,Yes,2,Graduate,,3626,2530.0,49.0,300.0,0.0,Urban,N
LP101525,Male,No,3+,Not Graduate,No,2813,0.0,276.0,240.0,,Semiurban,Y
LP101526,Male,Yes,2,Graduate,No,4251,6096.0,194.0,480.0,1.0,Semiurban,Y
LP101527,Male,No,0,Not Graduate,No,6638,0.0,260.0,,1.0,Semiurban,Y
LP101528,Male,No,1,Graduate,,5288,0.0,355.0,84.0,1.0,Semiurban,Y
LP101529,Male,Yes,2,Graduate,No,3017,903.0,174.0,360.0,1.0,Rural,N
LP101530,Male,Yes,2,Not Graduate,No,14476,4609.0,129.0,360.0,1.0,Rural,Y
LP101531,Female,Yes,2,Graduate,No,4522,1742.0,150.0,360.0,1.0,Semiurban,Y
LP101532,Female,Yes,1,Graduate,No,1500,1187.0,91.0,300.0,1.0,Urban,Y
LP101533,Male,Yes,,Not Graduate,No,8598,758.0,82.0,180.0,1.0,Urban,Y
LP101534,Female,No,3+,Graduate,Yes,4882,0.0,104.0,360.0,,Rural,N
LP101535,Male,Yes,2,Not Graduate,,4436,709.0,115.0,300.0,1.0,Semiurban,Y
LP101536,Female,Yes,0,Graduate,No,4384,2384.0,49.0,84.0,1.0,Rural,Y
LP101537,Female,Yes,0,Not Graduate,Yes,4399,3359.0,63.0,300.0,1.0,Semiurban,Y
LP101538,Male,No,3+,Not Graduate,No,13378,0.0,62.0,300.0,1.0,Rural,Y
LP101539,Male,Yes,3+,Not Graduate,No,6494,2183.0,61.0,180.0,1.0,Urban,Y
LP101540,Male,No,1,Not Graduate,No,5745,0.0,196.0,120.0,1.0,Semiurban,Y
LP101541,Male,Yes,0,Graduate,No,4197,1574.0,109.0,120.0,1.0,Semiurban,Y
LP101542,Male,Yes,0,Not Graduate,No,13864,1661.0,119.0,360.0,1.0,Rural,Y
LP101543,Male,No,0,Not Graduate,No,8149,0.0,168.0,300.0,1.0,Semiurban,Y
LP101544,Male,No,2,Graduate,No,8896,0.0,220.0,360.0,1.0,Urban,Y
LP101545,Female,Yes,1,Graduate,No,5807,1364.0,176.0,360.0,1.0,Rural,Y
LP101546,Female,Yes,2,Not Graduate,,8954,977.0,358.0,360.0,1.0,Semiurban,Y
LP101547,Male,No,2,Graduate,No,6222,0.0,137.0,120.0,1.0,Urban,Y
LP101548,Male,Yes,0,Graduate,No,3933,1707.0,151.0,240.0,1.0,Semiurban,Y
LP101549,Male,Yes,0,Graduate,No,6134,2919.0,93.0,300.0,1.0,Semiurban,Y
LP101550,Male,No,1,Graduate,No,17296,0.0,43.0,360.0,1.0,Semiurban,Y
LP101551,Female,Yes,0,Not Graduate,Yes,5554,780.0,140.0,360.0,0.0,Rural,N
LP101552,Male,Yes,0,Graduate,No,10531,925.0,225.0,180.0,0.0,Semiurban,Y
LP101553,Male,Yes,2,Graduate,No,10044,3144.0,86.0,360.0,1.0,Semiurban,Y
LP101554,Male,Yes,2,Not Graduate,No,6889,1475.0,98.0,60.0,0.0,Urban,N
LP101555,Male,No,2,Graduate,,13280,0.0,238.0,360.0,1.0,Semiurban,Y
LP101556,Female,Yes,2,Not Graduate,No,1500,1933.0,130.0,360.0,1.0,Urban,Y
LP101557,Female,Yes,2,Not Graduate,No,1632,846.0,77.0,36.0,1.0,Urban,Y
LP101558,Male,Yes,2,Not Graduate,No,13859,2710.0,75.0,360.0,1.0,Urban,Y
LP101559,Male,No,0,Not Graduate,No,3332,0.0,,360.0,1.0,Urban,Y
LP101560,Male,Yes,3+,Graduate,No,5255,806.0,124.0,240.0,1.0,Urban,Y
LP101561,Female,No,0,Graduate,Yes,14049,0.0,123.0,84.0,1.0,Semiurban,Y
LP101562,Female,Yes,0,Graduate,No,5540,1657.0,58.0,480.0,1.0,Urban,Y
LP101563,Male,No,0,Graduate,No,13544,0.0,178.0,240.0,1.0,Urban,Y
LP101564,Male,Yes,3+,Graduate,No,3893,4621.0,249.0,300.0,1.0,Rural,Y
LP101565,Female,No,3+,Graduate,No,7111,0.0,108.0,360.0,1.0,Semiurban,Y
LP101566,Male,Yes,2,Graduate,No,5089,471.0,171.0,300.0,1.0,Semiurban,Y
LP101567,Female,Yes,,Graduate,No,12020,3232.0,105.0,360.0,1.0,Urban,Y
LP101568,Male,No,1,Graduate,No,4200,0.0,191.0,360.0,1.0,Semiurban,Y
LP101569,Male,No,3+,Graduate,Yes,2755,0.0,180.0,360.0,0.0,Semiurban,N
LP101570,Male,Yes,2,Graduate,Yes,3712,1453.0,106.0,360.0,1.0,Semiurban,Y
LP101571,Male,No,3+,Graduate,No,3812,0.0,37.0,60.0,0.0,Semiurban,N
LP101572,Male,Yes,0,Not Graduate,No,3333,3429.0,83.0,360.0,1.0,Semiurban,Y
LP101573,Female,No,0,Not Graduate,Yes,3251,0.0,165.0,300.0,1.0,Rural,N
LP101574,Male,Yes,3+,Not Graduate,No,9633,5176.0,228.0,300.0,1.0,Rural,Y
LP101575,Male,Yes,0,Not Graduate,No,11437,730.0,93.0,360.0,1.0,Urban,Y
LP101576,Male,Yes,3+,Not Graduate,No,6217,1308.0,300.0,180.0,1.0,Semiurban,Y
LP101577,Male,Yes,1,Graduate,Yes,3332,2610.0,329.0,360.0,1.0,Urban,Y
LP101578,Male,No,3+,Graduate,No,3461,0.0,204.0,180.0,1.0,Semiurban,Y
LP101579,Male,Yes,0,Not Graduate,No,1500,1167.0,67.0,360.0,1.0,Semiurban,Y
LP101580,Female,Yes,2,Graduate,No,6172,1258.0,205.0,240.0,1.0,Semiurban,Y
LP101581,Male,Yes,1,Graduate,No,3262,1060.0,97.0,120.0,0.0,Semiurban,N
LP101582,Male,No,2,Graduate,No,11880,0.0,94.0,360.0,1.0,Semiurban,Y
LP101583,Male,Yes,1,Graduate,,2149,2738.0,176.0,360.0,,Semiurban,Y
LP101584,Female,Yes,3+,Not Graduate,No,3444,1754.0,173.0,12.0,1.0,Urban,Y
LP101585,Female,No,2,Graduate,No,4640,0.0,,60.0,1.0,Semiurban,Y
LP101586,Female,Yes,0,Graduate,No,6497,753.0,199.0,240.0,1.0,Rural,Y
LP101587,Male,No,3+,Graduate,No,14498,0.0,129.0,360.0,0.0,Urban,N
LP101588,Male,No,0,Not Graduate,No,2159,0.0,56.0,180.0,0.0,Urban,N
LP101589,Male,Yes,1,Not Graduate,No,4100,2381.0,468.0,480.0,1.0,Rural,N
LP101590,Male,No,,Graduate,No,2086,0.0,106.0,360.0,1.0,Semiurban,Y
LP101591,Male,No,3+,Not Graduate,No,7894,0.0,87.0,360.0,1.0,Semiurban,Y
LP101592,Male,Yes,0,Graduate,Yes,3333,1952.0,64.0,12.0,1.0,Semiurban,Y
LP101593,Male,Yes,0,Not Graduate,No,4619,8380.0,147.0,360.0,1.0,Rural,Y
LP101594,Male,No,3+,Not Graduate,Yes,4432,0.0,137.0,360.0,0.0,Rural,N
LP101595,Female,Yes,2,Not Graduate,Yes,5269,4566.0,124.0,360.0,1.0,Urban,Y
LP101596,Male,No,0,Graduate,No,4474,0.0,329.0,84.0,1.0,Semiurban,Y
LP101597,Male,Yes,2,Graduate,No,2743,1496.0,199.0,360.0,1.0,Semiurban,Y
LP101598,Female,Yes,3+,Graduate,Yes,5171,2684.0,72.0,300.0,1.0,Urban,Y
LP101599,Male,Yes,0,Graduate,No,3051,463.0,466.0,300.0,1.0,Semiurban,Y
LP101600,Female,Yes,2,Graduate,No,8012,359.0,54.0,120.0,1.0,Semiurban,Y
LP101601,Male,Yes,1,Graduate,No,5087,1051.0,125.0,300.0,,Rural,Y
LP101602,Male,No,2,Graduate,No,2633,0.0,86.0,60.0,,Rural,Y
LP101603,Female,No,1,Not Graduate,No,20829,0.0,167.0,36.0,1.0,Urban,Y
LP101604,Female,No,2,Graduate,No,13297,0.0,196.0,120.0,1.0,Rural,Y
LP101605,Female,Yes,0,Not Graduate,No,21291,960.0,104.0,360.0,1.0,Semiurban,Y
LP101606,Male,No,2,Not Graduate,No,4000,0.0,252.0,360.0,1.0,Urban,Y
LP101607,Male,Yes,0,Not Graduate,No,2977,2021.0,151.0,360.0,1.0,Semiurban,Y
LP101608,Male,No,1,Not Graduate,No,7973,0.0,322.0,240.0,1.0,Rural,Y
LP101609,Male,Yes,0,Not Graduate,No,9554,2267.0,234.0,240.0,1.0,Semiurban,Y
LP101610,Female,No,2,Not Graduate,Yes,5530,0.0,101.0,360.0,,Rural,Y
LP101611,Male,No,0,Graduate,No,1500,0.0,252.0,240.0,1.0,Semiurban,Y
LP101612,Female,Yes,1,Graduate,Yes,2728,1212.0,91.0,240.0,1.0,Semiurban,Y
LP101613,Male,Yes,1,Not Graduate,Yes,6332,1022.0,195.0,300.0,1.0,Urban,Y
LP101614,Male,Yes,2,Graduate,No,3307,283.0,184.0,84.0,0.0,Urban,N
LP101615,Male,Yes,1,Graduate,No,2166,3012.0,98.0,120.0,1.0,Semiurban,Y
LP101616,Female,Yes,2,Not Graduate,Yes,4210,1044.0,40.0,360.0,1.0,Semiurban,Y
LP101617,Female,Yes,0,Graduate,No,1500,8837.0,325.0,360.0,1.0,Semiurban,Y
LP101618,Female,Yes,0,Not Graduate,No,3422,3262.0,172.0,360.0,1.0,Semiurban,Y
LP101619,Female,No,1,Graduate,,3806,0.0,135.0,120.0,1.0,Rural,N
LP101620,Female,Yes,3+,Graduate,No,5920,3179.0,135.0,240.0,1.0,Urban,Y
LP101621,Female,No,0,Graduate,No,6826,0.0,241.0,360.0,,Semiurban,Y
LP101622,Male,No,0,Not Graduate,No,6164,0.0,498.0,360.0,1.0,Semiurban,Y
LP101623,Male,Yes,0,Graduate,No,8419,2850.0,230.0,300.0,1.0,Urban,Y
LP101624,Male,Yes,2,Not Graduate,No,4443,2079.0,167.0,360.0,,Rural,Y
LP101625,Female,No,1,Graduate,No,2052,0.0,159.0,360.0,1.0,Semiurban,Y
LP101626,Female,No,2,Graduate,No,5046,0.0,167.0,240.0,0.0,Urban,N
LP101627,Male,Yes,0,Graduate,No,2906,2535.0,73.0,360.0,1.0,Rural,Y
LP101628,Female,No,0,Graduate,,2177,0.0,190.0,180.0,1.0,Rural,Y
LP101629,Female,No,0,Graduate,Yes,6956,0.0,61.0,360.0,1.0,Rural,Y
LP101630,Male,No,2,Graduate,No,2105,0.0,,240.0,,Semiurban,Y
LP101631,Male,No,2,Graduate,No,7391,0.0,101.0,360.0,1.0,Rural,Y
LP101632,Female,Yes,0,Graduate,No,2263,1257.0,225.0,180.0,1.0,Urban,Y
LP101633,Male,No,3+,Not Graduate,Yes,4128,0.0,168.0,360.0,1.0,Semiurban,N
LP101634,Female,No,0,Graduate,No,3503,0.0,108.0,120.0,1.0,Urban,Y
LP101635,,Yes,2,Graduate,No,9721,1956.0,73.0,360.0,1.0,Semiurban,Y
LP101636,Female,No,1,Graduate,No,7020,0.0,325.0,240.0,,Rural,Y
LP101637,Female,Yes,0,Not Graduate,No,2997,3395.0,127.0,12.0,,Rural,Y
LP101638,Female,Yes,2,Not Graduate,No,4471,3337.0,381.0,240.0,1.0,Rural,Y
LP101639,Male,Yes,2,Not Graduate,No,10912,898.0,64.0,120.0,1.0,Urban,Y
LP101640,Female,Yes,1,Graduate,No,12037,384.0,115.0,300.0,1.0,Rural,Y
LP101641,Female,Yes,1,Not Graduate,No,2161,846.0,34.0,180.0,1.0,Urban,Y
LP101642,Male,No,0,Not Graduate,No,10826,0.0,211.0,60.0,1.0,Urban,Y
LP101643,Female,Yes,2,Not Graduate,Yes,10340,2811.0,222.0,360.0,,Semiurban,Y
LP101644,Male,Yes,0,Graduate,No,5470,2951.0,93.0,360.0,1.0,Urban,Y
LP101645,Male,Yes,2,Not Graduate,No,4654,1741.0,90.0,36.0,1.0,Urban,Y
LP101646,Male,Yes,0,Graduate,Yes,3532,3268.0,106.0,180.0,1.0,Rural,Y
LP101647,Male,No,0,Graduate,No,2316,0.0,116.0,360.0,1.0,Semiurban,Y
LP101648,Male,No,0,Graduate,No,6023,0.0,95.0,240.0,1.0,Rural,Y
LP101649,Female,No,0,Graduate,No,4438,0.0,256.0,180.0,1.0,Semiurban,Y
LP101650,Male,Yes,1,Graduate,,6380,922.0,101.0,360.0,1.0,Urban,Y
LP101651,Female,Yes,0,Graduate,No,6472,2333.0,43.0,120.0,1.0,Urban,Y
LP101652,Male,No,2,Not Graduate,No,22264,0.0,115.0,360.0,1.0,Rural,Y
LP101653,Male,No,0,Graduate,No,10076,0.0,98.0,60.0,1.0,Urban,Y
LP101654,Male,Yes,2,Not Graduate,No,6823,1322.0,61.0,240.0,1.0,Semiurban,Y
LP101655,Female,No,1,Graduate,No,1500,0.0,150.0,84.0,1.0,Urban,Y
LP101656,Male,No,3+,Not Graduate,No,6219,0.0,42.0,180.0,1.0,Semiurban,Y
LP101657,Male,No,3+,Not Graduate,No,12700,0.0,168.0,360.0,1.0,Urban,Y
LP101658,Female,Yes,3+,Graduate,,3804,2071.0,131.0,360.0,1.0,Urban,Y
LP101659,Male,No,,Not Graduate,No,18295,0.0,,120.0,1.0,Semiurban,Y
LP101660,Male,Yes,1,Graduate,Yes,6811,7873.0,67.0,360.0,1.0,Urban,Y
LP101661,Male,Yes,2,Graduate,,5864,2490.0,55.0,60.0,1.0,Semiurban,Y
LP101662,Female,Yes,3+,Graduate,No,2712,740.0,227.0,120.0,1.0,Semiurban,Y
LP101663,Male,Yes,0,Graduate,No,12115,2998.0,112.0,300.0,1.0,Semiurban,Y
LP101664,Female,Yes,1,Graduate,No,2985,1378.0,49.0,480.0,1.0,Urban,Y
LP101665,Male,Yes,0,Graduate,Yes,3503,1389.0,133.0,480.0,1.0,Semiurban,Y
LP101666,Female,No,1,Not Graduate,No,1589,0.0,113.0,300.0,1.0,Rural,N
LP101667,Female,No,1,Graduate,No,8414,0.0,313.0,360.0,1.0,Semiurban,Y
LP101668,Female,No,1,Graduate,No,6992,0.0,104.0,300.0,1.0,Semiurban,Y
LP101669,Male,Yes,1,Not Graduate,No,4944,9821.0,241.0,360.0,0.0,Rural,N
LP101670,Female,Yes,3+,Graduate,No,7662,1346.0,117.0,360.0,1.0,Rural,Y
LP101671,Male,No,1,Not Graduate,Yes,7241,0.0,66.0,360.0,1.0,Urban,Y
LP101672,Male,Yes,2,Graduate,No,3946,2180.0,178.0,240.0,1.0,Rural,Y
LP101673,Male,No,0,Graduate,No,3068,0.0,278.0,360.0,1.0,Urban,Y
LP101674,Female,No,1,Graduate,Yes,1756,0.0,231.0,300.0,1.0,Rural,N
LP101675,Female,Yes,1,Not Graduate,No,4417,4003.0,162.0,360.0,1.0,Urban,Y
LP101676,Female,No,0,Graduate,No,2241,0.0,244.0,360.0,1.0,Semiurban,Y
LP101677,Male,No,1,Graduate,Yes,5418,0.0,148.0,360.0,1.0,Rural,Y
LP101678,Male,Yes,1,Not Graduate,No,4463,7527.0,141.0,300.0,1.0,Urban,Y
LP101679,Female,Yes,1,Not Graduate,No,3861,689.0,,300.0,1.0,Urban,N
LP101680,Male,Yes,2,Graduate,No,9208,3665.0,152.0,360.0,1.0,Semiurban,Y
LP101681,Male,Yes,1,Not Graduate,No,2719,1538.0,331.0,84.0,1.0,Semiurban,Y
LP101682,Male,Yes,0,Graduate,No,1621,683.0,50.0,360.0,1.0,Urban,Y
LP101683,Male,Yes,2,Graduate,No,4293,1337.0,61.0,240.0,1.0,Semiurban,Y
LP101684,Male,Yes,0,Graduate,No,3152,1509.0,110.0,84.0,1.0,Semiurban,Y
LP101685,Male,No,0,Graduate,No,5286,0.0,59.0,360.0,1.0,Urban,Y
LP101686,Male,Yes,0,Graduate,No,2840,2546.0,202.0,300.0,1.0,Semiurban,Y
LP101687,Male,Yes,0,Graduate,No,6325,2348.0,47.0,300.0,1.0,Urban,Y
LP101688,Female,Yes,0,Graduate,No,2741,1368.0,202.0,300.0,1.0,Urban,Y
LP101689,Male,Yes,0,Graduate,No,2723,2640.0,245.0,360.0,1.0,Semiurban,Y
LP101690,Male,Yes,0,Graduate,Yes,7114,2128.0,199.0,120.0,1.0,Rural,Y
LP101691,Female,Yes,2,Not Graduate,Yes,4779,5089.0,135.0,360.0,0.0,Semiurban,N
LP101692,Male,Yes,0,Not Graduate,Yes,2410,763.0,,240.0,1.0,Urban,Y
LP101693,Female,No,1,Graduate,No,2776,0.0,67.0,360.0,1.0,Semiurban,Y
LP101694,Female,No,3+,Not Graduate,No,3929,0.0,156.0,360.0,1.0,Rural,N
LP101695,Male,Yes,2,Graduate,Yes,2475,2787.0,92.0,12.0,1.0,Semiurban,Y
LP101696,Male,Yes,0,Graduate,No,4134,286.0,229.0,360.0,1.0,Semiurban,Y
LP101697,Female,Yes,3+,Graduate,Yes,4223,475.0,205.0,240.0,1.0,Rural,N
LP101698,Female,No,0,Graduate,Yes,2834,0.0,,180.0,0.0,Semiurban,N
LP101699,Male,Yes,0,Not Graduate,No,7259,6713.0,165.0,240.0,0.0,Rural,N
LP101700,Male,No,3+,Not Graduate,No,2664,0.0,170.0,300.0,0.0,Semiurban,N
LP101701,Male,Yes,3+,Graduate,Yes,10377,3038.0,101.0,84.0,0.0,Urban,N
LP101702,Female,Yes,1,Graduate,No,4310,1931.0,136.0,360.0,1.0,Urban,Y
LP101703,Male,Yes,2,Graduate,No,3308,2873.0,182.0,300.0,0.0,Semiurban,N
LP101704,Female,No,,Graduate,No,6792,0.0,102.0,120.0,0.0,Semiurban,N
LP101705,Male,No,0,Not Graduate,No,5017,0.0,78.0,300.0,1.0,Semiurban,Y
LP101706,Male,Yes,0,Graduate,No,7753,3741.0,153.0,300.0,0.0,Urban,Y
LP101707,Male,Yes,1,Graduate,No,1500,1105.0,327.0,240.0,1.0,Rural,Y
LP101708,Male,Yes,3+,Not Graduate,No,6701,1602.0,122.0,360.0,1.0,Rural,Y
LP101709,Male,Yes,0,Graduate,No,3599,2737.0,108.0,360.0,1.0,Semiurban,Y
LP101710,Male,No,2,Not Graduate,No,5026,0.0,83.0,360.0,0.0,Semiurban,N
LP101711,Male,No,0,Graduate,No,4661,0.0,267.0,60.0,1.0,Urban,Y
LP101712,Female,No,1,Graduate,No,11025,0.0,227.0,300.0,1.0,Semiurban,Y
LP101713,Male,No,2,Graduate,No,1609,0.0,123.0,360.0,1.0,Semiurban,Y
LP101714,Male,Yes,2,Graduate,No,12944,462.0,83.0,360.0,1.0,Semiurban,Y
LP101715,Female,No,0,Not Graduate,No,7509,0.0,83.0,180.0,,Semiurban,Y
LP101716,Female,No,1,Graduate,No,5384,0.0,80.0,360.0,1.0,Semiurban,Y
LP101717,Female,Yes,1,Not Graduate,Yes,2079,1765.0,99.0,240.0,0.0,Urban,N
LP101718,Female,No,0,Graduate,No,1802,0.0,95.0,360.0,1.0,Urban,Y
LP101719,Male,Yes,0,Not Graduate,No,3510,708.0,86.0,300.0,1.0,Rural,N
LP101720,Male,No,,Not Graduate,No,7194,0.0,262.0,360.0,1.0,Urban,Y
LP101721,Female,Yes,1,Graduate,No,4897,374.0,347.0,360.0,1.0,Urban,Y
LP101722,Female,Yes,0,Graduate,No,6953,2008.0,69.0,180.0,0.0,Semiurban,Y
LP101723,Male,No,1,Not Graduate,No,2042,0.0,95.0,360.0,1.0,Urban,N
LP101724,Female,Yes,,Graduate,Yes,5047,670.0,76.0,12.0,1.0,Semiurban,Y
LP101725,Male,Yes,0,Not Graduate,No,9482,5153.0,162.0,360.0,1.0,Semiurban,Y
LP101726,Male,Yes,2,Graduate,No,11744,4289.0,109.0,360.0,0.0,Urban,Y
LP101727,Male,Yes,0,Not Graduate,No,2316,1915.0,72.0,120.0,0.0,Urban,N
LP101728,Male,Yes,0,Graduate,No,3979,4495.0,361.0,360.0,1.0,Urban,Y
LP101729,Male,No,0,Not Graduate,No,4005,0.0,179.0,120.0,1.0,Semiurban,Y
LP101730,Male,No,1,Graduate,No,3375,0.0,74.0,300.0,0.0,Rural,N
LP101731,Female,Yes,2,Not Graduate,No,8473,3606.0,331.0,180.0,1.0,Urban,Y
LP101732,Male,No,0,Graduate,No,27525,0.0,67.0,120.0,0.0,Semiurban,Y
LP101733,Male,Yes,2,Graduate,No,2519,2555.0,194.0,360.0,1.0,Rural,Y
LP101734,Female,No,1,Not Graduate,No,6341,0.0,572.0,360.0,0.0,Urban,N
LP101735,Female,Yes,0,Not Graduate,No,5868,796.0,124.0,360.0,1.0,Semiurban,Y
LP101736,Female,Yes,1,Not Graduate,No,5944,650.0,112.0,12.0,1.0,Semiurban,Y
LP101737,Female,Yes,2,Graduate,Yes,10935,2692.0,148.0,360.0,1.0,Semiurban,Y
LP101738,Female,Yes,2,Graduate,Yes,6148,1442.0,510.0,60.0,0.0,Rural,N
LP101739,Male,No,2,Graduate,No,1500,0.0,325.0,300.0,1.0,Semiurban,Y
LP101740,Male,No,0,Not Graduate,No,2075,0.0,102.0,120.0,1.0,Urban,Y
LP101741,Male,Yes,2,Graduate,No,2591,3819.0,161.0,360.0,1.0,Semiurban,Y
LP101742,Male,Yes,0,Graduate,Yes,3136,708.0,233.0,300.0,1.0,Urban,Y
LP101743,Male,No,2,Not Graduate,No,4519,0.0,103.0,300.0,1.0,Urban,Y
LP101744,Female,No,3+,Graduate,No,4320,0.0,68.0,,1.0,Rural,Y
LP101745,Male,Yes,0,Not Graduate,No,1645,872.0,257.0,240.0,1.0,Semiurban,Y
LP101746,Male,Yes,1,Graduate,No,1872,7085.0,182.0,300.0,1.0,Semiurban,Y
LP101747,Male,No,2,Not Graduate,No,1500,0.0,162.0,300.0,1.0,Urban,N
LP101748,Female,Yes,2,Not Graduate,No,1934,1709.0,260.0,360.0,1.0,Urban,Y
LP101749,,Yes,0,Not Graduate,Yes,8907,592.0,67.0,180.0,1.0,Urban,Y
LP101750,Female,Yes,3+,Graduate,,4178,610.0,116.0,360.0,1.0,Rural,Y
LP101751,Male,No,2,Not Graduate,No,2774,0.0,653.0,360.0,1.0,Rural,N
LP101752,Male,No,0,Graduate,No,1555,0.0,188.0,360.0,1.0,Semiurban,Y
LP101753,Male,No,0,Not Graduate,No,2676,0.0,195.0,360.0,1.0,Urban,Y
LP101754,Female,No,2,Graduate,No,7074,0.0,143.0,360.0,1.0,Semiurban,Y
LP101755,Male,No,0,Graduate,No,6538,0.0,44.0,84.0,1.0,Rural,Y
LP101756,Female,Yes,0,Not Graduate,Yes,4223,1359.0,82.0,360.0,1.0,Rural,Y
LP101757,Male,No,1,Graduate,No,4187,0.0,232.0,360.0,0.0,Semiurban,N
LP101758,Male,Yes,2,Not Graduate,No,1698,4410.0,97.0,240.0,1.0,Semiurban,Y
LP101759,Female,No,2,Graduate,No,3085,0.0,121.0,360.0,1.0,Semiurban,Y
LP101760,Female,Yes,1,Not Graduate,No,6859,1495.0,159.0,360.0,1.0,Urban,Y
LP101761,Female,Yes,2,Not Graduate,,3278,2690.0,74.0,84.0,0.0,Semiurban,N
LP101762,Female,No,3+,Graduate,No,13017,0.0,62.0,240.0,1.0,Semiurban,Y
LP101763,,No,0,Graduate,No,10130,0.0,133.0,480.0,1.0,Semiurban,Y
LP101764,Female,Yes,2,Not Graduate,No,3743,1675.0,107.0,300.0,1.0,Semiurban,Y
LP101765,Female,Yes,3+,Graduate,No,4191,1133.0,153.0,84.0,1.0,Semiurban,Y
LP101766,Female,Yes,2,Graduate,No,18654,928.0,56.0,360.0,1.0,Semiurban,Y
LP101767,Female,Yes,2,Graduate,No,8170,796.0,97.0,360.0,1.0,Urban,Y
LP101768,Male,No,0,Graduate,No,5126,0.0,,360.0,1.0,Rural,Y
LP101769,Female,Yes,1,Graduate,No,5494,2415.0,700.0,360.0,1.0,Semiurban,Y
LP101770,Male,No,1,Graduate,No,5374,0.0,144.0,300.0,1.0,Semiurban,Y
LP101771,Female,Yes,2,Graduate,No,4864,728.0,200.0,360.0,1.0,Urban,Y
LP101772,Female,No,3+,Graduate,No,2584,0.0,179.0,180.0,0.0,Rural,N
LP101773,Male,No,0,Graduate,Yes,3860,0.0,160.0,240.0,1.0,Semiurban,Y
LP101774,Female,Yes,0,Graduate,No,2076,1107.0,202.0,120.0,1.0,Semiurban,Y
LP101775,Male,Yes,0,Graduate,No,7592,4449.0,75.0,240.0,1.0,Rural,Y
LP101776,Male,No,2,Not Graduate,No,4539,0.0,,180.0,1.0,Rural,N
LP101777,Female,No,0,Graduate,No,7826,0.0,156.0,240.0,1.0,Semiurban,Y
LP101778,Male,Yes,2,Not Graduate,No,2287,6300.0,75.0,360.0,,Urban,Y
LP101779,Female,Yes,0,Not Graduate,Yes,11536,2068.0,174.0,240.0,1.0,Rural,Y
LP101780,Female,Yes,1,Graduate,No,10706,980.0,42.0,360.0,1.0,Rural,Y
LP101781,Male,Yes,0,Graduate,No,1910,1683.0,218.0,300.0,0.0,Urban,N
LP101782,Male,Yes,3+,Graduate,No,3628,1746.0,122.0,84.0,1.0,Semiurban,Y
LP101783,Male,Yes,1,Not Graduate,No,3872,7201.0,203.0,360.0,0.0,Semiurban,N
LP101784,Male,No,3+,Graduate,No,2074,0.0,244.0,60.0,1.0,Urban,N
LP101785,Female,No,1,Not Graduate,Yes,4205,0.0,312.0,360.0,1.0,Urban,Y
LP101786,Male,No,0,Not Graduate,No,6869,0.0,157.0,360.0,1.0,Semiurban,Y
LP101787,Male,No,0,Graduate,Yes,3708,0.0,47.0,360.0,0.0,Rural,N
LP101788,Male,No,3+,Graduate,No,1758,0.0,46.0,180.0,0.0,Urban,N
LP101789,Male,Yes,2,Graduate,No,7812,7790.0,62.0,300.0,1.0,Rural,Y
LP101790,Female,Yes,0,Graduate,No,3056,3099.0,206.0,120.0,1.0,Rural,Y
LP101791,Male,No,2,Graduate,No,3255,0.0,57.0,240.0,1.0,Rural,Y
LP101792,Female,Yes,1,Not Graduate,No,13477,851.0,116.0,180.0,1.0,Urban,Y
LP101793,Male,Yes,0,Not Graduate,No,6235,7663.0,104.0,360.0,1.0,Semiurban,Y
LP101794,Female,No,0,Graduate,Yes,3024,0.0,166.0,84.0,,Semiurban,Y
LP101795,Male,No,2,Graduate,No,2407,0.0,206.0,180.0,1.0,Rural,Y
LP101796,Male,No,0,Graduate,No,8773,0.0,142.0,180.0,0.0,Semiurban,N
LP101797,Female,Yes,0,Graduate,No,8418,1553.0,217.0,360.0,1.0,Urban,Y
LP101798,,No,0,Not Graduate,,3626,0.0,69.0,360.0,1.0,Urban,Y
LP101799,Female,No,0,Graduate,No,2309,0.0,247.0,,1.0,Semiurban,Y
LP101800,Female,Yes,1,Not Graduate,Yes,6194,2268.0,145.0,360.0,0.0,Rural,N
LP101801,Male,No,0,Not Graduate,No,7018,0.0,211.0,,1.0,Semiurban,Y
LP101802,Male,Yes,0,Graduate,No,3929,2769.0,98.0,300.0,1.0,Semiurban,Y
LP101803,Female,Yes,3+,Graduate,No,2535,456.0,39.0,360.0,1.0,Urban,Y
LP101804,Male,Yes,0,Graduate,Yes,4988,1756.0,200.0,300.0,1.0,Rural,Y
LP101805,Male,Yes,1,Graduate,,6483,2735.0,123.0,240.0,1.0,Semiurban,Y
LP101806,Male,Yes,1,Graduate,No,3669,3861.0,276.0,12.0,1.0,Rural,Y
LP101807,Male,Yes,1,Not Graduate,No,5751,2546.0,172.0,120.0,1.0,Semiurban,Y
LP101808,Male,Yes,2,Graduate,No,6103,2672.0,700.0,360.0,1.0,Semiurban,Y
LP101809,Female,Yes,0,Not Graduate,No,9772,1494.0,287.0,240.0,1.0,Semiurban,Y
LP101810,Female,No,3+,Not Graduate,No,3818,0.0,115.0,180.0,1.0,Urban,N
LP101811,Female,Yes,2,Not Graduate,,2481,14295.0,51.0,360.0,1.0,Urban,Y
LP101812,Female,Yes,2,Graduate,No,4720,4748.0,79.0,360.0,1.0,Urban,Y
LP101813,Male,No,0,Not Graduate,No,13527,0.0,76.0,180.0,1.0,Semiurban,Y
LP101814,Female,Yes,0,Not Graduate,No,1706,3238.0,98.0,180.0,1.0,Semiurban,Y
LP101815,Male,Yes,1,Graduate,No,1500,1921.0,124.0,360.0,0.0,Urban,N
LP101816,Male,Yes,3+,Not Graduate,No,4606,1913.0,162.0,360.0,1.0,Semiurban,Y
LP101817,Male,No,1,Not Graduate,Yes,3914,0.0,306.0,360.0,1.0,Semiurban,N
LP101818,Male,No,0,Graduate,No,4337,0.0,79.0,300.0,1.0,Semiurban,Y
LP101819,Female,No,0,Not Graduate,No,4241,0.0,58.0,240.0,1.0,Urban,Y
LP101820,Female,No,2,Graduate,No,8985,0.0,221.0,360.0,1.0,Semiurban,Y
LP101821,Male,Yes,2,Graduate,No,4791,3364.0,298.0,120.0,,Urban,Y
LP101822,Male,Yes,0,Graduate,No,8036,4254.0,100.0,,1.0,Urban,Y
LP101823,Female,Yes,0,Graduate,No,1500,2929.0,250.0,240.0,0.0,Semiurban,Y
LP101824,Male,Yes,1,Graduate,No,3578,1499.0,213.0,360.0,1.0,Urban,Y
LP101825,Male,No,1,Graduate,No,3013,0.0,48.0,,1.0,Rural,Y
LP101826,Male,No,2,Not Graduate,No,1500,0.0,91.0,60.0,0.0,Rural,N
LP101827,Female,Yes,2,Graduate,Yes,5229,4341.0,100.0,360.0,1.0,Semiurban,Y
LP101828,Female,No,2,Graduate,No,4627,0.0,442.0,180.0,1.0,Urban,N
LP101829,Male,Yes,0,Graduate,Yes,3713,573.0,182.0,240.0,1.0,Semiurban,Y
LP101830,Male,Yes,2,Graduate,Yes,4556,895.0,99.0,360.0,1.0,Semiurban,Y
LP101831,Female,,3+,Graduate,No,5229,0.0,88.0,360.0,1.0,Semiurban,Y
LP101832,Female,Yes,3+,Graduate,Yes,9025,619.0,52.0,360.0,1.0,Urban,Y
LP101833,Male,Yes,3+,Graduate,No,7226,3770.0,254.0,180.0,0.0,Urban,N
LP101834,Female,Yes,0,Graduate,No,5985,1450.0,170.0,360.0,1.0,Urban,Y
LP101835,Male,Yes,2,Graduate,Yes,19620,3183.0,194.0,240.0,1.0,Semiurban,Y
LP101836,Male,No,3+,Not Graduate,No,3213,0.0,62.0,240.0,1.0,Rural,N
LP101837,Female,No,2,Graduate,No,2173,0.0,208.0,84.0,1.0,Semiurban,Y
LP101838,Male,Yes,0,Not Graduate,No,9941,757.0,116.0,360.0,1.0,Urban,Y
LP101839,Male,Yes,3+,Graduate,No,15064,1166.0,86.0,360.0,1.0,Urban,Y
LP101840,Male,No,1,Graduate,No,3357,0.0,182.0,,1.0,Semiurban,Y
LP101841,Male,No,0,Graduate,No,11233,0.0,65.0,180.0,1.0,Urban,Y
LP101842,Female,Yes,0,Not Graduate,No,3568,3227.0,,84.0,1.0,Urban,Y
LP101843,Male,Yes,2,Graduate,No,6980,1081.0,114.0,360.0,1.0,Urban,Y
LP101844,Female,No,1,Not Graduate,No,7216,0.0,255.0,360.0,1.0,Semiurban,Y
LP101845,Male,Yes,0,Graduate,No,3365,6024.0,229.0,120.0,1.0,Semiurban,Y
LP101846,Male,Yes,2,Graduate,Yes,14883,3488.0,141.0,360.0,0.0,Rural,Y
LP101847,Male,Yes,2,Not Graduate,No,15945,1966.0,158.0,120.0,1.0,Semiurban,Y
LP101848,Female,Yes,2,Graduate,No,2663,563.0,192.0,12.0,1.0,Urban,Y
LP101849,Male,Yes,0,Graduate,No,5544,602.0,133.0,300.0,1.0,Semiurban,Y
LP101850,Female,Yes,2,Graduate,No,8507,3010.0,82.0,360.0,1.0,Urban,Y
LP101851,Male,No,0,Graduate,No,1588,0.0,100.0,360.0,1.0,Semiurban,Y
LP101852,Female,Yes,0,Graduate,No,4992,381.0,64.0,240.0,1.0,Urban,Y
LP101853,Male,Yes,1,Graduate,No,1822,3164.0,233.0,180.0,1.0,Urban,Y
LP101854,Female,Yes,2,Graduate,No,7335,1153.0,170.0,180.0,1.0,Semiurban,Y
LP101855,Female,No,1,Graduate,No,5174,0.0,104.0,180.0,0.0,Urban,N
LP101856,Female,Yes,0,Graduate,No,3927,3681.0,86.0,120.0,1.0,Urban,Y
LP101857,Female,Yes,1,Not Graduate,No,1919,3248.0,154.0,60.0,1.0,Urban,Y
LP101858,Female,Yes,1,Graduate,No,3431,1670.0,57.0,360.0,0.0,Semiurban,N
LP101859,Male,No,3+,Not Graduate,No,6711,0.0,70.0,180.0,1.0,Urban,Y
LP101860,Male,Yes,3+,Not Graduate,No,4795,1351.0,132.0,120.0,0.0,Semiurban,N
LP101861,Male,Yes,0,Graduate,No,10051,961.0,580.0,360.0,0.0,Semiurban,N
LP101862,Female,Yes,0,Graduate,No,9668,4954.0,176.0,360.0,1.0,Urban,Y
LP101863,Male,No,0,Graduate,No,9425,0.0,150.0,360.0,1.0,Rural,Y
LP101864,Female,Yes,2,Graduate,No,3559,1080.0,66.0,120.0,1.0,Rural,Y
LP101865,Male,No,0,Graduate,No,5866,0.0,76.0,240.0,0.0,Rural,N
LP101866,Male,No,0,Not Graduate,No,2754,0.0,303.0,360.0,1.0,Semiurban,Y
LP101867,Male,No,1,Graduate,No,2307,0.0,101.0,60.0,1.0,Urban,Y
LP101868,Female,Yes,0,Graduate,No,9987,3431.0,140.0,240.0,1.0,Semiurban,Y
LP101869,Male,No,0,Graduate,No,2411,0.0,191.0,240.0,1.0,Urban,Y
LP101870,Male,Yes,1,Not Graduate,,2261,1437.0,104.0,300.0,1.0,Urban,Y
LP101871,Male,Yes,0,Graduate,No,5234,3955.0,99.0,300.0,1.0,Urban,Y
LP101872,Male,No,1,Graduate,No,4178,0.0,47.0,300.0,1.0,Semiurban,Y
LP101873,,Yes,3+,Graduate,No,4400,1129.0,64.0,120.0,1.0,Urban,Y
LP101874,Male,Yes,0,Graduate,No,19602,2443.0,190.0,240.0,1.0,Semiurban,Y
LP101875,Female,Yes,1,Not Graduate,No,2706,428.0,103.0,240.0,0.0,Urban,N
LP101876,Male,Yes,3+,Not Graduate,No,6614,1916.0,200.0,360.0,1.0,Semiurban,Y
LP101877,Male,Yes,3+,Not Graduate,No,5177,4577.0,51.0,360.0,1.0,Semiurban,Y
LP101878,Male,No,1,Graduate,No,9005,0.0,218.0,360.0,1.0,Urban,Y
LP101879,Male,No,2,Not Graduate,No,3067,0.0,131.0,360.0,1.0,Urban,Y
LP101880,Male,No,0,Graduate,Yes,4295,0.0,55.0,60.0,0.0,Urban,N
LP101881,Male,Yes,2,Graduate,No,5263,5963.0,264.0,300.0,0.0,Urban,Y
LP101882,Male,No,3+,Graduate,,2079,0.0,57.0,360.0,1.0,Semiurban,N
LP101883,Male,Yes,1,Graduate,Yes,1663,1676.0,256.0,360.0,1.0,Rural,Y
LP101884,Female,Yes,1,Graduate,No,4853,1092.0,131.0,360.0,1.0,Semiurban,Y
LP101885,Female,Yes,0,Graduate,No,10966,3589.0,78.0,360.0,1.0,Rural,Y
LP101886,Female,Yes,2,Graduate,No,3978,4466.0,407.0,180.0,1.0,Rural,Y
LP101887,Male,Yes,1,Graduate,No,4319,5447.0,171.0,480.0,0.0,Semiurban,N
LP101888,Male,Yes,2,Not Graduate,No,9802,2883.0,278.0,84.0,1.0,Urban,Y
LP101889,Male,Yes,0,Not Graduate,No,4494,1359.0,174.0,360.0,1.0,Rural,Y
LP101890,Male,Yes,1,Graduate,No,7833,475.0,117.0,120.0,1.0,Semiurban,Y
LP101891,Female,Yes,1,Not Graduate,No,24340,8523.0,79.0,360.0,0.0,Rural,Y
LP101892,Male,No,0,Not Graduate,No,3476,0.0,120.0,360.0,1.0,Semiurban,Y
LP101893,Male,No,0,Not Graduate,No,4419,0.0,148.0,360.0,1.0,Semiurban,Y
LP101894,Male,Yes,0,Graduate,No,6233,2106.0,219.0,240.0,1.0,Rural,Y
LP101895,Female,Yes,2,Not Graduate,Yes,12027,1515.0,106.0,120.0,1.0,Semiurban,Y
LP101896,Male,No,2,Graduate,Yes,4586,0.0,182.0,360.0,1.0,Semiurban,Y
LP101897,Male,Yes,2,Graduate,Yes,7612,1312.0,367.0,360.0,1.0,Semiurban,Y
LP101898,Male,No,0,Not Graduate,No,6055,0.0,147.0,180.0,0.0,Rural,N
LP101899,Male,Yes,3+,Not Graduate,No,4706,729.0,41.0,240.0,1.0,Semiurban,N
LP101900,Male,No,2,Graduate,No,3819,0.0,138.0,180.0,1.0,Urban,Y
LP101901,Male,Yes,1,Not Graduate,No,3410,3636.0,126.0,360.0,1.0,Semiurban,Y
LP101902,Male,Yes,0,Graduate,No,30924,372.0,124.0,360.0,1.0,Semiurban,Y
LP101903,Male,No,0,Graduate,No,1949,0.0,51.0,360.0,1.0,Urban,Y
LP101904,Male,Yes,3+,Graduate,No,2063,1166.0,158.0,60.0,1.0,Urban,Y
LP101905,Male,Yes,0,Not Graduate,No,5692,6583.0,,360.0,1.0,Urban,Y
LP101906,Male,Yes,0,Not Graduate,No,5552,2352.0,126.0,180.0,1.0,Rural,Y
LP101907,Female,No,,Not Graduate,No,6347,0.0,237.0,360.0,1.0,Urban,Y
LP101908,Female,Yes,2,Graduate,No,2908,5776.0,82.0,360.0,1.0,Semiurban,Y
LP101909,Male,Yes,0,Graduate,No,2654,1839.0,126.0,360.0,1.0,Rural,Y
LP101910,Male,Yes,0,Graduate,No,4141,2008.0,118.0,360.0,,Urban,Y
LP101911,Male,Yes,1,Graduate,Yes,8472,3676.0,121.0,240.0,1.0,Urban,Y
LP101912,Male,No,1,Graduate,Yes,2668,0.0,102.0,360.0,1.0,Rural,N
LP101913,Female,Yes,1,Graduate,Yes,5381,5755.0,106.0,300.0,1.0,Semiurban,Y
LP101914,Male,Yes,1,Graduate,No,3614,2868.0,366.0,360.0,1.0,Urban,Y
LP101915,Female,Yes,2,Not Graduate,No,1969,1082.0,104.0,300.0,0.0,Rural,N
LP101916,Male,Yes,2,Graduate,No,2278,1279.0,157.0,360.0,1.0,Rural,Y
LP101917,Male,Yes,2,Not Graduate,No,8486,661.0,143.0,360.0,0.0,Rural,N
LP101918,Female,Yes,0,Graduate,No,3421,2312.0,140.0,360.0,1.0,Urban,Y
LP101919,Female,Yes,2,Graduate,Yes,10365,1568.0,179.0,300.0,1.0,Semiurban,Y
LP101920,Female,No,0,Graduate,No,4806,0.0,91.0,84.0,1.0,Semiurban,Y
LP101921,Female,Yes,0,Graduate,No,2163,463.0,311.0,360.0,1.0,Semiurban,Y
LP101922,Male,No,3+,Graduate,No,6544,0.0,77.0,300.0,0.0,Urban,N
LP101923,Female,Yes,2,Graduate,No,3038,824.0,121.0,360.0,1.0,Urban,Y
LP101924,Male,Yes,1,Not Graduate,Yes,3920,2682.0,65.0,360.0,1.0,Semiurban,Y
LP101925,Female,Yes,3+,Not Graduate,Yes,9697,1117.0,230.0,240.0,0.0,Urban,N
LP101926,Male,Yes,3+,Graduate,No,2266,2634.0,77.0,,1.0,Urban,Y
LP101927,Female,No,2,Graduate,No,3752,0.0,211.0,360.0,1.0,Semiurban,Y
LP101928,Male,No,2,Not Graduate,No,2565,0.0,157.0,180.0,1.0,Semiurban,Y
LP101929,Male,No,2,Not Graduate,No,2406,0.0,149.0,480.0,1.0,Urban,N
LP101930,Male,Yes,0,Graduate,No,3699,3761.0,262.0,480.0,1.0,Semiurban,Y
LP101931,Female,Yes,0,Not Graduate,No,2937,1651.0,93.0,180.0,1.0,Semiurban,Y
LP101932,Male,Yes,2,Graduate,No,4169,3783.0,323.0,480.0,1.0,Semiurban,Y
LP101933,Male,No,0,Graduate,No,7210,0.0,106.0,360.0,1.0,Urban,Y
LP101934,,Yes,0,Graduate,No,3132,1748.0,173.0,120.0,1.0,Urban,Y
LP101935,Male,Yes,0,Graduate,,2036,1246.0,119.0,480.0,1.0,Semiurban,Y
LP101936,Female,Yes,1,Graduate,No,7221,8061.0,194.0,84.0,1.0,Rural,Y
LP101937,Male,Yes,3+,Graduate,No,3119,698.0,73.0,360.0,1.0,Urban,Y
LP101938,Female,No,2,Not Graduate,No,14715,0.0,143.0,360.0,1.0,Semiurban,Y
LP101939,Male,Yes,1,Graduate,No,3845,602.0,135.0,360.0,1.0,Urban,Y
LP101940,Male,Yes,3+,Graduate,No,4529,3257.0,174.0,12.0,1.0,Urban,Y
LP101941,Female,Yes,3+,Graduate,Yes,1500,1099.0,171.0,240.0,1.0,Urban,Y
LP101942,Female,No,1,Graduate,No,2447,0.0,80.0,60.0,1.0,Rural,Y
LP101943,Male,Yes,3+,Graduate,No,1500,1577.0,294.0,180.0,1.0,Urban,Y
LP101944,Male,No,1,Not Graduate,No,5863,0.0,129.0,360.0,1.0,Urban,Y
LP101945,Female,Yes,0,Not Graduate,Yes,4679,1929.0,208.0,360.0,1.0,Semiurban,Y
LP101946,Male,No,0,Graduate,No,7172,0.0,63.0,360.0,1.0,Urban,Y
LP101947,Female,No,2,Graduate,No,7978,0.0,104.0,360.0,1.0,Urban,Y
LP101948,Female,Yes,1,Not Graduate,No,8750,808.0,256.0,180.0,1.0,Urban,Y
LP101949,Female,Yes,2,Graduate,No,4294,2638.0,358.0,360.0,1.0,Rural,Y
LP101950,Male,Yes,2,Graduate,No,5173,3609.0,173.0,360.0,0.0,Urban,Y
LP101951,,Yes,0,Graduate,Yes,6956,1658.0,127.0,360.0,0.0,Rural,N
LP101952,Male,No,,Not Graduate,No,3050,0.0,70.0,60.0,1.0,Urban,Y
LP101953,Male,Yes,1,Graduate,No,2799,7228.0,216.0,240.0,1.0,Urban,Y
LP101954,Male,Yes,0,Not Graduate,No,12382,2626.0,161.0,36.0,1.0,Rural,Y
LP101955,Male,Yes,2,Graduate,No,1662,1015.0,32.0,120.0,1.0,Semiurban,Y
LP101956,Female,Yes,1,Graduate,No,6634,2684.0,47.0,180.0,1.0,Urban,Y
LP101957,Female,No,,Not Graduate,No,6031,0.0,165.0,300.0,1.0,Semiurban,Y
LP101958,Female,Yes,0,Graduate,No,2504,4633.0,81.0,360.0,1.0,Urban,Y
LP101959,Male,No,2,Graduate,No,3292,0.0,71.0,84.0,1.0,Semiurban,Y
LP101960,Male,No,2,Graduate,No,3967,0.0,126.0,60.0,1.0,Semiurban,Y
LP101961,Male,Yes,3+,Graduate,No,5597,810.0,164.0,360.0,0.0,Urban,N
LP101962,Female,Yes,2,Graduate,No,6069,368.0,316.0,84.0,0.0,Rural,N
LP101963,Male,No,1,Not Graduate,No,4824,0.0,82.0,300.0,1.0,Semiurban,Y
LP101964,Female,Yes,0,Not Graduate,No,5502,1606.0,174.0,84.0,1.0,Urban,Y
LP101965,Male,Yes,2,Not Graduate,No,7300,1321.0,72.0,300.0,1.0,Urban,Y
LP101966,Male,Yes,3+,Not Graduate,No,7100,4591.0,99.0,84.0,1.0,Rural,Y
LP101967,Female,Yes,0,Not Graduate,No,12339,1127.0,150.0,360.0,1.0,Semiurban,Y
LP101968,Male,No,0,Not Graduate,No,9190,0.0,122.0,60.0,1.0,Semiurban,Y
LP101969,Female,Yes,0,Not Graduate,No,4967,1842.0,59.0,240.0,1.0,Rural,N
LP101970,Female,Yes,2,Graduate,No,7218,2202.0,182.0,240.0,1.0,Semiurban,Y
LP101971,Male,No,1,Graduate,No,6337,0.0,209.0,360.0,1.0,Semiurban,Y
LP101972,Male,No,0,Not Graduate,No,5424,0.0,553.0,240.0,1.0,Urban,Y
LP101973,Male,Yes,3+,Graduate,No,2918,1136.0,153.0,60.0,1.0,Semiurban,Y
LP101974,Female,No,1,Not Graduate,Yes,5417,0.0,149.0,300.0,0.0,Semiurban,N
LP101975,Male,Yes,0,Graduate,No,1500,690.0,161.0,360.0,1.0,Rural,Y
LP101976,Male,No,0,Graduate,No,9352,0.0,59.0,240.0,1.0,Urban,Y
LP101977,Male,Yes,,Not Graduate,No,6064,3438.0,61.0,360.0,0.0,Urban,Y
LP101978,Female,Yes,1,Graduate,Yes,4467,1794.0,127.0,84.0,1.0,Urban,Y
LP101979,Male,No,0,Not Graduate,No,3818,0.0,33.0,240.0,1.0,Semiurban,Y
LP101980,Female,Yes,1,Not Graduate,No,7278,201.0,68.0,120.0,1.0,Urban,Y
LP101981,Female,No,2,Not Graduate,,14801,0.0,99.0,180.0,1.0,Rural,Y
LP101982,Male,Yes,2,Graduate,No,6155,1502.0,245.0,360.0,1.0,Rural,Y
LP101983,Male,No,0,Graduate,Yes,15388,0.0,156.0,360.0,1.0,Semiurban,Y
LP101984,Female,No,1,Graduate,No,7868,0.0,54.0,180.0,1.0,Urban,Y
LP101985,Male,Yes,2,Not Graduate,No,3031,2521.0,131.0,480.0,0.0,Urban,N
LP101986,Female,No,,Graduate,No,6585,0.0,190.0,180.0,,Rural,Y
LP101987,Male,Yes,0,Graduate,No,6210,1603.0,206.0,120.0,1.0,Urban,Y
LP101988,Male,No,1,Graduate,No,3030,0.0,,360.0,1.0,Semiurban,Y
LP101989,Female,Yes,2,Graduate,No,3848,1421.0,275.0,360.0,1.0,Urban,Y
LP101990,Male,No,0,Not Graduate,No,3802,0.0,189.0,360.0,1.0,Rural,N
LP101991,Male,Yes,2,Graduate,No,5219,5563.0,179.0,360.0,0.0,Urban,Y
LP101992,Male,Yes,2,Graduate,No,4154,4352.0,154.0,480.0,0.0,Urban,N
LP101993,Male,Yes,3+,Not Graduate,Yes,5774,1792.0,222.0,180.0,1.0,Semiurban,Y
LP101994,Male,Yes,0,Not Graduate,Yes,6363,9117.0,83.0,300.0,1.0,Urban,Y
LP101995,Male,No,2,Not Graduate,Yes,10515,0.0,118.0,360.0,1.0,Semiurban,Y
LP101996,Female,Yes,0,Not Graduate,No,6832,1206.0,88.0,120.0,1.0,Urban,Y
LP101997,Male,No,1,Graduate,Yes,3225,0.0,174.0,180.0,1.0,Semiurban,Y
LP101998,Female,Yes,1,Graduate,No,17442,2300.0,114.0,180.0,,Urban,Y
LP101999,Male,Yes,1,Not Graduate,No,3238,696.0,246.0,240.0,0.0,Semiurban,N
LP102000,Female,Yes,2,Not Graduate,Yes,3894,2670.0,138.0,360.0,1.0,Rural,Y
LP102001,Male,No,0,Graduate,No,7033,0.0,254.0,360.0,1.0,Rural,Y
LP102002,,No,1,Not Graduate,No,27922,0.0,37.0,360.0,0.0,Semiurban,Y
LP102003,Male,Yes,,Not Graduate,Yes,6253,3075.0,87.0,300.0,1.0,Semiurban,Y
LP102004,Male,Yes,2,Graduate,Yes,3344,2655.0,235.0,360.0,1.0,Semiurban,Y
LP102005,Male,Yes,0,Graduate,No,1837,813.0,135.0,300.0,1.0,Urban,Y
LP102006,Male,No,2,Not Graduate,Yes,1766,0.0,253.0,360.0,,Semiurban,Y
LP102007,Male,Yes,2,Not Graduate,No,4947,2060.0,,180.0,1.0,Urban,Y
LP102008,Male,No,2,Not Graduate,Yes,6814,0.0,76.0,60.0,1.0,Urban,Y
LP102009,Female,Yes,0,Not Graduate,No,2096,568.0,393.0,360.0,1.0,Semiurban,Y
LP102010,Male,No,2,Graduate,No,5614,0.0,90.0,360.0,1.0,Semiurban,Y
LP102011,Male,No,0,Graduate,No,2234,0.0,85.0,360.0,1.0,Urban,Y
LP102012,Male,Yes,2,Graduate,Yes,2822,2876.0,219.0,360.0,1.0,Semiurban,Y
LP102013,Female,Yes,2,Not Graduate,,7179,928.0,77.0,180.0,1.0,Rural,Y
LP102014,Male,Yes,1,Graduate,,3138,1742.0,61.0,300.0,1.0,Semiurban,Y
LP102015,Male,Yes,2,Graduate,No,10786,2519.0,84.0,360.0,1.0,Semiurban,Y
LP102016,Male,No,0,Not Graduate,No,3461,0.0,219.0,360.0,1.0,Urban,Y
LP102017,Female,Yes,1,Graduate,No,9563,974.0,484.0,360.0,0.0,Rural,N
LP102018,Female,No,0,Not Graduate,No,19132,0.0,134.0,360.0,1.0,Urban,Y
LP102019,Male,Yes,3+,Graduate,No,3141,873.0,86.0,300.0,1.0,Rural,Y
LP102020,Female,Yes,3+,Graduate,No,21582,1390.0,281.0,480.0,1.0,Rural,Y
LP102021,Female,Yes,2,Graduate,No,4954,13314.0,92.0,300.0,1.0,Semiurban,Y
LP102022,Male,Yes,3+,Not Graduate,No,3362,541.0,102.0,,0.0,Rural,N
LP102023,Female,Yes,0,Graduate,No,4114,5651.0,172.0,12.0,1.0,Semiurban,Y
LP102024,Male,Yes,3+,Not Graduate,Yes,3858,2376.0,266.0,300.0,1.0,Rural,Y
LP102025,Male,Yes,0,Graduate,Yes,11396,679.0,140.0,180.0,1.0,Semiurban,Y
LP102026,Male,Yes,2,Graduate,No,10836,3111.0,108.0,240.0,1.0,Urban,Y
LP102027,Male,Yes,2,Graduate,No,10759,1871.0,540.0,60.0,1.0,Urban,Y
LP102028,Male,Yes,0,Not Graduate,No,2253,4742.0,89.0,180.0,0.0,Semiurban,N
LP102029,Female,Yes,1,Graduate,No,5505,3066.0,95.0,300.0,0.0,Rural,Y
LP102030,Male,No,0,Graduate,No,1939,0.0,106.0,360.0,1.0,Rural,Y
LP102031,Male,Yes,3+,Not Graduate,Yes,9015,1414.0,186.0,360.0,1.0,Rural,Y
LP102032,Male,No,0,Graduate,Yes,3676,0.0,101.0,180.0,1.0,Urban,Y
LP102033,Female,Yes,1,Graduate,Yes,6646,1321.0,219.0,360.0,0.0,Semiurban,N
LP102034,Male,No,2,Graduate,No,3636,0.0,130.0,36.0,0.0,Semiurban,N
LP102035,Male,Yes,0,Not Graduate,No,1713,396.0,110.0,360.0,1.0,Semiurban,Y
LP102036,Male,No,1,Graduate,Yes,8358,0.0,95.0,360.0,1.0,Urban,Y
LP102037,Male,Yes,2,Not Graduate,,8755,3437.0,132.0,360.0,1.0,Semiurban,Y
LP102038,Female,No,0,Graduate,Yes,5343,0.0,175.0,180.0,0.0,Semiurban,N
LP102039,Female,Yes,2,Graduate,No,1500,974.0,131.0,240.0,1.0,Semiurban,Y
LP102040,Male,Yes,0,Not Graduate,No,7709,1278.0,154.0,84.0,1.0,Semiurban,Y
LP102041,Female,No,0,Graduate,Yes,3157,0.0,84.0,60.0,1.0,Semiurban,Y
LP102042,Male,Yes,1,Not Graduate,No,6700,3000.0,87.0,360.0,1.0,Urban,Y
LP102043,Female,Yes,1,Graduate,No,3661,2058.0,133.0,180.0,1.0,Rural,Y
LP102044,Male,Yes,3+,Graduate,No,3894,1118.0,144.0,240.0,1.0,Urban,Y
LP102045,Male,Yes,3+,Graduate,No,6624,1322.0,138.0,300.0,1.0,Semiurban,Y
LP102046,Male,No,1,Graduate,No,3003,0.0,94.0,360.0,1.0,Urban,Y
LP102047,Female,Yes,1,Graduate,No,4447,883.0,140.0,36.0,0.0,Semiurban,N
LP102048,Male,No,,Graduate,Yes,6672,0.0,136.0,300.0,1.0,Rural,Y
LP102049,Male,Yes,0,Graduate,No,18031,847.0,124.0,360.0,1.0,Urban,Y
LP102050,Male,Yes,1,Graduate,No,4700,2422.0,90.0,360.0,1.0,Rural,Y
LP102051,Female,No,2,Graduate,No,8133,0.0,183.0,120.0,1.0,Urban,Y
LP102052,Male,No,0,Graduate,Yes,2433,0.0,133.0,300.0,1.0,Urban,N
LP102053,Female,No,0,Graduate,No,13585,0.0,85.0,300.0,1.0,Rural,Y
LP102054,Female,Yes,1,Graduate,No,3026,2171.0,124.0,360.0,,Semiurban,Y
LP102055,Male,Yes,0,Graduate,Yes,4540,926.0,94.0,240.0,1.0,Urban,Y
LP102056,Female,Yes,2,Not Graduate,No,6679,1740.0,134.0,60.0,1.0,Rural,Y
LP102057,Male,Yes,1,Not Graduate,No,3078,797.0,316.0,360.0,0.0,Semiurban,N
LP102058,Female,Yes,1,Graduate,Yes,9400,462.0,,360.0,1.0,Urban,Y
LP102059,Male,No,0,Graduate,,3304,0.0,151.0,300.0,1.0,Rural,Y
LP102060,Female,No,3+,Graduate,No,8089,0.0,315.0,300.0,1.0,Semiurban,Y
LP102061,Female,Yes,0,Not Graduate,No,9326,2948.0,158.0,120.0,1.0,Urban,Y
LP102062,Female,Yes,3+,Graduate,No,6953,837.0,174.0,300.0,1.0,Rural,Y
LP102063,Female,No,1,Graduate,No,7518,0.0,146.0,36.0,1.0,Semiurban,Y
LP102064,Male,Yes,3+,Graduate,No,22438,1231.0,106.0,300.0,0.0,Semiurban,N
LP102065,Male,Yes,2,Not Graduate,No,6310,1709.0,175.0,300.0,1.0,Rural,Y
LP102066,Female,Yes,0,Not Graduate,No,5249,1148.0,372.0,360.0,1.0,Rural,Y
LP102067,Male,Yes,2,Graduate,No,6013,3368.0,60.0,180.0,,Urban,Y
LP102068,Male,No,2,Graduate,No,10538,0.0,102.0,36.0,1.0,Rural,Y
LP102069,Female,Yes,0,Not Graduate,No,19881,825.0,80.0,360.0,1.0,Urban,Y
LP102070,Female,Yes,0,Graduate,No,4447,417.0,86.0,120.0,1.0,Semiurban,Y
LP102071,Female,Yes,2,Graduate,No,2842,2861.0,279.0,300.0,1.0,Rural,Y
LP102072,Male,No,2,Not Graduate,No,9872,0.0,122.0,120.0,1.0,Semiurban,Y
LP102073,Female,No,2,Graduate,No,2169,0.0,207.0,300.0,0.0,Urban,N
LP102074,Male,Yes,2,Graduate,No,5736,1522.0,89.0,300.0,,Semiurban,Y
LP102075,Female,Yes,2,Graduate,No,5900,1400.0,91.0,360.0,1.0,Semiurban,Y
LP102076,Male,Yes,2,Not Graduate,No,4608,3367.0,72.0,240.0,1.0,Urban,Y
LP102077,Female,Yes,1,Graduate,No,4773,1667.0,319.0,60.0,1.0,Rural,N
LP102078,Female,No,0,Not Graduate,No,1823,0.0,213.0,360.0,1.0,Rural,Y
LP102079,Male,Yes,3+,Graduate,No,2919,1670.0,71.0,360.0,0.0,Semiurban,N
LP102080,Female,Yes,0,Not Graduate,No,8623,1622.0,266.0,300.0,1.0,Semiurban,Y
LP102081,Male,No,1,Not Graduate,No,1500,0.0,114.0,180.0,1.0,Urban,Y
LP102082,Female,Yes,2,Graduate,No,4667,5504.0,176.0,240.0,0.0,Rural,N
LP102083,Female,No,1,Graduate,No,4074,0.0,138.0,300.0,1.0,Urban,Y
LP102084,Male,Yes,0,Graduate,Yes,1500,1739.0,56.0,60.0,1.0,Urban,Y
LP102085,Female,Yes,0,Not Graduate,No,13567,1340.0,81.0,300.0,0.0,Rural,N
LP102086,Female,No,2,Graduate,No,2648,0.0,302.0,84.0,1.0,Rural,N
LP102087,Male,Yes,,Not Graduate,No,6831,3145.0,235.0,120.0,1.0,Semiurban,Y
LP102088,Male,No,1,Graduate,No,3709,0.0,72.0,240.0,1.0,Urban,Y
LP102089,Female,Yes,1,Graduate,No,2960,7073.0,152.0,360.0,1.0,Urban,Y
LP102090,Female,Yes,0,Not Graduate,No,4265,3549.0,118.0,360.0,1.0,Semiurban,Y
LP102091,,No,0,Graduate,No,3968,0.0,266.0,180.0,1.0,Semiurban,Y
LP102092,Female,Yes,0,Graduate,No,4393,4840.0,118.0,300.0,1.0,Semiurban,Y
LP102093,Male,No,0,Not Graduate,Yes,3065,0.0,84.0,84.0,0.0,Rural,N
LP102094,Female,Yes,1,Graduate,No,2674,2628.0,208.0,480.0,1.0,Semiurban,Y
LP102095,Male,Yes,0,Not Graduate,No,8979,1460.0,274.0,360.0,1.0,Semiurban,Y
LP102096,Male,Yes,0,Not Graduate,Yes,4935,2813.0,170.0,180.0,1.0,Rural,Y
LP102097,Male,Yes,2,Not Graduate,No,4740,582.0,189.0,360.0,1.0,Semiurban,Y
LP102098,Male,Yes,3+,Graduate,No,2878,1901.0,65.0,240.0,1.0,Rural,Y
LP102099,Male,Yes,3+,Graduate,No,12640,1049.0,62.0,180.0,1.0,Rural,Y
LP102100,Male,Yes,2,Graduate,No,4663,1435.0,59.0,180.0,1.0,Urban,Y
LP102101,Female,Yes,0,Graduate,No,1575,1041.0,252.0,300.0,1.0,Rural,Y
LP102102,Male,No,2,Not Graduate,Yes,5799,0.0,106.0,36.0,1.0,Urban,Y
LP102103,Male,Yes,0,Graduate,No,3107,5068.0,220.0,360.0,1.0,Rural,Y
LP102104,Male,No,2,Graduate,Yes,8488,0.0,93.0,360.0,1.0,Semiurban,Y
LP102105,Male,Yes,2,Graduate,No,9164,2507.0,133.0,360.0,1.0,Semiurban,Y
LP102106,Male,Yes,2,Graduate,No,8550,731.0,82.0,360.0,1.0,Urban,Y
LP102107,Male,No,3+,Graduate,No,3726,0.0,110.0,360.0,1.0,Urban,N
LP102108,,Yes,2,Graduate,No,4592,2545.0,48.0,240.0,1.0,Urban,Y
LP102109,Female,Yes,2,Not Graduate,No,5705,587.0,110.0,120.0,1.0,Rural,Y
LP102110,Male,Yes,0,Graduate,No,8396,2363.0,105.0,180.0,1.0,Semiurban,Y
LP102111,Male,,3+,Graduate,No,2636,1036.0,48.0,120.0,1.0,Semiurban,Y
LP102112,Male,Yes,0,Graduate,No,5198,2167.0,173.0,360.0,1.0,Rural,Y
LP102113,Female,No,3+,Graduate,Yes,15074,0.0,189.0,240.0,1.0,Urban,Y
LP102114,Male,Yes,0,Graduate,No,3564,4840.0,90.0,360.0,1.0,Semiurban,Y
LP102115,Male,No,0,Not Graduate,Yes,4838,0.0,65.0,180.0,1.0,Semiurban,Y
LP102116,Male,No,2,Graduate,No,23578,0.0,379.0,120.0,1.0,Urban,Y
LP102117,Male,Yes,0,Graduate,No,4252,760.0,156.0,360.0,0.0,Rural,N
LP102118,Male,Yes,2,Not Graduate,No,1952,2448.0,32.0,360.0,,Semiurban,Y
LP102119,Male,No,0,Not Graduate,No,4748,0.0,103.0,300.0,1.0,Urban,Y
LP102120,Male,No,3+,Graduate,No,13410,0.0,90.0,84.0,1.0,Semiurban,Y
LP102121,Male,Yes,2,Graduate,No,9265,1082.0,86.0,240.0,1.0,Rural,Y
LP102122,Male,Yes,2,Not Graduate,No,2730,605.0,258.0,60.0,1.0,Urban,N
LP102123,Female,Yes,1,Graduate,No,6305,1505.0,156.0,360.0,1.0,Semiurban,Y
LP102124,Female,Yes,0,Graduate,No,4422,637.0,196.0,180.0,1.0,Rural,Y
LP102125,Female,Yes,2,Graduate,Yes,8000,417.0,123.0,300.0,1.0,Rural,Y
LP102126,Female,No,0,Graduate,No,3397,0.0,224.0,360.0,1.0,Semiurban,Y
LP102127,Male,Yes,1,Graduate,No,6612,670.0,107.0,360.0,0.0,Urban,N
LP102128,Male,No,2,Graduate,Yes,15462,0.0,154.0,360.0,1.0,Semiurban,Y
LP102129,Male,Yes,1,Graduate,No,1500,5620.0,179.0,360.0,1.0,Semiurban,Y
LP102130,Male,Yes,0,Not Graduate,No,7014,3672.0,92.0,360.0,1.0,Urban,Y
LP102131,Female,Yes,0,Graduate,No,10844,728.0,,300.0,1.0,Semiurban,Y
LP102132,,No,0,Graduate,No,1931,0.0,48.0,84.0,1.0,Semiurban,Y
LP102133,Female,No,3+,Graduate,No,3189,0.0,537.0,300.0,1.0,Rural,N
LP102134,Male,No,0,Not Graduate,No,3880,0.0,198.0,120.0,,Urban,Y
LP102135,Female,Yes,3+,Graduate,No,3169,3521.0,204.0,300.0,0.0,Urban,N
LP102136,Male,Yes,0,Not Graduate,No,3030,3306.0,315.0,36.0,1.0,Semiurban,Y
LP102137,Male,Yes,0,Graduate,Yes,3925,1012.0,68.0,240.0,1.0,Semiurban,Y
LP102138,Male,Yes,1,Not Graduate,No,8192,964.0,86.0,60.0,1.0,Semiurban,Y
LP102139,Male,No,0,Not Graduate,No,11999,0.0,69.0,120.0,0.0,Urban,Y
LP102140,Male,Yes,2,Not Graduate,Yes,10738,1686.0,552.0,360.0,1.0,Urban,Y
LP102141,Male,No,3+,Graduate,Yes,8922,0.0,73.0,480.0,1.0,Semiurban,Y
LP102142,Female,Yes,0,Graduate,No,14753,6811.0,285.0,300.0,1.0,Rural,Y
LP102143,Male,No,2,Graduate,,16627,0.0,90.0,120.0,1.0,Rural,Y
LP102144,Male,No,1,Graduate,Yes,5429,0.0,141.0,240.0,1.0,Semiurban,Y
LP102145,Male,Yes,0,Graduate,No,11597,2501.0,287.0,180.0,1.0,Rural,Y
LP102146,Female,No,0,Graduate,No,6338,0.0,159.0,36.0,0.0,Semiurban,N
LP102147,Male,Yes,3+,Not Graduate,No,4316,546.0,124.0,360.0,1.0,Semiurban,N
LP102148,Male,Yes,0,Not Graduate,No,4770,4114.0,523.0,300.0,0.0,Urban,N
LP102149,Male,No,3+,Graduate,No,9022,0.0,44.0,120.0,1.0,Rural,Y
LP102150,Male,No,1,Graduate,No,11841,0.0,76.0,360.0,1.0,Semiurban,Y
LP102151,Female,Yes,0,Not Graduate,No,6962,3562.0,111.0,120.0,1.0,Semiurban,Y
LP102152,Male,Yes,1,Graduate,No,3875,553.0,251.0,120.0,1.0,Urban,Y
LP102153,Male,No,2,Graduate,No,3664,0.0,99.0,360.0,1.0,Urban,Y
LP102154,Female,No,2,Graduate,Yes,1616,0.0,239.0,240.0,1.0,Urban,Y
LP102155,Male,Yes,1,Graduate,No,6103,1563.0,47.0,360.0,1.0,Urban,Y
LP102156,Male,No,3+,Graduate,No,5859,0.0,267.0,360.0,0.0,Rural,N
LP102157,Male,Yes,0,Not Graduate,No,2626,5561.0,229.0,120.0,0.0,Urban,N
LP102158,Female,Yes,3+,Graduate,No,6528,378.0,70.0,300.0,1.0,Semiurban,Y
LP102159,Male,Yes,2,Graduate,No,6462,1568.0,131.0,360.0,1.0,Urban,Y
LP102160,Female,Yes,2,Graduate,No,2017,1715.0,114.0,360.0,1.0,Rural,Y
LP102161,Male,No,2,Not Graduate,Yes,4051,0.0,175.0,240.0,1.0,Semiurban,Y
LP102162,Male,Yes,1,Not Graduate,No,11446,5427.0,269.0,240.0,1.0,Urban,Y
LP102163,Male,No,2,Graduate,No,3361,0.0,89.0,360.0,1.0,Rural,Y
LP102164,Female,Yes,1,Not Graduate,No,4967,881.0,167.0,300.0,1.0,Rural,Y
LP102165,Male,No,1,Graduate,No,5411,0.0,155.0,60.0,0.0,Rural,N
LP102166,Female,No,1,Graduate,No,4837,0.0,144.0,300.0,1.0,Urban,Y
LP102167,Female,No,0,Not Graduate,No,7429,0.0,321.0,300.0,0.0,Semiurban,N
LP102168,Male,Yes,1,Graduate,Yes,8613,1391.0,147.0,360.0,1.0,Rural,Y
LP102169,Male,Yes,0,Graduate,No,10496,1524.0,64.0,84.0,1.0,Rural,Y
LP102170,Male,No,0,Not Graduate,No,4072,0.0,209.0,12.0,1.0,Rural,N
LP102171,Male,No,0,Graduate,No,6729,0.0,350.0,360.0,1.0,Semiurban,Y
LP102172,Female,Yes,3+,Graduate,No,8134,452.0,146.0,120.0,1.0,Semiurban,Y
LP102173,Female,No,1,Graduate,No,4577,0.0,302.0,36.0,1.0,Rural,Y
LP102174,Male,Yes,2,Graduate,Yes,3192,729.0,104.0,180.0,1.0,Urban,Y
LP102175,Male,Yes,0,Graduate,No,5356,1511.0,172.0,360.0,0.0,Semiurban,Y
LP102176,Female,No,1,Graduate,No,3417,0.0,52.0,120.0,1.0,Rural,Y
LP102177,Male,Yes,0,Not Graduate,No,3221,457.0,93.0,180.0,1.0,Urban,Y
LP102178,Female,No,0,Not Graduate,No,5608,0.0,148.0,360.0,1.0,Urban,Y
LP102179,Male,Yes,2,Graduate,No,4389,1262.0,200.0,120.0,,Urban,Y
LP102180,Female,Yes,2,Graduate,No,5460,3375.0,174.0,360.0,1.0,Rural,Y
LP102181,Male,Yes,0,Not Graduate,No,1937,1852.0,289.0,360.0,,Rural,N
LP102182,Male,Yes,1,Not Graduate,No,4423,458.0,53.0,180.0,1.0,Semiurban,Y
LP102183,Male,No,3+,Graduate,No,1500,0.0,324.0,84.0,1.0,Rural,N
LP102184,Male,Yes,0,Not Graduate,No,2624,618.0,87.0,240.0,0.0,Semiurban,N
LP102185,Male,Yes,0,Graduate,No,4659,675.0,64.0,360.0,1.0,Rural,Y
LP102186,Female,Yes,2,Not Graduate,Yes,10176,1403.0,250.0,360.0,0.0,Urban,N
LP102187,Female,Yes,0,Graduate,No,6782,1439.0,68.0,36.0,1.0,Semiurban,Y
LP102188,Male,No,3+,Not Graduate,No,5188,0.0,313.0,300.0,0.0,Urban,N
LP102189,Male,Yes,2,Graduate,No,3920,1606.0,36.0,180.0,1.0,Urban,Y
LP102190,Male,Yes,1,Not Graduate,No,4228,1683.0,85.0,240.0,1.0,Urban,Y
LP102191,Male,No,1,Graduate,Yes,10758,0.0,227.0,300.0,1.0,Semiurban,Y
LP102192,Male,No,1,Graduate,Yes,2530,0.0,201.0,360.0,0.0,Rural,N
LP102193,Male,,0,Not Graduate,No,3180,0.0,27.0,36.0,1.0,Semiurban,Y
LP102194,Male,Yes,3+,Not Graduate,No,9321,2967.0,90.0,120.0,1.0,Urban,Y
LP102195,Male,Yes,2,Graduate,No,3998,615.0,47.0,360.0,1.0,Rural,Y
LP102196,Male,No,0,Graduate,No,15731,0.0,145.0,300.0,0.0,Urban,N
LP102197,Male,No,1,Not Graduate,No,7438,0.0,138.0,120.0,1.0,Rural,Y
LP102198,Female,Yes,0,Not Graduate,No,9827,6399.0,115.0,60.0,1.0,Rural,Y
LP102199,Male,No,0,Graduate,Yes,1853,0.0,125.0,360.0,1.0,Semiurban,Y
LP102200,Female,Yes,2,Graduate,No,9280,1261.0,69.0,240.0,1.0,Urban,Y
LP102201,Male,Yes,2,Not Graduate,No,2952,2118.0,86.0,240.0,1.0,Semiurban,Y
LP102202,Male,No,1,Not Graduate,No,7551,0.0,254.0,36.0,0.0,Rural,N
LP102203,Female,No,0,Not Graduate,No,3951,0.0,100.0,360.0,1.0,Semiurban,Y
LP102204,Female,Yes,2,Not Graduate,Yes,5617,1227.0,95.0,480.0,1.0,Urban,Y
LP102205,Female,No,0,Not Graduate,No,2530,0.0,266.0,480.0,1.0,Rural,N
LP102206,Male,Yes,2,Not Graduate,No,1750,582.0,66.0,180.0,1.0,Semiurban,Y
LP102207,Male,Yes,1,Not Graduate,No,5379,3576.0,326.0,360.0,1.0,Urban,Y
LP102208,Female,No,2,Not Graduate,No,4120,0.0,343.0,240.0,,Rural,N
LP102209,Male,No,3+,Not Graduate,No,2874,0.0,73.0,240.0,1.0,Rural,N
LP102210,Male,Yes,3+,Graduate,No,1791,1791.0,233.0,360.0,1.0,Urban,Y
LP102211,Male,Yes,3+,Graduate,No,1500,6834.0,,360.0,1.0,Urban,Y
LP102212,Male,Yes,3+,Graduate,No,6728,2253.0,142.0,300.0,0.0,Semiurban,N
LP102213,Female,No,2,Not Graduate,No,4217,0.0,73.0,300.0,1.0,Urban,Y
LP102214,Male,Yes,3+,Graduate,No,3420,1155.0,181.0,360.0,,Urban,Y
LP102215,Male,No,3+,Graduate,No,5584,0.0,162.0,240.0,1.0,Rural,Y
LP102216,Male,No,2,Graduate,Yes,9033,0.0,113.0,360.0,1.0,Rural,Y
LP102217,Male,No,0,Not Graduate,No,5777,0.0,69.0,360.0,1.0,Urban,Y
LP102218,,Yes,0,Not Graduate,No,3767,1301.0,232.0,84.0,1.0,Semiurban,Y
LP102219,Male,No,2,Not Graduate,No,17667,0.0,,120.0,,Urban,Y
LP102220,Male,Yes,1,Graduate,No,3356,2785.0,87.0,36.0,1.0,Urban,Y
LP102221,Female,Yes,2,Graduate,No,2109,3878.0,98.0,36.0,1.0,Urban,Y
LP102222,Male,Yes,0,Graduate,No,5218,2516.0,126.0,360.0,1.0,Urban,Y
LP102223,Male,Yes,1,Graduate,No,4216,1696.0,126.0,60.0,0.0,Semiurban,N
LP102224,Female,No,2,Not Graduate,No,8675,0.0,161.0,84.0,0.0,Rural,N
LP102225,Female,Yes,3+,Graduate,Yes,3583,1361.0,238.0,180.0,1.0,Semiurban,N
LP102226,Male,Yes,0,Graduate,No,4451,2490.0,251.0,300.0,1.0,Semiurban,Y
LP102227,Male,No,3+,Graduate,Yes,2923,0.0,117.0,180.0,1.0,Urban,N
LP102228,Male,Yes,2,Graduate,No,7979,2214.0,173.0,240.0,1.0,Semiurban,Y
LP102229,Female,No,0,Graduate,No,5356,0.0,119.0,240.0,1.0,Urban,Y
LP102230,Female,Yes,1,Graduate,No,4166,914.0,278.0,240.0,1.0,Urban,Y
LP102231,Female,Yes,0,Graduate,No,4491,2885.0,124.0,360.0,1.0,Urban,Y
LP102232,Male,No,0,Graduate,No,4852,0.0,144.0,360.0,1.0,Urban,Y
LP102233,Female,Yes,1,Graduate,No,2074,1281.0,132.0,60.0,,Semiurban,Y
LP102234,Male,Yes,0,Graduate,No,9873,5439.0,177.0,84.0,,Urban,Y
LP102235,Male,Yes,0,Not Graduate,Yes,9532,937.0,196.0,60.0,1.0,Rural,Y
LP102236,Male,Yes,2,Graduate,No,5036,2565.0,308.0,240.0,0.0,Rural,N
LP102237,Female,Yes,1,Graduate,,4723,2607.0,277.0,360.0,1.0,Urban,Y
LP102238,Male,Yes,2,Not Graduate,No,2702,1887.0,137.0,360.0,,Semiurban,Y
LP102239,Female,Yes,0,Graduate,No,13854,4978.0,130.0,240.0,1.0,Semiurban,Y
LP102240,Male,No,2,Graduate,No,11983,0.0,117.0,360.0,1.0,Rural,Y
LP102241,Male,Yes,3+,Graduate,No,6226,720.0,245.0,480.0,1.0,Urban,Y
LP102242,Male,Yes,1,Graduate,No,8038,292.0,155.0,120.0,0.0,Semiurban,N
LP102243,Male,Yes,3+,Graduate,No,10283,1222.0,588.0,360.0,1.0,Urban,Y
LP102244,Female,No,2,Graduate,No,9104,0.0,129.0,360.0,1.0,Semiurban,Y
LP102245,Male,No,2,Not Graduate,No,2940,0.0,334.0,,1.0,Urban,N
LP102246,Female,No,2,Graduate,No,4077,0.0,336.0,360.0,1.0,Urban,Y
LP102247,Female,No,0,Not Graduate,No,6508,0.0,331.0,84.0,1.0,Urban,Y
LP102248,Female,Yes,0,Not Graduate,No,5552,846.0,110.0,36.0,1.0,Urban,Y
LP102249,Male,Yes,0,Not Graduate,Yes,7722,2163.0,127.0,360.0,1.0,Urban,Y
LP102250,Male,Yes,0,Not Graduate,Yes,7231,2124.0,121.0,360.0,1.0,Semiurban,Y
LP102251,Male,Yes,0,Graduate,No,5699,2384.0,325.0,240.0,1.0,Semiurban,Y
LP102252,Female,Yes,3+,Not Graduate,No,1500,604.0,102.0,36.0,1.0,Semiurban,Y
LP102253,Female,Yes,0,Graduate,No,9933,4859.0,,360.0,1.0,Urban,Y
LP102254,Male,No,3+,Not Graduate,No,8130,0.0,203.0,180.0,0.0,Urban,N
LP102255,Female,No,1,Graduate,No,17009,0.0,60.0,300.0,1.0,Rural,Y
LP102256,Male,Yes,0,Graduate,No,3690,4839.0,212.0,180.0,1.0,Urban,Y
LP102257,Male,No,1,Not Graduate,No,1626,0.0,67.0,360.0,1.0,Rural,Y
LP102258,Male,Yes,0,Graduate,No,4410,466.0,104.0,180.0,1.0,Rural,Y
LP102259,Female,Yes,3+,Graduate,No,6464,2234.0,268.0,120.0,1.0,Urban,Y
LP102260,Male,Yes,2,Graduate,Yes,3769,2552.0,96.0,360.0,0.0,Rural,N
LP102261,Female,Yes,0,Not Graduate,Yes,11193,1585.0,161.0,300.0,1.0,Semiurban,Y
LP102262,Female,Yes,3+,Graduate,No,3307,4384.0,277.0,180.0,1.0,Semiurban,Y
LP102263,Female,No,2,Not Graduate,Yes,4626,0.0,67.0,360.0,0.0,Rural,N
LP102264,Male,Yes,0,Not Graduate,No,4240,4738.0,148.0,180.0,1.0,Semiurban,Y
LP102265,Male,Yes,2,Graduate,No,25967,3396.0,197.0,240.0,0.0,Semiurban,Y
LP102266,Male,Yes,2,Graduate,No,2853,8024.0,57.0,240.0,1.0,Semiurban,Y
LP102267,Male,Yes,0,Not Graduate,No,6976,437.0,72.0,180.0,1.0,Semiurban,Y
LP102268,Male,No,2,Graduate,No,2390,0.0,354.0,300.0,1.0,Semiurban,Y
LP102269,Female,Yes,0,Graduate,No,6037,875.0,67.0,360.0,1.0,Urban,Y
LP102270,Male,No,1,Graduate,No,2771,0.0,108.0,480.0,1.0,Urban,Y
LP102271,Male,No,0,Graduate,No,9508,0.0,40.0,120.0,1.0,Rural,Y
LP102272,Male,Yes,3+,Graduate,No,8475,1342.0,83.0,360.0,1.0,Urban,Y
LP102273,Male,Yes,2,Graduate,No,5784,2920.0,213.0,180.0,1.0,Semiurban,Y
LP102274,Male,No,0,Graduate,No,2132,0.0,238.0,300.0,1.0,Urban,Y
LP102275,Male,No,0,Graduate,No,4760,0.0,216.0,84.0,1.0,Urban,Y
LP102276,Female,Yes,0,Graduate,No,4094,3168.0,131.0,360.0,1.0,Urban,Y
LP102277,Male,No,2,Not Graduate,No,8088,0.0,70.0,300.0,1.0,Urban,Y
LP102278,Female,No,0,Not Graduate,No,2859,0.0,172.0,360.0,1.0,Semiurban,Y
LP102279,Female,Yes,2,Graduate,No,9828,1423.0,103.0,360.0,1.0,Rural,Y
LP102280,Male,Yes,3+,Graduate,Yes,8781,15302.0,51.0,480.0,1.0,Semiurban,Y
LP102281,Female,No,2,Not Graduate,No,2154,0.0,136.0,360.0,0.0,Semiurban,N
LP102282,Male,No,0,Graduate,No,4308,0.0,287.0,360.0,1.0,Semiurban,Y
LP102283,Female,Yes,1,Not Graduate,No,4765,3499.0,261.0,300.0,1.0,Rural,Y
LP102284,Male,Yes,1,Graduate,No,8987,244.0,272.0,180.0,1.0,Semiurban,Y
LP102285,Female,Yes,2,Not Graduate,No,3254,7494.0,161.0,300.0,0.0,Urban,N
LP102286,,Yes,2,Graduate,No,5566,3276.0,76.0,300.0,1.0,Semiurban,Y
LP102287,Female,No,1,Graduate,No,9503,0.0,190.0,,1.0,Rural,Y
LP102288,Female,Yes,1,Not Graduate,No,5714,2430.0,147.0,240.0,1.0,Semiurban,Y
LP102289,,Yes,,Not Graduate,Yes,1612,2419.0,115.0,360.0,1.0,Rural,Y
LP102290,Male,Yes,0,Graduate,No,3652,1623.0,200.0,360.0,1.0,Urban,Y
LP102291,Male,Yes,1,Not Graduate,No,8455,1122.0,176.0,360.0,1.0,Rural,Y
LP102292,Male,Yes,2,Graduate,Yes,7844,1712.0,92.0,360.0,1.0,Urban,Y
LP102293,Female,Yes,0,Not Graduate,No,1500,3601.0,90.0,240.0,,Urban,Y
LP102294,Male,Yes,2,Graduate,No,5543,3486.0,67.0,240.0,1.0,Semiurban,Y
LP102295,Female,Yes,2,Graduate,No,8669,1820.0,156.0,120.0,1.0,Urban,Y
LP102296,Male,Yes,2,Not Graduate,No,6791,2170.0,231.0,300.0,1.0,Semiurban,Y
LP102297,Female,Yes,0,Graduate,Yes,7274,1633.0,94.0,120.0,1.0,Rural,Y
LP102298,Male,No,0,Graduate,No,16939,0.0,70.0,360.0,1.0,Rural,Y
LP102299,Female,Yes,0,Graduate,No,4788,1727.0,181.0,240.0,1.0,Semiurban,Y
LP102300,Female,Yes,0,Graduate,No,5900,1004.0,346.0,36.0,0.0,Semiurban,N
LP102301,Male,No,3+,Not Graduate,No,2796,0.0,443.0,12.0,1.0,Rural,N
LP102302,Male,Yes,2,Graduate,Yes,3358,261.0,333.0,360.0,1.0,Semiurban,Y
LP102303,Female,No,0,Not Graduate,No,4027,0.0,130.0,360.0,1.0,Rural,N
LP102304,Male,Yes,3+,Graduate,No,8183,3389.0,78.0,360.0,1.0,Rural,Y
LP102305,Male,Yes,2,Graduate,Yes,3138,4810.0,193.0,360.0,1.0,Urban,Y
LP102306,Male,No,0,Graduate,No,10309,0.0,128.0,12.0,1.0,Urban,Y
LP102307,Male,No,1,Graduate,No,2550,0.0,119.0,120.0,1.0,Semiurban,Y
LP102308,Male,Yes,0,Graduate,No,7213,1597.0,420.0,240.0,0.0,Rural,N
LP102309,Male,Yes,3+,Graduate,No,6844,717.0,308.0,60.0,1.0,Rural,Y
LP102310,Male,Yes,1,Graduate,No,5735,8329.0,196.0,120.0,1.0,Semiurban,Y
LP102311,Male,No,3+,Not Graduate,No,8873,0.0,126.0,300.0,0.0,Urban,N
LP102312,Female,No,0,Graduate,No,3147,0.0,134.0,300.0,0.0,Urban,N
LP102313,Male,Yes,3+,Not Graduate,No,3715,3783.0,53.0,360.0,1.0,Rural,N
LP102314,Female,Yes,0,Graduate,No,2757,1752.0,251.0,180.0,0.0,Semiurban,N
LP102315,Male,Yes,3+,Graduate,No,4941,4261.0,292.0,300.0,1.0,Semiurban,Y
LP102316,Male,Yes,3+,Graduate,No,4573,736.0,84.0,360.0,1.0,Rural,Y
LP102317,Male,Yes,1,Graduate,Yes,8216,1941.0,92.0,60.0,1.0,Rural,Y
LP102318,Male,Yes,2,Graduate,Yes,6198,2713.0,241.0,360.0,1.0,Semiurban,Y
LP102319,Male,Yes,2,Not Graduate,No,7432,222.0,110.0,240.0,1.0,Semiurban,Y
LP102320,Male,No,3+,Graduate,No,4366,0.0,265.0,360.0,1.0,Semiurban,N
LP102321,Male,No,0,Graduate,No,6269,0.0,84.0,,,Urban,Y
LP102322,Male,Yes,1,Graduate,No,14583,1889.0,111.0,360.0,1.0,Semiurban,Y
LP102323,Female,Yes,3+,Graduate,No,2192,1410.0,183.0,36.0,1.0,Urban,N
LP102324,Male,No,2,Graduate,No,1630,0.0,110.0,360.0,1.0,Rural,Y
LP102325,Male,Yes,1,Not Graduate,No,7202,1498.0,106.0,240.0,1.0,Rural,Y
LP102326,Female,No,2,Graduate,Yes,2953,0.0,,84.0,1.0,Rural,Y
LP102327,Male,Yes,0,Not Graduate,No,2145,9784.0,203.0,360.0,1.0,Urban,Y
LP102328,Male,Yes,2,Graduate,Yes,6770,544.0,239.0,360.0,1.0,Semiurban,Y
LP102329,Female,Yes,0,Graduate,No,2690,1844.0,,360.0,1.0,Urban,Y
LP102330,Male,Yes,0,Graduate,No,12375,4311.0,88.0,300.0,1.0,Urban,Y
LP102331,Female,No,1,Graduate,No,5398,0.0,305.0,240.0,1.0,Semiurban,Y
LP102332,Female,Yes,1,Graduate,No,4352,2261.0,156.0,300.0,1.0,Semiurban,Y
LP102333,Male,Yes,1,Graduate,No,3002,1334.0,252.0,180.0,1.0,Urban,Y
LP102334,Male,Yes,1,Graduate,No,5592,810.0,61.0,240.0,0.0,Semiurban,N
LP102335,Male,No,0,Not Graduate,No,1892,0.0,270.0,300.0,1.0,Semiurban,Y
LP102336,Male,Yes,0,Graduate,No,1500,250.0,107.0,360.0,1.0,Urban,Y
LP102337,Male,Yes,2,Not Graduate,Yes,1934,2064.0,102.0,360.0,1.0,Urban,Y
LP102338,Female,Yes,1,Graduate,Yes,9723,2176.0,171.0,84.0,,Semiurban,Y
LP102339,Male,Yes,1,Not Graduate,No,2822,844.0,39.0,84.0,1.0,Semiurban,Y
LP102340,Male,Yes,2,Graduate,No,2078,1445.0,165.0,120.0,1.0,Semiurban,Y
LP102341,Female,No,3+,Graduate,No,4659,0.0,113.0,360.0,1.0,Urban,Y
LP102342,Female,Yes,2,Not Graduate,No,18672,2768.0,313.0,120.0,0.0,Urban,Y
LP102343,Male,Yes,0,Graduate,Yes,9462,1312.0,158.0,360.0,1.0,Urban,Y
LP102344,Male,No,2,Graduate,No,3040,0.0,74.0,360.0,1.0,Urban,Y
LP102345,Male,Yes,3+,Graduate,Yes,3007,1397.0,83.0,360.0,1.0,Urban,Y
LP102346,Male,Yes,1,Graduate,,3048,820.0,30.0,360.0,1.0,Rural,Y
LP102347,Male,Yes,3+,Not Graduate,No,2846,1177.0,576.0,120.0,1.0,Urban,N
LP102348,Male,Yes,1,Not Graduate,No,6810,6041.0,29.0,180.0,1.0,Urban,Y
LP102349,Female,No,1,Not Graduate,No,4017,0.0,97.0,120.0,1.0,Urban,N
LP102350,Male,Yes,0,Not Graduate,No,2520,541.0,209.0,360.0,0.0,Semiurban,N
LP102351,Male,Yes,2,Graduate,No,2204,3731.0,323.0,360.0,1.0,Urban,Y
LP102352,Male,No,0,Graduate,Yes,19547,0.0,396.0,12.0,1.0,Urban,Y
LP102353,Male,Yes,0,Not Graduate,No,7656,984.0,126.0,120.0,1.0,Urban,Y
LP102354,Female,Yes,0,Graduate,No,2940,2137.0,181.0,240.0,1.0,Rural,Y
LP102355,Female,Yes,0,Graduate,No,10172,2674.0,111.0,120.0,1.0,Rural,Y
LP102356,Female,Yes,1,Graduate,No,2461,1009.0,52.0,300.0,0.0,Semiurban,N
LP102357,Male,No,1,Not Graduate,Yes,4526,0.0,71.0,36.0,0.0,Urban,N
LP102358,Male,No,0,Graduate,,4238,0.0,47.0,360.0,1.0,Urban,Y
LP102359,Male,Yes,3+,Not Graduate,No,5482,3238.0,162.0,300.0,0.0,Semiurban,N
LP102360,Male,Yes,0,Graduate,No,2792,834.0,109.0,360.0,1.0,Urban,Y
LP102361,Male,Yes,1,Graduate,No,5308,1266.0,120.0,300.0,,Semiurban,Y
LP102362,Female,Yes,0,Not Graduate,Yes,1721,3641.0,201.0,300.0,1.0,Semiurban,Y
LP102363,Male,Yes,0,Not Graduate,No,3920,6254.0,155.0,300.0,1.0,Semiurban,Y
LP102364,Male,Yes,0,Graduate,Yes,10950,654.0,199.0,60.0,1.0,Semiurban,Y
LP102365,Male,No,1,Graduate,No,9092,0.0,398.0,240.0,1.0,Urban,Y
LP102366,Male,No,2,Graduate,No,3236,0.0,83.0,360.0,1.0,Semiurban,Y
LP102367,Male,Yes,0,Not Graduate,No,1967,591.0,43.0,240.0,1.0,Semiurban,Y
LP102368,Female,Yes,1,Graduate,,1500,4085.0,94.0,180.0,1.0,Semiurban,Y
LP102369,Female,Yes,0,Graduate,Yes,7118,9817.0,118.0,300.0,1.0,Urban,Y
LP102370,Female,No,2,Not Graduate,No,5808,0.0,174.0,300.0,0.0,Semiurban,N
LP102371,Male,No,2,Graduate,No,6194,0.0,207.0,300.0,1.0,Rural,Y
LP102372,Male,No,0,Graduate,No,13552,0.0,70.0,,1.0,Semiurban,Y
LP102373,Male,Yes,1,Not Graduate,No,5386,1221.0,64.0,120.0,1.0,Semiurban,Y
LP102374,Male,No,3+,Not Graduate,Yes,5635,0.0,304.0,,1.0,Rural,Y
LP102375,Female,Yes,1,Not Graduate,Yes,2125,891.0,162.0,36.0,1.0,Semiurban,N
LP102376,Male,Yes,1,Graduate,No,13021,1489.0,166.0,360.0,0.0,Rural,Y
LP102377,Male,Yes,1,Not Graduate,No,4454,2315.0,157.0,120.0,1.0,Semiurban,Y
LP102378,Male,,1,Not Graduate,No,3010,910.0,146.0,360.0,1.0,Semiurban,Y
LP102379,Male,Yes,3+,Graduate,No,5567,1369.0,117.0,180.0,0.0,Semiurban,N
LP102380,Female,Yes,,Graduate,No,16320,2333.0,87.0,240.0,0.0,Urban,N
LP102381,Male,Yes,2,Graduate,Yes,17696,332.0,97.0,300.0,1.0,Semiurban,Y
LP102382,Male,Yes,1,Not Graduate,No,2745,3863.0,492.0,360.0,1.0,Urban,Y
LP102383,Male,Yes,1,Not Graduate,Yes,9948,2144.0,396.0,180.0,1.0,Semiurban,Y
LP102384,Male,Yes,1,Not Graduate,No,6011,2167.0,234.0,120.0,0.0,Semiurban,N
LP102385,Female,Yes,3+,Graduate,No,8888,4560.0,128.0,360.0,1.0,Semiurban,Y
LP102386,Female,Yes,2,Graduate,No,5802,3829.0,188.0,300.0,1.0,Urban,Y
LP102387,Female,Yes,1,Graduate,No,7107,2939.0,57.0,60.0,1.0,Urban,Y
LP102388,Female,No,0,Not Graduate,No,10859,0.0,244.0,300.0,1.0,Urban,Y
LP102389,Male,Yes,1,Not Graduate,No,1720,1793.0,116.0,300.0,1.0,Rural,Y
LP102390,Female,Yes,3+,Graduate,No,6101,1136.0,135.0,300.0,0.0,Rural,N
LP102391,Male,Yes,1,Graduate,Yes,2436,838.0,142.0,84.0,1.0,Rural,Y
LP102392,Male,No,0,Not Graduate,No,3721,0.0,120.0,300.0,1.0,Urban,N
LP102393,Female,No,0,Graduate,Yes,4917,0.0,217.0,360.0,0.0,Urban,N
LP102394,Male,Yes,1,Not Graduate,Yes,2684,2024.0,349.0,84.0,1.0,Rural,N
LP102395,Female,Yes,3+,Graduate,No,3467,616.0,224.0,360.0,0.0,Urban,N
LP102396,Male,No,3+,Not Graduate,No,2120,0.0,139.0,120.0,1.0,Semiurban,N
LP102397,Male,No,3+,Graduate,Yes,3442,0.0,70.0,180.0,1.0,Rural,N
LP102398,Female,No,2,Graduate,No,6681,0.0,137.0,240.0,1.0,Semiurban,Y
LP102399,Female,No,1,Not Graduate,No,8260,0.0,128.0,360.0,1.0,Semiurban,Y
LP102400,Male,No,1,Graduate,No,3097,0.0,220.0,180.0,1.0,Urban,Y
LP102401,Male,Yes,1,Graduate,No,10901,2356.0,91.0,180.0,1.0,Rural,Y
LP102402,Male,Yes,2,Not Graduate,No,6949,1275.0,78.0,360.0,0.0,Urban,N
LP102403,Male,Yes,1,Graduate,Yes,11614,783.0,160.0,360.0,1.0,Urban,Y
LP102404,Male,No,,Not Graduate,No,1698,0.0,233.0,300.0,1.0,Semiurban,Y
LP102405,Female,Yes,0,Graduate,Yes,5923,1755.0,147.0,180.0,1.0,Urban,Y
LP102406,Male,No,0,Graduate,Yes,7092,0.0,239.0,360.0,1.0,Semiurban,Y
LP102407,Female,Yes,2,Graduate,No,1752,2022.0,62.0,300.0,1.0,Semiurban,Y
LP102408,Male,Yes,3+,Graduate,No,20921,1431.0,178.0,240.0,1.0,Urban,Y
LP102409,Male,No,1,Not Graduate,No,3354,0.0,62.0,180.0,1.0,Urban,Y
LP102410,Female,Yes,0,Not Graduate,No,6811,5888.0,665.0,300.0,1.0,Urban,Y
LP102411,Male,Yes,3+,Graduate,No,8570,2323.0,300.0,360.0,1.0,Urban,Y
LP102412,Male,Yes,2,Graduate,Yes,5222,2106.0,169.0,360.0,1.0,Urban,Y
LP102413,Male,Yes,1,Not Graduate,Yes,11288,479.0,51.0,360.0,1.0,Rural,Y
LP102414,Female,Yes,1,Graduate,No,16270,608.0,58.0,240.0,1.0,Urban,Y
LP102415,Female,Yes,1,Graduate,No,2525,549.0,418.0,480.0,0.0,Urban,N
LP102416,Male,Yes,1,Graduate,No,5269,1551.0,67.0,240.0,1.0,Urban,Y
LP102417,Male,No,3+,Graduate,No,8513,0.0,181.0,12.0,0.0,Semiurban,N
LP102418,Male,No,0,Graduate,No,1844,0.0,401.0,360.0,1.0,Semiurban,Y
LP102419,Female,Yes,0,Graduate,No,9307,918.0,143.0,300.0,1.0,Rural,Y
LP102420,Female,No,0,Graduate,No,13683,0.0,65.0,120.0,0.0,Semiurban,Y
LP102421,Male,Yes,0,Not Graduate,No,10618,410.0,46.0,36.0,1.0,Urban,Y
LP102422,Male,Yes,0,Graduate,No,6393,2155.0,168.0,480.0,1.0,Urban,Y
LP102423,Male,Yes,0,Graduate,No,12377,3165.0,69.0,360.0,1.0,Urban,Y
LP102424,Female,No,0,Graduate,No,6090,0.0,,300.0,1.0,Rural,Y
LP102425,Female,No,0,Not Graduate,No,2226,0.0,70.0,240.0,1.0,Semiurban,N
LP102426,Male,Yes,0,Graduate,No,3593,2622.0,93.0,60.0,0.0,Urban,N
LP102427,Male,Yes,0,Graduate,No,4215,2540.0,95.0,360.0,1.0,Rural,Y
LP102428,Male,Yes,2,Not Graduate,Yes,4729,3558.0,114.0,240.0,1.0,Rural,Y
LP102429,Female,Yes,1,Graduate,No,4644,4687.0,86.0,480.0,1.0,Rural,Y
LP102430,Male,Yes,0,Graduate,No,4012,6391.0,159.0,84.0,1.0,Urban,Y
LP102431,Female,Yes,1,Not Graduate,No,5604,387.0,244.0,180.0,1.0,Urban,Y
LP102432,Male,No,3+,Graduate,No,12119,0.0,108.0,240.0,1.0,Urban,Y
LP102433,Male,Yes,3+,Graduate,No,5588,686.0,157.0,360.0,1.0,Semiurban,Y
LP102434,Male,No,0,Graduate,No,7166,0.0,76.0,360.0,1.0,Semiurban,Y
LP102435,Male,No,2,Not Graduate,No,1500,0.0,52.0,180.0,1.0,Rural,Y
LP102436,Male,Yes,1,Graduate,Yes,5300,2255.0,170.0,240.0,1.0,Urban,Y
LP102437,Female,No,0,Not Graduate,No,9434,0.0,227.0,60.0,1.0,Semiurban,Y
LP102438,Male,No,0,Not Graduate,No,10384,0.0,42.0,240.0,1.0,Rural,Y
LP102439,Male,Yes,0,Graduate,No,9769,6753.0,127.0,120.0,1.0,Urban,Y
LP102440,Male,Yes,1,Not Graduate,No,5896,4874.0,174.0,360.0,1.0,Urban,Y
LP102441,Female,No,2,Graduate,No,6300,0.0,159.0,360.0,1.0,Semiurban,Y
LP102442,Female,Yes,2,Graduate,No,3282,1547.0,94.0,120.0,1.0,Semiurban,Y
LP102443,Male,Yes,0,Not Graduate,No,8160,330.0,138.0,300.0,1.0,Rural,Y
LP102444,Female,Yes,0,Graduate,No,3293,3287.0,234.0,360.0,1.0,Rural,Y
LP102445,Male,No,0,Graduate,No,7394,0.0,80.0,240.0,1.0,Rural,Y
LP102446,Male,No,1,Not Graduate,No,5038,0.0,341.0,300.0,1.0,Semiurban,Y
LP102447,Female,No,3+,Not Graduate,No,4959,0.0,58.0,240.0,1.0,Urban,N
LP102448,Female,Yes,2,Graduate,No,8961,1810.0,230.0,300.0,1.0,Rural,Y
LP102449,Female,Yes,3+,Not Graduate,No,6882,3026.0,138.0,360.0,1.0,Rural,Y
LP102450,Male,Yes,2,Graduate,No,5822,863.0,98.0,60.0,1.0,Semiurban,Y
LP102451,Male,No,1,Not Graduate,,3645,0.0,44.0,84.0,1.0,Urban,N
LP102452,Female,Yes,1,Not Graduate,No,12853,1552.0,274.0,360.0,1.0,Semiurban,Y
LP102453,Male,Yes,1,Graduate,No,6001,14497.0,76.0,480.0,0.0,Rural,N
LP102454,Male,Yes,1,Graduate,No,7695,506.0,131.0,300.0,1.0,Urban,Y
LP102455,Male,Yes,2,Not Graduate,No,5159,2002.0,178.0,360.0,1.0,Semiurban,Y
LP102456,Male,No,1,Not Graduate,No,3241,0.0,559.0,360.0,1.0,Rural,N
LP102457,Male,No,0,Graduate,No,6081,0.0,108.0,240.0,1.0,Rural,Y
LP102458,Female,No,2,Graduate,No,3437,0.0,138.0,240.0,1.0,Semiurban,Y
LP102459,Male,Yes,3+,Graduate,No,6391,5216.0,172.0,360.0,0.0,Rural,N
LP102460,Male,No,1,Graduate,No,1500,0.0,144.0,360.0,1.0,Urban,Y
LP102461,Male,No,2,Not Graduate,No,3864,0.0,85.0,360.0,1.0,Urban,N
LP102462,Female,Yes,0,Graduate,No,4872,552.0,327.0,180.0,1.0,Urban,Y
LP102463,Male,No,1,Not Graduate,No,2772,0.0,,240.0,1.0,Urban,Y
LP102464,Male,Yes,0,Not Graduate,No,6113,2340.0,,360.0,0.0,Urban,N
LP102465,Female,No,0,Not Graduate,Yes,3814,0.0,117.0,180.0,,Urban,Y
LP102466,Female,No,2,Graduate,Yes,4897,0.0,93.0,360.0,1.0,Semiurban,N
LP102467,Female,No,0,Not Graduate,No,3530,0.0,251.0,300.0,1.0,Semiurban,N
LP102468,Female,Yes,2,Not Graduate,No,8805,6504.0,157.0,180.0,1.0,Semiurban,Y
LP102469,Male,Yes,3+,Graduate,No,6819,6150.0,36.0,180.0,1.0,Urban,Y
LP102470,Female,Yes,0,Graduate,Yes,5876,939.0,160.0,360.0,0.0,Urban,N
LP102471,Male,Yes,2,Not Graduate,No,5101,13355.0,92.0,84.0,1.0,Urban,Y
LP102472,Female,No,1,Graduate,No,22435,0.0,51.0,360.0,1.0,Urban,Y
LP102473,Female,No,0,Not Graduate,No,4471,0.0,238.0,240.0,1.0,Urban,Y
LP102474,Female,No,2,Graduate,Yes,3235,0.0,84.0,360.0,1.0,Urban,Y
LP102475,Female,Yes,2,Graduate,No,2431,2172.0,157.0,360.0,1.0,Semiurban,Y
LP102476,Male,No,1,Graduate,No,8460,0.0,233.0,360.0,1.0,Urban,Y
LP102477,Male,No,3+,Graduate,Yes,13078,0.0,116.0,360.0,1.0,Urban,Y
LP102478,Female,No,1,Graduate,No,2954,0.0,,300.0,1.0,Urban,Y
LP102479,Female,Yes,3+,Graduate,No,4142,3180.0,89.0,240.0,1.0,Rural,Y
LP102480,Male,Yes,1,Graduate,No,3961,1130.0,260.0,300.0,1.0,Urban,Y
LP102481,Male,Yes,0,Graduate,Yes,4562,1177.0,120.0,300.0,1.0,Urban,Y
LP102482,Male,Yes,,Graduate,No,1701,1141.0,185.0,,1.0,Urban,Y
LP102483,Female,Yes,0,Not Graduate,No,7974,1572.0,331.0,300.0,0.0,Semiurban,N
LP102484,Female,No,1,Graduate,No,10038,0.0,44.0,240.0,1.0,Semiurban,Y
LP102485,Male,Yes,2,Not Graduate,No,1567,4731.0,89.0,360.0,1.0,Semiurban,Y
LP102486,Male,Yes,1,Not Graduate,Yes,14111,1523.0,121.0,360.0,1.0,Semiurban,Y
LP102487,Female,Yes,0,Graduate,No,12971,4355.0,144.0,360.0,1.0,Semiurban,Y
LP102488,Female,No,1,Graduate,Yes,1500,0.0,194.0,240.0,1.0,Urban,Y
LP102489,Male,No,0,Not Graduate,No,1500,0.0,279.0,300.0,1.0,Urban,Y
LP102490,Male,No,2,Not Graduate,No,4538,0.0,85.0,12.0,1.0,Rural,N
LP102491,Male,Yes,2,Graduate,No,10825,2352.0,118.0,360.0,1.0,Semiurban,Y
LP102492,Male,Yes,3+,Not Graduate,Yes,5848,1622.0,263.0,180.0,1.0,Semiurban,Y
LP102493,Male,No,0,Graduate,No,4978,0.0,164.0,300.0,1.0,Urban,Y
LP102494,Female,Yes,1,Graduate,No,6934,675.0,48.0,,1.0,Rural,Y
LP102495,Female,Yes,,Graduate,No,3026,1517.0,46.0,360.0,1.0,Urban,Y
LP102496,Male,Yes,3+,Graduate,Yes,10576,2229.0,100.0,300.0,1.0,Urban,Y
LP102497,Female,Yes,2,Not Graduate,No,4618,3214.0,187.0,240.0,1.0,Semiurban,Y
LP102498,Male,No,0,Not Graduate,No,1844,0.0,184.0,300.0,1.0,Semiurban,Y
LP102499,Male,Yes,1,Graduate,No,3049,644.0,78.0,,1.0,Rural,Y
LP102500,Male,Yes,2,Graduate,No,6132,890.0,199.0,360.0,1.0,Urban,Y
LP102501,Male,Yes,2,Graduate,No,4130,1280.0,156.0,180.0,0.0,Semiurban,N
LP102502,Female,Yes,3+,Graduate,Yes,3881,2193.0,70.0,360.0,1.0,Urban,Y
LP102503,Female,Yes,0,Graduate,No,5551,640.0,93.0,360.0,1.0,Semiurban,Y
LP102504,Male,No,3+,Graduate,No,6094,0.0,41.0,36.0,1.0,Semiurban,Y
LP102505,Male,Yes,0,Graduate,No,2349,2322.0,65.0,240.0,1.0,Semiurban,Y
LP102506,Female,Yes,3+,Graduate,No,10240,2272.0,43.0,84.0,1.0,Urban,Y
LP102507,Male,Yes,3+,Not Graduate,No,4542,1574.0,53.0,360.0,1.0,Semiurban,Y
LP102508,Male,Yes,2,Not Graduate,No,6322,569.0,367.0,240.0,1.0,Semiurban,Y
LP102509,Female,Yes,2,Graduate,No,5210,1944.0,105.0,120.0,,Urban,Y
LP102510,Male,Yes,0,Graduate,No,3842,3289.0,46.0,360.0,1.0,Semiurban,Y
LP102511,Male,No,0,Graduate,No,8492,0.0,172.0,300.0,1.0,Semiurban,Y
LP102512,Male,No,0,Graduate,Yes,5160,0.0,159.0,360.0,1.0,Rural,Y
LP102513,Female,Yes,0,Not Graduate,No,5135,1720.0,150.0,360.0,1.0,Semiurban,Y
LP102514,Male,Yes,1,Not Graduate,No,1500,3155.0,79.0,480.0,1.0,Rural,Y
LP102515,Male,No,0,Graduate,No,8038,0.0,195.0,84.0,1.0,Urban,Y
LP102516,Female,No,3+,Graduate,No,4436,0.0,69.0,60.0,1.0,Urban,Y
LP102517,Male,Yes,1,Not Graduate,No,7730,3620.0,216.0,360.0,1.0,Semiurban,Y
LP102518,Female,No,2,Graduate,,13186,0.0,228.0,360.0,1.0,Urban,Y
LP102519,Male,No,2,Graduate,No,8054,0.0,129.0,240.0,0.0,Semiurban,N
LP102520,Female,No,0,Not Graduate,Yes,5077,0.0,55.0,300.0,1.0,Urban,Y
LP102521,Male,Yes,0,Graduate,No,4138,10428.0,217.0,240.0,1.0,Rural,Y
LP102522,Male,Yes,0,Graduate,No,22369,1913.0,94.0,360.0,1.0,Semiurban,Y
LP102523,Male,Yes,2,Graduate,No,6568,337.0,158.0,360.0,1.0,Semiurban,Y
LP102524,Male,No,1,Not Graduate,No,5573,0.0,203.0,,1.0,Rural,Y
LP102525,Female,Yes,,Not Graduate,Yes,4403,889.0,82.0,240.0,1.0,Urban,Y
LP102526,Female,Yes,2,Graduate,Yes,2869,5043.0,486.0,120.0,,Rural,N
LP102527,Male,No,0,Graduate,No,1524,0.0,130.0,36.0,0.0,Semiurban,N
LP102528,Male,No,2,Graduate,No,12242,0.0,89.0,60.0,0.0,Urban,Y
LP102529,Female,No,1,Graduate,No,3079,0.0,244.0,120.0,1.0,Rural,Y
LP102530,Female,No,2,Graduate,No,4384,0.0,340.0,36.0,1.0,Semiurban,Y
LP102531,,No,3+,Graduate,No,4611,0.0,38.0,240.0,1.0,Semiurban,Y
LP102532,Male,Yes,2,Graduate,No,11612,2013.0,58.0,60.0,1.0,Rural,Y
LP102533,Male,No,1,Not Graduate,Yes,3103,0.0,84.0,360.0,1.0,Rural,N
LP102534,Female,No,0,Graduate,No,5735,0.0,477.0,360.0,1.0,Rural,Y
LP102535,Male,Yes,2,Graduate,No,6682,1363.0,100.0,360.0,1.0,Semiurban,Y
LP102536,Male,Yes,1,Graduate,No,2141,616.0,334.0,360.0,1.0,Semiurban,Y
LP102537,Male,No,0,Not Graduate,No,2024,0.0,153.0,,1.0,Urban,Y
LP102538,Female,Yes,2,Graduate,Yes,3200,654.0,56.0,84.0,1.0,Rural,Y
LP102539,Male,No,0,Graduate,,5688,0.0,227.0,60.0,1.0,Urban,Y
LP102540,Male,Yes,0,Not Graduate,Yes,5270,717.0,162.0,480.0,1.0,Semiurban,Y
LP102541,Male,Yes,3+,Not Graduate,No,4575,2868.0,80.0,240.0,1.0,Rural,Y
LP102542,Male,Yes,1,Not Graduate,Yes,7269,720.0,90.0,60.0,0.0,Rural,N
LP102543,Male,Yes,0,Graduate,Yes,2939,1733.0,71.0,120.0,,Rural,N
LP102544,Male,No,2,Graduate,No,4436,0.0,92.0,360.0,1.0,Urban,Y
LP102545,Male,Yes,3+,Not Graduate,No,4591,778.0,199.0,120.0,1.0,Urban,Y
LP102546,Male,Yes,0,Graduate,No,2987,754.0,78.0,300.0,1.0,Rural,Y
LP102547,Male,Yes,2,Graduate,No,19555,3952.0,141.0,360.0,1.0,Semiurban,Y
LP102548,Female,Yes,2,Not Graduate,Yes,1500,1562.0,162.0,360.0,1.0,Rural,N
LP102549,Female,Yes,0,Not Graduate,No,10346,994.0,129.0,12.0,1.0,Semiurban,Y
LP102550,Male,No,1,Not Graduate,No,7942,0.0,50.0,300.0,1.0,Rural,Y
LP102551,Female,Yes,0,Not Graduate,Yes,7982,616.0,210.0,480.0,1.0,Semiurban,Y
LP102552,Male,Yes,2,Graduate,No,5205,1017.0,66.0,84.0,0.0,Rural,N
LP102553,Male,Yes,2,Not Graduate,No,10939,572.0,95.0,84.0,1.0,Urban,Y
LP102554,Male,Yes,0,Graduate,No,3755,1277.0,101.0,60.0,0.0,Rural,N
LP102555,Male,Yes,2,Not Graduate,No,6219,1026.0,131.0,300.0,1.0,Urban,Y
LP102556,Female,Yes,2,Graduate,,5135,969.0,142.0,240.0,1.0,Urban,Y
LP102557,Female,No,0,Graduate,No,4275,0.0,202.0,360.0,1.0,Semiurban,Y
LP102558,Female,No,2,Graduate,No,5287,0.0,111.0,300.0,0.0,Semiurban,N
LP102559,Male,No,,Graduate,No,2781,0.0,64.0,300.0,1.0,Semiurban,Y
LP102560,Male,Yes,3+,Graduate,No,3299,5042.0,257.0,300.0,1.0,Urban,Y
LP102561,Male,Yes,1,Graduate,No,12685,609.0,105.0,480.0,0.0,Semiurban,Y
LP102562,Male,Yes,2,Graduate,No,27693,1224.0,120.0,300.0,1.0,Rural,Y
LP102563,Male,No,2,Graduate,No,6714,0.0,73.0,60.0,1.0,Semiurban,Y
LP102564,Male,No,1,Graduate,No,8104,0.0,79.0,240.0,0.0,Semiurban,N
LP102565,Male,Yes,3+,Graduate,No,5717,2938.0,319.0,360.0,1.0,Semiurban,Y
LP102566,Male,Yes,2,Graduate,No,6457,259.0,58.0,360.0,1.0,Rural,Y
LP102567,Female,No,3+,Not Graduate,No,6810,0.0,64.0,360.0,0.0,Rural,N
LP102568,Female,No,1,Graduate,,9147,0.0,101.0,360.0,1.0,Urban,Y
LP102569,Female,No,0,Graduate,No,12359,0.0,162.0,300.0,1.0,Urban,Y
LP102570,Male,No,3+,Graduate,No,2890,0.0,75.0,12.0,1.0,Urban,N
LP102571,Male,No,2,Not Graduate,No,26813,0.0,52.0,480.0,1.0,Semiurban,Y
LP102572,Male,Yes,2,Not Graduate,Yes,5339,6948.0,64.0,300.0,0.0,Semiurban,N
LP102573,Female,No,3+,Graduate,No,5340,0.0,104.0,84.0,1.0,Semiurban,Y
LP102574,Male,No,0,Not Graduate,Yes,3836,0.0,73.0,300.0,1.0,Semiurban,Y
LP102575,Male,No,1,Not Graduate,,3845,0.0,509.0,360.0,1.0,Urban,N
LP102576,Female,Yes,0,Not Graduate,No,7114,1313.0,441.0,300.0,1.0,Urban,Y
LP102577,Male,Yes,2,Graduate,No,7203,1567.0,270.0,360.0,1.0,Semiurban,Y
LP102578,Male,Yes,2,Not Graduate,No,6899,4116.0,168.0,180.0,1.0,Urban,Y
LP102579,Male,Yes,3+,Graduate,No,3740,1714.0,168.0,36.0,1.0,Rural,N
LP102580,Male,No,1,Not Graduate,No,1500,0.0,296.0,360.0,0.0,Semiurban,N
LP102581,Male,Yes,2,Not Graduate,No,1673,9196.0,145.0,120.0,0.0,Semiurban,N
LP102582,Male,Yes,3+,Not Graduate,No,4954,5833.0,81.0,360.0,1.0,Urban,Y
LP102583,Male,No,2,Graduate,No,6012,0.0,480.0,120.0,1.0,Semiurban,Y
LP102584,Male,Yes,0,Not Graduate,Yes,3820,7298.0,189.0,360.0,1.0,Semiurban,Y
LP102585,Female,Yes,2,Graduate,Yes,3243,5439.0,321.0,360.0,1.0,Urban,Y
LP102586,Male,Yes,3+,Graduate,No,5872,5976.0,398.0,84.0,,Semiurban,Y
LP102587,Male,Yes,3+,Graduate,No,4607,1096.0,46.0,120.0,1.0,Urban,Y
LP102588,Male,Yes,2,Not Graduate,Yes,3692,2141.0,79.0,360.0,1.0,Semiurban,Y
LP102589,Female,No,3+,Graduate,No,1864,0.0,118.0,360.0,1.0,Semiurban,N
LP102590,Male,Yes,0,Graduate,No,2962,1991.0,181.0,36.0,1.0,Semiurban,Y
LP102591,Male,No,0,Graduate,No,8600,0.0,232.0,120.0,1.0,Semiurban,Y
LP102592,Female,Yes,3+,Graduate,No,2758,2022.0,129.0,240.0,1.0,Urban,Y
LP102593,Female,Yes,0,Not Graduate,No,7318,456.0,291.0,360.0,1.0,Urban,Y
LP102594,Male,Yes,0,Not Graduate,No,11291,1341.0,193.0,120.0,0.0,Urban,Y
LP102595,Female,Yes,1,Graduate,No,3057,1071.0,192.0,360.0,1.0,Urban,Y
LP102596,Male,Yes,1,Not Graduate,No,3763,7569.0,113.0,60.0,1.0,Semiurban,Y
LP102597,Male,Yes,2,Not Graduate,No,8887,943.0,162.0,300.0,1.0,Semiurban,Y
LP102598,Male,Yes,0,Not Graduate,No,10297,1305.0,161.0,360.0,1.0,Semiurban,Y
LP102599,Male,Yes,3+,Not Graduate,No,3337,1342.0,239.0,60.0,1.0,Rural,N
LP102600,Female,Yes,3+,Not Graduate,Yes,1857,6500.0,60.0,120.0,0.0,Semiurban,N
LP102601,Male,Yes,1,Not Graduate,No,10435,3898.0,204.0,360.0,1.0,Semiurban,Y
LP102602,Male,No,1,Graduate,No,6976,0.0,50.0,120.0,0.0,Urban,N
LP102603,Female,No,2,Graduate,No,6250,0.0,80.0,360.0,,Semiurban,Y
LP102604,Female,Yes,2,Not Graduate,Yes,8513,2147.0,193.0,360.0,1.0,Urban,Y
LP102605,Male,Yes,1,Graduate,No,2413,1921.0,81.0,300.0,1.0,Semiurban,Y
LP102606,Male,No,1,Graduate,No,6214,0.0,136.0,120.0,,Rural,Y
LP102607,Male,Yes,0,Graduate,No,4141,656.0,77.0,240.0,0.0,Semiurban,N
LP102608,Female,No,0,Graduate,No,7056,0.0,192.0,360.0,,Urban,Y
LP102609,Female,Yes,1,Graduate,No,7938,2577.0,138.0,360.0,1.0,Rural,Y
LP102610,Female,No,2,Not Graduate,No,8830,0.0,132.0,360.0,,Urban,N
LP102611,Male,Yes,,Not Graduate,No,7038,2097.0,259.0,360.0,1.0,Rural,Y
LP102612,Male,No,2,Graduate,No,5712,0.0,172.0,180.0,1.0,Rural,Y
LP102613,Male,Yes,1,Graduate,No,5828,3283.0,180.0,120.0,1.0,Semiurban,Y
LP102614,Male,No,2,Graduate,No,6124,0.0,261.0,360.0,1.0,Urban,Y
LP102615,Male,Yes,0,Graduate,No,3379,647.0,277.0,360.0,1.0,Rural,Y
LP102616,Female,Yes,1,Graduate,No,3935,826.0,75.0,240.0,1.0,Semiurban,Y
LP102617,Male,No,2,Not Graduate,No,6256,0.0,208.0,480.0,1.0,Urban,Y
LP102618,Male,,2,Not Graduate,No,7261,2127.0,174.0,360.0,1.0,Semiurban,Y
LP102619,Female,No,1,Graduate,No,3325,0.0,295.0,360.0,1.0,Semiurban,Y
LP102620,Male,Yes,2,Graduate,No,2576,623.0,62.0,240.0,1.0,Urban,Y
LP102621,Female,No,3+,Not Graduate,No,1798,0.0,88.0,180.0,1.0,Urban,N
LP102622,Male,Yes,1,Not Graduate,Yes,2305,1181.0,119.0,360.0,1.0,Urban,Y
LP102623,Male,No,2,Not Graduate,No,3555,0.0,311.0,300.0,0.0,Urban,N
LP102624,Male,No,3+,Graduate,No,3759,0.0,113.0,360.0,1.0,Urban,N
LP102625,Male,Yes,2,Graduate,No,4147,3108.0,130.0,360.0,0.0,Urban,N
LP102626,Female,No,,Graduate,No,2385,0.0,89.0,300.0,1.0,Urban,Y
LP102627,Male,No,0,Graduate,No,1656,0.0,214.0,360.0,1.0,Urban,Y
LP102628,Male,Yes,1,Not Graduate,No,5302,4179.0,201.0,60.0,1.0,Rural,Y
LP102629,Male,Yes,,Graduate,Yes,5303,2676.0,,360.0,1.0,Semiurban,Y
LP102630,Male,Yes,2,Not Graduate,No,7135,4007.0,71.0,120.0,1.0,Semiurban,Y
LP102631,Female,No,1,Graduate,No,8014,0.0,213.0,360.0,1.0,Semiurban,Y
LP102632,Male,Yes,3+,Not Graduate,Yes,6219,974.0,182.0,84.0,0.0,Urban,N
LP102633,Female,Yes,0,Graduate,Yes,5264,17304.0,90.0,300.0,1.0,Rural,Y
LP102634,Female,Yes,2,Graduate,No,8313,296.0,203.0,300.0,1.0,Semiurban,Y
LP102635,Male,Yes,1,Graduate,Yes,11549,905.0,197.0,300.0,1.0,Semiurban,Y
LP102636,Female,No,1,Graduate,No,3274,0.0,280.0,360.0,1.0,Rural,Y
LP102637,Male,No,2,Not Graduate,No,7802,0.0,223.0,360.0,1.0,Semiurban,Y
LP102638,Male,Yes,0,Graduate,No,3379,2012.0,109.0,360.0,1.0,Urban,Y
LP102639,Male,Yes,0,Not Graduate,No,5605,3204.0,85.0,360.0,1.0,Rural,Y
LP102640,Female,No,1,Graduate,No,9336,0.0,449.0,360.0,1.0,Rural,Y
LP102641,Female,Yes,1,Graduate,Yes,4170,3540.0,98.0,300.0,1.0,Rural,Y
LP102642,Male,Yes,2,Not Graduate,No,2775,1630.0,44.0,240.0,1.0,Urban,Y
LP102643,Female,Yes,3+,Not Graduate,No,3731,5545.0,65.0,60.0,1.0,Rural,Y
LP102644,Male,Yes,0,Graduate,No,2774,1417.0,39.0,300.0,1.0,Semiurban,Y
LP102645,Male,Yes,1,Not Graduate,No,2579,2628.0,279.0,180.0,1.0,Semiurban,Y
LP102646,Male,No,2,Graduate,No,10136,0.0,400.0,240.0,1.0,Urban,Y
LP102647,Female,Yes,3+,Graduate,No,6764,3729.0,156.0,36.0,1.0,Urban,Y
LP102648,Male,No,3+,Not Graduate,No,3191,0.0,51.0,360.0,1.0,Urban,N
LP102649,Male,Yes,2,Graduate,No,2722,1437.0,276.0,360.0,0.0,Semiurban,N
LP102650,Male,Yes,1,Graduate,No,2837,972.0,177.0,240.0,1.0,Urban,Y
LP102651,Male,No,0,Not Graduate,Yes,3191,0.0,281.0,360.0,1.0,Urban,Y
LP102652,Male,Yes,1,Graduate,No,9814,396.0,191.0,84.0,1.0,Rural,Y
LP102653,Male,Yes,1,Graduate,Yes,4600,2314.0,58.0,360.0,1.0,Semiurban,Y
LP102654,Female,Yes,2,Graduate,No,17658,2456.0,199.0,60.0,1.0,Semiurban,Y
LP102655,Male,Yes,2,Not Graduate,No,4798,8096.0,52.0,180.0,1.0,Semiurban,Y
LP102656,Male,No,2,Not Graduate,No,3479,0.0,84.0,240.0,1.0,Semiurban,Y
LP102657,Male,Yes,1,Graduate,Yes,8575,2101.0,249.0,120.0,1.0,Urban,Y
LP102658,Female,No,2,Not Graduate,Yes,1804,0.0,242.0,120.0,1.0,Semiurban,Y
LP102659,Female,Yes,0,Graduate,,5503,746.0,76.0,360.0,1.0,Semiurban,Y
LP102660,Male,Yes,0,Not Graduate,No,2374,1800.0,67.0,84.0,0.0,Urban,N
LP102661,Female,No,0,Not Graduate,No,1500,0.0,136.0,360.0,0.0,Urban,N
LP102662,Male,No,,Not Graduate,No,4579,0.0,446.0,360.0,1.0,Semiurban,N
LP102663,Male,Yes,0,Graduate,No,8110,2900.0,188.0,240.0,1.0,Semiurban,Y
LP102664,Male,Yes,2,Not Graduate,No,5587,2553.0,550.0,360.0,,Urban,N
LP102665,Male,Yes,0,Graduate,No,5199,1086.0,121.0,360.0,1.0,Semiurban,Y
LP102666,Male,No,1,Graduate,No,1500,0.0,228.0,360.0,1.0,Urban,Y
LP102667,Female,No,3+,Graduate,No,4478,0.0,111.0,360.0,,Semiurban,Y
LP102668,Female,No,1,Graduate,No,4504,0.0,83.0,360.0,1.0,Rural,N
LP102669,Female,Yes,0,Graduate,No,7134,709.0,75.0,360.0,1.0,Rural,Y
LP102670,Male,No,0,Graduate,No,2604,0.0,166.0,360.0,1.0,Semiurban,Y
LP102671,Male,Yes,3+,Graduate,Yes,8085,4998.0,292.0,360.0,0.0,Urban,N
LP102672,Female,Yes,1,Not Graduate,Yes,3620,2638.0,110.0,360.0,1.0,Semiurban,Y
LP102673,Male,Yes,1,Graduate,No,4106,865.0,315.0,300.0,,Semiurban,Y
LP102674,Male,No,1,Graduate,No,6746,0.0,402.0,300.0,1.0,Semiurban,Y
LP102675,Male,No,1,Graduate,No,2407,0.0,226.0,360.0,1.0,Rural,Y
LP102676,Female,Yes,0,Not Graduate,No,8058,927.0,163.0,360.0,1.0,Urban,Y
LP102677,Male,Yes,2,Graduate,No,2180,2248.0,89.0,60.0,1.0,Semiurban,Y
LP102678,Male,No,2,Graduate,No,7281,0.0,293.0,360.0,1.0,Urban,Y
LP102679,Female,Yes,0,Graduate,No,4267,1155.0,67.0,360.0,0.0,Urban,N
LP102680,Male,Yes,2,Not Graduate,No,4481,8466.0,193.0,60.0,0.0,Semiurban,N
LP102681,Male,No,3+,Graduate,No,1500,0.0,61.0,360.0,1.0,Semiurban,Y
LP102682,Male,No,3+,Graduate,No,3447,0.0,71.0,480.0,1.0,Semiurban,Y
LP102683,Male,Yes,0,Not Graduate,No,4332,2227.0,129.0,360.0,1.0,Semiurban,Y
LP102684,Female,Yes,0,Graduate,Yes,12446,465.0,204.0,60.0,1.0,Semiurban,Y
LP102685,Male,Yes,3+,Graduate,No,4809,2601.0,245.0,360.0,1.0,Rural,Y
LP102686,Male,Yes,0,Graduate,No,3321,258.0,134.0,120.0,1.0,Semiurban,Y
LP102687,Female,No,0,Not Graduate,No,8104,0.0,104.0,60.0,1.0,Rural,Y
LP102688,Female,Yes,3+,Graduate,Yes,3629,2059.0,83.0,180.0,1.0,Semiurban,Y
LP102689,Female,No,0,Graduate,No,9130,0.0,204.0,300.0,1.0,Semiurban,Y
LP102690,Male,Yes,1,Graduate,,5749,1904.0,199.0,360.0,1.0,Semiurban,Y
LP102691,Male,Yes,1,Not Graduate,No,2864,1430.0,149.0,180.0,1.0,Semiurban,Y
LP102692,Female,Yes,2,Graduate,No,8627,1598.0,160.0,240.0,1.0,Semiurban,Y
LP102693,Female,No,0,Graduate,Yes,7048,0.0,351.0,120.0,1.0,Semiurban,Y
LP102694,Male,Yes,3+,Not Graduate,No,8412,1128.0,247.0,180.0,1.0,Semiurban,Y
LP102695,Male,Yes,2,Not Graduate,No,4406,1920.0,57.0,360.0,1.0,Rural,Y
LP102696,Male,Yes,1,Not Graduate,No,7049,3613.0,228.0,360.0,1.0,Urban,Y
LP102697,Female,Yes,0,Graduate,No,15557,1493.0,307.0,360.0,1.0,Semiurban,Y
LP102698,Male,Yes,0,Graduate,No,5447,1736.0,82.0,180.0,1.0,Semiurban,Y
LP102699,Male,Yes,2,Graduate,No,3869,3039.0,237.0,120.0,1.0,Urban,Y
LP102700,Male,Yes,1,Graduate,No,12411,11110.0,700.0,360.0,1.0,Rural,Y
LP102701,Female,Yes,3+,Not Graduate,No,7333,1549.0,179.0,360.0,0.0,Rural,N
LP102702,Female,Yes,1,Not Graduate,,3750,463.0,116.0,60.0,1.0,Urban,Y
LP102703,Male,Yes,1,Graduate,No,13919,882.0,126.0,300.0,1.0,Urban,Y
LP102704,Female,Yes,1,Not Graduate,No,2387,2927.0,145.0,240.0,1.0,Semiurban,Y
LP102705,Female,Yes,2,Not Graduate,No,6751,6063.0,52.0,360.0,1.0,Urban,Y
LP102706,Male,Yes,1,Not Graduate,No,9778,848.0,50.0,180.0,,Semiurban,Y
LP102707,Male,No,0,Not Graduate,No,9349,0.0,157.0,360.0,1.0,Urban,Y
LP102708,Male,Yes,3+,Graduate,No,2864,1836.0,130.0,60.0,1.0,Rural,Y
LP102709,Female,Yes,1,Graduate,No,2334,977.0,199.0,360.0,1.0,Rural,Y
LP102710,Male,Yes,1,Graduate,No,5640,6174.0,113.0,180.0,1.0,Urban,Y
LP102711,Male,No,2,Graduate,No,7501,0.0,141.0,180.0,1.0,Rural,Y
LP102712,Female,No,2,Graduate,No,2574,0.0,237.0,240.0,1.0,Rural,Y
LP102713,Male,No,0,Graduate,No,5890,0.0,,120.0,1.0,Semiurban,Y
LP102714,Female,Yes,0,Graduate,No,2049,3885.0,77.0,360.0,1.0,Urban,Y
LP102715,Male,Yes,2,Graduate,No,9288,2727.0,98.0,60.0,1.0,Semiurban,Y
LP102716,Male,No,0,Graduate,No,3488,0.0,,360.0,1.0,Urban,Y
LP102717,Female,No,2,Graduate,No,4454,0.0,57.0,360.0,1.0,Semiurban,Y
LP102718,Female,Yes,0,Graduate,Yes,8255,2429.0,77.0,360.0,0.0,Urban,N
LP102719,Male,No,1,Graduate,,7806,0.0,,360.0,1.0,Semiurban,Y
LP102720,Female,No,0,Graduate,No,6531,0.0,177.0,360.0,1.0,Semiurban,Y
LP102721,Female,Yes,1,Not Graduate,No,9115,624.0,25.0,300.0,1.0,Semiurban,Y
LP102722,Male,Yes,,Graduate,No,6281,4125.0,117.0,360.0,1.0,Urban,Y
LP102723,Female,Yes,0,Graduate,No,11713,1030.0,123.0,12.0,1.0,Semiurban,Y
LP102724,Male,Yes,1,Graduate,No,1760,2986.0,77.0,360.0,0.0,Semiurban,N
LP102725,Male,No,3+,Graduate,No,4742,0.0,123.0,36.0,1.0,Urban,N
LP102726,Male,Yes,1,Not Graduate,No,4622,3412.0,169.0,360.0,1.0,Semiurban,Y
LP102727,Female,No,2,Graduate,Yes,4309,0.0,206.0,360.0,1.0,Urban,Y
LP102728,Female,No,3+,Not Graduate,No,6624,0.0,142.0,84.0,1.0,Semiurban,Y
LP102729,Male,Yes,3+,Not Graduate,No,5588,1415.0,197.0,360.0,1.0,Semiurban,Y
LP102730,Male,Yes,3+,Graduate,No,8061,794.0,135.0,360.0,1.0,Semiurban,Y
LP102731,Male,No,,Graduate,Yes,2415,0.0,34.0,300.0,1.0,Urban,Y
LP102732,Male,No,3+,Graduate,No,19444,0.0,123.0,36.0,1.0,Urban,Y
LP102733,Female,No,2,Graduate,Yes,3887,0.0,64.0,84.0,1.0,Urban,Y
LP102734,Female,Yes,2,Not Graduate,No,5837,1191.0,143.0,360.0,1.0,Rural,Y
LP102735,Male,Yes,0,Graduate,No,4342,1509.0,117.0,300.0,1.0,Semiurban,Y
LP102736,Female,Yes,3+,Graduate,Yes,5159,2631.0,117.0,36.0,1.0,Rural,Y
LP102737,Male,No,2,Graduate,Yes,3565,0.0,81.0,300.0,1.0,Rural,N
LP102738,Female,Yes,2,Graduate,No,5560,386.0,105.0,360.0,1.0,Rural,Y
LP102739,Female,No,0,Not Graduate,No,6960,0.0,161.0,360.0,1.0,Semiurban,Y
LP102740,Male,Yes,0,Graduate,Yes,1500,1327.0,77.0,360.0,1.0,Urban,Y
LP102741,Male,No,3+,Graduate,No,4035,0.0,92.0,360.0,1.0,Rural,N
LP102742,Female,No,1,Graduate,No,3944,0.0,46.0,360.0,0.0,Urban,N
LP102743,Male,Yes,1,Graduate,No,19784,1247.0,158.0,84.0,1.0,Semiurban,Y
LP102744,Male,Yes,2,Graduate,Yes,8234,7616.0,62.0,120.0,1.0,Rural,Y
LP102745,Male,Yes,0,Graduate,No,12088,1223.0,136.0,300.0,1.0,Semiurban,Y
LP102746,Male,Yes,1,Graduate,No,6869,2314.0,205.0,300.0,0.0,Urban,Y
LP102747,Male,Yes,1,Graduate,Yes,5163,1060.0,287.0,120.0,1.0,Urban,Y
LP102748,Female,Yes,0,Graduate,No,6114,2670.0,110.0,360.0,1.0,Rural,Y
LP102749,Female,Yes,0,Graduate,No,9641,2718.0,195.0,,1.0,Rural,Y
LP102750,Male,No,0,Graduate,No,14045,0.0,133.0,180.0,1.0,Semiurban,Y
LP102751,Female,Yes,0,Graduate,Yes,5891,1623.0,43.0,180.0,1.0,Rural,Y
LP102752,Male,Yes,2,Not Graduate,No,3382,4995.0,55.0,180.0,1.0,Urban,Y
LP102753,Female,No,3+,Graduate,No,8559,0.0,223.0,180.0,1.0,Urban,Y
LP102754,Female,Yes,1,Not Graduate,No,2945,1080.0,268.0,240.0,1.0,Urban,Y
LP102755,Male,No,0,Not Graduate,No,6212,0.0,37.0,300.0,1.0,Urban,Y
LP102756,Female,No,0,Graduate,No,7396,0.0,164.0,300.0,1.0,Urban,Y
LP102757,Male,Yes,2,Not Graduate,No,4606,4971.0,157.0,300.0,1.0,Urban,Y
LP102758,Male,Yes,3+,Not Graduate,No,2855,736.0,82.0,360.0,1.0,Semiurban,Y
LP102759,Female,Yes,0,Graduate,No,3741,3297.0,83.0,240.0,1.0,Urban,Y
LP102760,,Yes,0,Not Graduate,Yes,4064,550.0,71.0,300.0,1.0,Urban,Y
LP102761,Male,Yes,2,Graduate,,2611,1103.0,42.0,300.0,1.0,Rural,Y
LP102762,Male,Yes,2,Graduate,Yes,3898,2675.0,71.0,84.0,1.0,Urban,Y
LP102763,Female,Yes,1,Not Graduate,No,2056,917.0,203.0,360.0,1.0,Urban,Y
LP102764,Male,Yes,2,Graduate,No,7007,5840.0,108.0,180.0,1.0,Urban,Y
LP102765,Male,Yes,2,Not Graduate,Yes,6002,2942.0,208.0,36.0,0.0,Rural,N
LP102766,Female,Yes,3+,Not Graduate,Yes,5764,702.0,40.0,360.0,1.0,Semiurban,Y
LP102767,Female,No,0,Not Graduate,No,3898,0.0,174.0,36.0,0.0,Semiurban,N
LP102768,Male,Yes,3+,Graduate,No,4224,628.0,214.0,300.0,1.0,Urban,Y
LP102769,Male,Yes,1,Not Graduate,No,2988,1813.0,27.0,360.0,0.0,Semiurban,N
LP102770,Male,Yes,2,Graduate,No,6654,3647.0,97.0,480.0,1.0,Urban,Y
LP102771,Male,Yes,1,Graduate,No,2176,3188.0,165.0,300.0,1.0,Urban,Y
LP102772,Male,Yes,1,Graduate,No,5168,1687.0,293.0,180.0,1.0,Semiurban,Y
LP102773,Female,Yes,2,Graduate,No,3360,1372.0,58.0,300.0,1.0,Rural,Y
LP102774,Female,Yes,1,Graduate,No,14106,716.0,308.0,120.0,1.0,Urban,Y
LP102775,Male,Yes,0,Graduate,No,6741,2092.0,174.0,240.0,1.0,Semiurban,Y
LP102776,Male,Yes,1,Graduate,No,4913,3441.0,73.0,360.0,1.0,Urban,Y
LP102777,Female,Yes,1,Graduate,Yes,2531,9431.0,243.0,84.0,0.0,Urban,N
LP102778,Male,Yes,0,Not Graduate,Yes,2168,1255.0,534.0,300.0,1.0,Urban,N
LP102779,Female,Yes,3+,Graduate,No,6617,3559.0,109.0,360.0,1.0,Rural,Y
LP102780,Male,No,0,Graduate,No,14461,0.0,104.0,180.0,1.0,Urban,Y
LP102781,Male,No,1,Not Graduate,No,6281,0.0,,360.0,0.0,Semiurban,N
LP102782,Female,Yes,0,Graduate,No,5459,3218.0,404.0,360.0,1.0,Urban,Y
LP102783,Male,Yes,1,Not Graduate,No,5507,940.0,86.0,300.0,1.0,Semiurban,Y
LP102784,Female,Yes,0,Graduate,Yes,5228,2220.0,75.0,360.0,1.0,Semiurban,Y
LP102785,Male,No,1,Graduate,No,5552,0.0,92.0,360.0,1.0,Urban,Y
LP102786,Male,Yes,0,Graduate,No,3258,2578.0,92.0,360.0,1.0,Rural,Y
LP102787,Female,No,0,Graduate,Yes,2740,0.0,94.0,300.0,1.0,Rural,Y
LP102788,Male,No,2,Not Graduate,No,5247,0.0,83.0,360.0,1.0,Urban,Y
LP102789,Female,No,2,Graduate,No,12040,0.0,87.0,360.0,0.0,Semiurban,N
LP102790,Male,Yes,0,Not Graduate,Yes,7833,1631.0,146.0,240.0,0.0,Urban,N
LP102791,Male,Yes,0,Graduate,No,2344,756.0,301.0,360.0,1.0,Semiurban,Y
LP102792,Female,Yes,3+,Graduate,No,4217,1345.0,74.0,360.0,1.0,Semiurban,Y
LP102793,Male,Yes,0,Not Graduate,No,7611,1137.0,61.0,,1.0,Urban,Y
LP102794,Male,Yes,3+,Graduate,No,12211,733.0,163.0,360.0,1.0,Rural,Y
LP102795,Male,No,1,Not Graduate,No,14396,0.0,184.0,360.0,1.0,Urban,Y
LP102796,Male,Yes,0,Graduate,No,4331,1470.0,338.0,240.0,0.0,Urban,N
LP102797,Male,Yes,2,Graduate,No,8058,1889.0,312.0,300.0,0.0,Semiurban,N
LP102798,Female,Yes,3+,Not Graduate,Yes,5707,668.0,51.0,,1.0,Urban,Y
LP102799,Female,No,1,Graduate,No,4574,0.0,40.0,360.0,1.0,Urban,Y
LP102800,Female,No,1,Graduate,No,5102,0.0,188.0,360.0,1.0,Urban,Y
LP102801,Female,Yes,1,Not Graduate,Yes,5139,1688.0,185.0,,0.0,Rural,N
LP102802,Female,Yes,3+,Graduate,No,9947,681.0,326.0,84.0,1.0,Urban,Y
LP102803,Female,Yes,2,Graduate,Yes,2116,1525.0,169.0,360.0,1.0,Urban,Y
LP102804,Male,Yes,0,Graduate,No,6508,1453.0,95.0,300.0,1.0,Urban,Y
LP102805,Female,Yes,0,Graduate,No,12377,761.0,250.0,360.0,0.0,Urban,Y
LP102806,Female,No,0,Graduate,No,11603,0.0,71.0,240.0,1.0,Semiurban,Y
LP102807,Male,Yes,0,Graduate,No,6914,3338.0,447.0,360.0,1.0,Semiurban,Y
LP102808,Male,Yes,0,Graduate,,3120,1395.0,158.0,180.0,1.0,Semiurban,Y
LP102809,Male,Yes,2,Graduate,No,7832,3671.0,86.0,120.0,0.0,Semiurban,Y
LP102810,Male,No,0,Not Graduate,No,10883,0.0,78.0,12.0,1.0,Urban,Y
LP102811,Female,Yes,1,Graduate,Yes,3608,3298.0,150.0,360.0,1.0,Semiurban,Y
LP102812,Male,Yes,2,Graduate,No,6090,3212.0,128.0,300.0,0.0,Semiurban,Y
LP102813,Male,No,0,Not Graduate,No,4345,0.0,123.0,180.0,1.0,Semiurban,Y
LP102814,Female,Yes,0,Not Graduate,No,3400,4656.0,61.0,240.0,1.0,Rural,Y
LP102815,Male,No,0,Graduate,No,4067,0.0,121.0,,1.0,Rural,Y
LP102816,Male,Yes,0,Not Graduate,No,5308,546.0,220.0,240.0,1.0,Semiurban,Y
LP102817,Male,No,2,Graduate,No,2832,0.0,85.0,180.0,1.0,Rural,Y
LP102818,Female,Yes,2,Graduate,Yes,2567,1072.0,156.0,60.0,1.0,Semiurban,Y
LP102819,Female,Yes,0,Not Graduate,Yes,2881,3273.0,262.0,360.0,0.0,Urban,N
LP102820,Male,No,1,Not Graduate,No,5983,0.0,195.0,480.0,1.0,Semiurban,Y
LP102821,,Yes,0,Graduate,No,2039,2130.0,64.0,360.0,1.0,Urban,Y
LP102822,Male,Yes,1,Graduate,No,1500,2775.0,162.0,360.0,1.0,Urban,Y
LP102823,Female,Yes,1,Graduate,No,11198,2062.0,323.0,,1.0,Semiurban,Y
LP102824,Female,Yes,1,Graduate,No,2675,289.0,180.0,120.0,1.0,Urban,Y
LP102825,Female,Yes,,Not Graduate,No,4374,699.0,272.0,360.0,1.0,Urban,Y
LP102826,Male,No,0,Graduate,No,8547,0.0,241.0,12.0,0.0,Semiurban,N
LP102827,Female,No,2,Graduate,No,2073,0.0,67.0,300.0,1.0,Urban,Y
LP102828,Female,Yes,3+,Graduate,No,2072,208.0,390.0,300.0,1.0,Urban,Y
LP102829,Male,Yes,3+,Not Graduate,Yes,3362,1911.0,284.0,360.0,1.0,Semiurban,N
LP102830,Female,Yes,0,Graduate,No,8749,7647.0,113.0,360.0,1.0,Semiurban,Y
LP102831,Male,No,2,Not Graduate,No,4851,0.0,292.0,180.0,1.0,Rural,Y
LP102832,Female,Yes,2,Not Graduate,No,4891,1873.0,124.0,360.0,1.0,Rural,Y
LP102833,Male,Yes,3+,Graduate,No,4116,418.0,127.0,120.0,1.0,Semiurban,Y
LP102834,Female,Yes,0,Not Graduate,Yes,6886,1455.0,78.0,360.0,,Semiurban,Y
LP102835,Male,Yes,2,Not Graduate,No,11604,485.0,72.0,480.0,0.0,Semiurban,Y
LP102836,Male,Yes,0,Graduate,No,29448,679.0,,360.0,1.0,Urban,Y
LP102837,Male,Yes,2,Graduate,No,4496,566.0,115.0,360.0,1.0,Semiurban,Y
LP102838,Male,No,1,Graduate,No,12278,0.0,55.0,480.0,1.0,Semiurban,Y
LP102839,Male,Yes,2,Graduate,Yes,8951,3237.0,165.0,180.0,,Semiurban,Y
LP102840,Male,Yes,3+,Graduate,No,5768,5545.0,182.0,360.0,1.0,Semiurban,Y
LP102841,Male,Yes,1,Graduate,No,1500,627.0,160.0,240.0,1.0,Semiurban,Y
LP102842,Male,Yes,1,Not Graduate,No,3917,2106.0,159.0,120.0,1.0,Semiurban,Y
LP102843,Male,Yes,0,Graduate,No,4011,807.0,171.0,84.0,1.0,Urban,Y
LP102844,Female,Yes,1,Graduate,Yes,6095,879.0,148.0,360.0,1.0,Semiurban,Y
LP102845,Male,No,1,Graduate,No,4365,0.0,165.0,180.0,1.0,Semiurban,Y
LP102846,Female,Yes,0,Not Graduate,No,3505,2086.0,181.0,360.0,1.0,Semiurban,Y
LP102847,Female,Yes,3+,Graduate,No,16614,2273.0,94.0,180.0,1.0,Semiurban,Y
LP102848,Female,Yes,0,Graduate,No,10774,661.0,62.0,300.0,1.0,Urban,Y
LP102849,Male,No,2,Graduate,No,1500,0.0,162.0,360.0,1.0,Urban,Y
LP102850,Female,No,3+,Graduate,No,4152,0.0,147.0,300.0,1.0,Semiurban,Y
LP102851,Male,No,3+,Graduate,No,7176,0.0,176.0,360.0,1.0,Semiurban,Y
LP102852,Male,Yes,2,Graduate,No,10922,1454.0,265.0,300.0,1.0,Urban,Y
LP102853,Male,No,0,Not Graduate,No,3820,0.0,131.0,120.0,1.0,Urban,N
LP102854,Female,Yes,2,Not Graduate,No,4318,322.0,123.0,360.0,,Semiurban,Y
LP102855,Male,Yes,0,Graduate,Yes,5202,9015.0,177.0,240.0,1.0,Rural,Y
LP102856,Male,No,3+,Graduate,No,7310,0.0,72.0,360.0,0.0,Urban,N
LP102857,Female,No,2,Not Graduate,No,1956,0.0,137.0,180.0,1.0,Semiurban,Y
LP102858,Female,Yes,2,Graduate,No,1500,3424.0,126.0,360.0,1.0,Rural,Y
LP102859,Male,Yes,0,Not Graduate,No,10433,901.0,227.0,120.0,1.0,Urban,Y
LP102860,Male,Yes,1,Not Graduate,No,2713,1974.0,101.0,60.0,1.0,Urban,Y
LP102861,Female,Yes,2,Not Graduate,Yes,17563,4380.0,141.0,480.0,1.0,Rural,Y
LP102862,Male,Yes,3+,Graduate,No,2927,748.0,122.0,12.0,1.0,Urban,Y
LP102863,Male,No,0,Graduate,No,4398,0.0,30.0,360.0,1.0,Semiurban,Y
LP102864,Male,No,3+,Graduate,No,6131,0.0,97.0,12.0,1.0,Semiurban,Y
LP102865,Female,No,0,Graduate,No,1500,0.0,133.0,300.0,1.0,Urban,Y
LP102866,Female,No,2,Graduate,No,27409,0.0,78.0,84.0,1.0,Urban,Y
LP102867,Female,Yes,2,Not Graduate,No,3877,4616.0,124.0,360.0,1.0,Semiurban,Y
LP102868,Female,No,0,Graduate,No,2971,0.0,299.0,180.0,1.0,Semiurban,Y
LP102869,Male,Yes,0,Not Graduate,No,2441,1466.0,239.0,240.0,1.0,Urban,Y
LP102870,Male,Yes,2,Not Graduate,No,6106,2511.0,43.0,180.0,1.0,Semiurban,Y
LP102871,Male,Yes,1,Graduate,No,5851,2533.0,211.0,84.0,1.0,Semiurban,Y
LP102872,Male,Yes,0,Graduate,No,2490,3251.0,188.0,300.0,1.0,Urban,Y
LP102873,Male,No,2,Graduate,No,2157,0.0,126.0,300.0,1.0,Semiurban,Y
LP102874,Female,No,2,Graduate,Yes,9257,0.0,32.0,300.0,0.0,Urban,N
LP102875,Male,Yes,1,Graduate,No,3316,403.0,214.0,360.0,1.0,Semiurban,Y
LP102876,Female,No,0,Graduate,No,1750,0.0,103.0,60.0,0.0,Semiurban,N
LP102877,Male,Yes,0,Not Graduate,No,4497,2639.0,152.0,240.0,1.0,Semiurban,Y
LP102878,Male,No,2,Graduate,No,3862,0.0,75.0,360.0,1.0,Semiurban,Y
LP102879,Male,Yes,1,Graduate,Yes,15835,1147.0,86.0,240.0,1.0,Semiurban,Y
LP102880,Male,Yes,2,Not Graduate,No,3592,1454.0,,120.0,1.0,Semiurban,Y
LP102881,Female,Yes,2,Graduate,No,4084,927.0,355.0,360.0,0.0,Semiurban,N
LP102882,Male,Yes,1,Graduate,No,5606,1659.0,103.0,360.0,1.0,Rural,Y
LP102883,Male,Yes,0,Graduate,Yes,3489,1037.0,332.0,360.0,1.0,Rural,Y
LP102884,Male,No,3+,Graduate,No,6403,0.0,103.0,240.0,0.0,Semiurban,N
LP102885,Male,Yes,1,Graduate,No,2670,5209.0,103.0,84.0,1.0,Urban,Y
LP102886,Male,No,2,Not Graduate,No,4257,0.0,57.0,,0.0,Semiurban,N
LP102887,Female,No,3+,Graduate,No,6273,0.0,180.0,360.0,1.0,Urban,Y
LP102888,Female,Yes,3+,Graduate,No,9726,4497.0,119.0,360.0,1.0,Semiurban,Y
LP102889,Male,Yes,1,Graduate,Yes,3457,1956.0,123.0,120.0,,Semiurban,Y
LP102890,Female,No,0,Not Graduate,No,3432,0.0,106.0,360.0,1.0,Rural,Y
LP102891,Male,Yes,3+,Graduate,No,12391,453.0,74.0,120.0,1.0,Rural,Y
LP102892,Male,No,2,Graduate,No,3529,0.0,195.0,360.0,1.0,Rural,N
LP102893,Male,Yes,1,Graduate,No,4750,643.0,129.0,300.0,0.0,Semiurban,N
LP102894,Male,Yes,1,Graduate,No,13734,1309.0,218.0,300.0,0.0,Semiurban,Y
LP102895,Male,No,1,Graduate,No,5117,0.0,76.0,360.0,1.0,Urban,Y
LP102896,Male,Yes,3+,Not Graduate,Yes,4235,880.0,155.0,180.0,0.0,Rural,N
LP102897,Male,Yes,1,Not Graduate,Yes,4429,2651.0,484.0,360.0,0.0,Semiurban,N
LP102898,Male,Yes,2,Graduate,No,3151,4193.0,87.0,120.0,1.0,Semiurban,Y
LP102899,Male,No,2,Graduate,No,6441,0.0,100.0,240.0,1.0,Urban,Y
LP102900,Female,No,2,Graduate,No,2823,0.0,99.0,120.0,1.0,Semiurban,Y
LP102901,Male,Yes,2,Not Graduate,No,7840,667.0,71.0,120.0,1.0,Semiurban,Y
LP102902,Male,Yes,3+,Graduate,No,4959,710.0,363.0,360.0,1.0,Urban,Y
LP102903,Male,Yes,1,Not Graduate,No,5660,2316.0,33.0,180.0,1.0,Urban,Y
LP102904,Male,Yes,0,Not Graduate,Yes,13874,3199.0,64.0,180.0,0.0,Urban,Y
LP102905,Male,Yes,2,Graduate,Yes,2060,540.0,177.0,360.0,1.0,Rural,Y
LP102906,Male,No,1,Not Graduate,No,4987,0.0,86.0,300.0,0.0,Semiurban,N
LP102907,Male,Yes,0,Not Graduate,No,7207,1214.0,131.0,240.0,1.0,Semiurban,Y
LP102908,Male,Yes,0,Graduate,No,3395,2134.0,131.0,360.0,0.0,Urban,N
LP102909,Male,No,0,Graduate,No,8696,0.0,180.0,300.0,1.0,Urban,Y
LP102910,Male,Yes,2,Graduate,No,3544,1440.0,141.0,360.0,1.0,Urban,Y
LP102911,Male,Yes,2,Graduate,Yes,5854,6091.0,106.0,180.0,1.0,Semiurban,Y
LP102912,Male,Yes,0,Graduate,No,4563,6029.0,145.0,360.0,0.0,Rural,N
LP102913,Male,Yes,2,Graduate,No,5415,482.0,120.0,360.0,1.0,Urban,Y
LP102914,Female,No,0,Graduate,No,5137,0.0,371.0,360.0,1.0,Urban,Y
LP102915,Male,Yes,2,Graduate,No,4821,19158.0,95.0,120.0,0.0,Urban,N
LP102916,Male,Yes,1,Not Graduate,No,3699,1278.0,187.0,360.0,1.0,Semiurban,Y
LP102917,Male,Yes,2,Not Graduate,No,3298,2535.0,232.0,360.0,1.0,Rural,Y
LP102918,Female,No,1,Not Graduate,No,5940,0.0,60.0,240.0,1.0,Semiurban,Y
LP102919,Male,Yes,0,Graduate,No,5072,3578.0,68.0,120.0,1.0,Semiurban,Y
LP102920,Male,Yes,2,Not Graduate,No,3244,189.0,427.0,180.0,1.0,Urban,N
LP102921,Male,No,0,Not Graduate,No,6039,0.0,89.0,300.0,1.0,Semiurban,Y
LP102922,Male,Yes,3+,Graduate,Yes,3723,7327.0,135.0,180.0,1.0,Urban,Y
LP102923,Male,No,2,Not Graduate,No,12497,0.0,120.0,360.0,0.0,Urban,N
LP102924,Male,Yes,1,Graduate,No,21883,786.0,,240.0,1.0,Urban,Y
LP102925,Female,No,2,Not Graduate,Yes,11309,0.0,107.0,180.0,1.0,Urban,Y
LP102926,Male,Yes,0,Not Graduate,No,10937,1541.0,144.0,360.0,0.0,Urban,Y
LP102927,Female,Yes,1,Not Graduate,No,8010,3103.0,82.0,60.0,1.0,Semiurban,Y
LP102928,Female,No,3+,Graduate,No,4333,0.0,117.0,360.0,1.0,Urban,N
LP102929,Male,Yes,0,Graduate,No,1572,1433.0,41.0,480.0,1.0,Rural,Y
LP102930,Male,Yes,2,Graduate,Yes,2657,2834.0,125.0,360.0,1.0,Rural,Y
LP102931,Male,Yes,1,Graduate,No,3274,525.0,164.0,240.0,1.0,Semiurban,Y
LP102932,Male,Yes,2,Graduate,Yes,10144,469.0,238.0,360.0,1.0,Urban,Y
LP102933,Male,No,0,Graduate,No,5731,0.0,267.0,300.0,1.0,Semiurban,Y
LP102934,Female,Yes,1,Not Graduate,No,3308,2582.0,107.0,300.0,1.0,Rural,Y
LP102935,Female,No,3+,Graduate,No,1624,0.0,222.0,240.0,1.0,Urban,Y
LP102936,Male,Yes,0,Not Graduate,No,19749,1886.0,67.0,60.0,1.0,Rural,Y
LP102937,Male,Yes,2,Graduate,No,6768,1451.0,98.0,180.0,1.0,Semiurban,Y
LP102938,Female,Yes,1,Graduate,No,8476,1768.0,355.0,360.0,1.0,Rural,Y
LP102939,Female,No,1,Graduate,Yes,3563,0.0,149.0,180.0,1.0,Rural,Y
LP102940,Female,No,2,Graduate,No,4522,0.0,154.0,240.0,1.0,Urban,Y
LP102941,Male,Yes,1,Graduate,No,3998,548.0,120.0,360.0,1.0,Semiurban,Y
LP102942,Male,No,0,Not Graduate,No,5108,0.0,412.0,180.0,1.0,Urban,Y
LP102943,Male,Yes,3+,Graduate,No,14875,935.0,184.0,360.0,1.0,Urban,Y
LP102944,Male,Yes,2,Not Graduate,,2386,1491.0,327.0,,1.0,Semiurban,Y
LP102945,Male,No,0,Not Graduate,No,4794,0.0,94.0,60.0,1.0,Rural,Y
LP102946,Male,No,1,Graduate,No,6102,0.0,74.0,300.0,1.0,Rural,Y
LP102947,Female,No,2,Not Graduate,No,4582,0.0,84.0,240.0,1.0,Urban,Y
LP102948,Male,Yes,3+,Not Graduate,No,8930,888.0,195.0,300.0,1.0,Urban,Y
LP102949,Male,Yes,3+,Not Graduate,Yes,1734,6274.0,360.0,,1.0,Semiurban,Y
LP102950,Male,Yes,3+,Not Graduate,No,15218,2168.0,210.0,12.0,1.0,Urban,Y
LP102951,Male,,0,Not Graduate,Yes,2159,1769.0,227.0,360.0,1.0,Urban,Y
LP102952,Male,No,3+,Graduate,No,2494,0.0,,120.0,1.0,Rural,N
LP102953,Male,Yes,3+,Graduate,No,3753,3334.0,,300.0,,Rural,N
LP102954,Female,No,1,Not Graduate,No,3332,0.0,452.0,360.0,1.0,Rural,N
LP102955,Male,Yes,1,Not Graduate,No,6340,140.0,200.0,120.0,1.0,Semiurban,Y
LP102956,Male,Yes,,Graduate,No,5914,1263.0,183.0,180.0,1.0,Semiurban,Y
LP102957,Male,No,2,Graduate,No,5261,0.0,226.0,60.0,1.0,Semiurban,Y
LP102958,Female,Yes,0,Not Graduate,No,2099,833.0,48.0,300.0,0.0,Urban,N
LP102959,Female,No,0,Graduate,Yes,4520,0.0,99.0,360.0,1.0,Rural,Y
LP102960,Female,Yes,0,Graduate,No,4973,1325.0,195.0,300.0,1.0,Urban,Y
LP102961,Male,No,1,Graduate,No,10294,0.0,123.0,240.0,1.0,Rural,Y
LP102962,Male,Yes,0,Not Graduate,No,5539,2916.0,,360.0,0.0,Semiurban,N
LP102963,Male,Yes,2,Graduate,Yes,6183,2352.0,289.0,300.0,1.0,Urban,Y
LP102964,Male,No,0,Graduate,No,15954,0.0,144.0,480.0,,Semiurban,Y
LP102965,Female,No,3+,Not Graduate,No,2450,0.0,559.0,360.0,1.0,Urban,N
LP102966,Male,Yes,3+,Not Graduate,No,3893,3569.0,131.0,360.0,1.0,Semiurban,Y
LP102967,Female,Yes,3+,Graduate,No,2486,3065.0,217.0,360.0,1.0,Semiurban,Y
LP102968,Female,Yes,2,Graduate,No,12886,580.0,179.0,480.0,1.0,Semiurban,Y
LP102969,Male,Yes,0,Graduate,No,13425,5538.0,95.0,300.0,1.0,Rural,Y
LP102970,Female,No,1,Not Graduate,Yes,12297,0.0,72.0,360.0,1.0,Urban,Y
LP102971,Male,No,0,Graduate,No,6825,0.0,137.0,84.0,1.0,Semiurban,Y
LP102972,Male,Yes,3+,Graduate,No,6175,16103.0,425.0,,1.0,Rural,Y
LP102973,Male,Yes,0,Not Graduate,No,3733,1293.0,106.0,240.0,1.0,Semiurban,Y
LP102974,Male,No,1,Not Graduate,No,7798,0.0,183.0,360.0,1.0,Rural,Y
LP102975,Male,Yes,2,Graduate,No,2278,1156.0,115.0,240.0,1.0,Semiurban,Y
LP102976,Male,Yes,3+,Graduate,No,2273,2080.0,153.0,360.0,0.0,Rural,N
LP102977,Male,Yes,2,Graduate,No,3820,5653.0,266.0,84.0,1.0,Rural,Y
LP102978,Male,Yes,2,Graduate,Yes,15247,1547.0,143.0,360.0,1.0,Rural,Y
LP102979,Male,Yes,1,Graduate,Yes,3611,1428.0,92.0,360.0,0.0,Rural,N
LP102980,Male,No,,Graduate,No,3916,0.0,351.0,360.0,1.0,Urban,Y
LP102981,Male,Yes,0,Graduate,No,5841,658.0,93.0,300.0,1.0,Semiurban,Y
LP102982,Male,Yes,3+,Graduate,No,8426,1932.0,201.0,300.0,1.0,Urban,Y
LP102983,Female,No,1,Not Graduate,,10417,0.0,54.0,240.0,1.0,Urban,Y
LP102984,Female,Yes,0,Graduate,No,2509,1494.0,290.0,240.0,1.0,Semiurban,Y
LP102985,Female,Yes,3+,Graduate,No,4637,889.0,640.0,84.0,1.0,Rural,N
LP102986,Female,Yes,1,Not Graduate,,5623,576.0,132.0,240.0,0.0,Semiurban,N
LP102987,Male,Yes,3+,Graduate,Yes,5972,308.0,72.0,360.0,1.0,Rural,Y
LP102988,Female,No,3+,Not Graduate,No,8262,0.0,212.0,60.0,1.0,Rural,N
LP102989,Male,No,2,Graduate,Yes,8038,0.0,141.0,120.0,1.0,Urban,Y
LP102990,Male,Yes,0,Graduate,No,4990,3465.0,485.0,360.0,1.0,Urban,Y
LP102991,Female,No,0,Graduate,Yes,9812,0.0,93.0,84.0,1.0,Urban,Y
LP102992,Male,Yes,3+,Graduate,No,8789,2042.0,60.0,180.0,1.0,Semiurban,Y
LP102993,Female,No,3+,Graduate,Yes,8375,0.0,161.0,12.0,0.0,Urban,N
LP102994,Female,Yes,1,Not Graduate,No,3578,2411.0,190.0,360.0,1.0,Rural,Y
LP102995,Female,Yes,1,Graduate,No,7538,2222.0,84.0,360.0,1.0,Urban,Y
LP102996,Female,Yes,0,Not Graduate,Yes,10118,320.0,238.0,360.0,1.0,Urban,Y
LP102997,Male,Yes,3+,Graduate,No,3610,1643.0,138.0,360.0,1.0,Semiurban,Y
LP102998,Male,Yes,0,Not Graduate,No,5318,1692.0,,240.0,1.0,Semiurban,Y
LP102999,Male,Yes,0,Graduate,No,12567,2797.0,186.0,300.0,1.0,Rural,Y
LP103000,Male,No,2,Not Graduate,No,6234,0.0,113.0,360.0,1.0,Rural,Y
LP103001,Male,Yes,0,Graduate,No,4662,1469.0,86.0,360.0,1.0,Rural,Y
LP103002,Female,No,3+,Not Graduate,Yes,11813,0.0,50.0,360.0,1.0,Urban,Y
LP103003,Female,Yes,0,Graduate,Yes,3705,2007.0,92.0,300.0,1.0,Semiurban,Y
LP103004,Male,No,0,Not Graduate,No,1776,0.0,599.0,300.0,1.0,Semiurban,Y
LP103005,Male,No,1,Graduate,No,3079,0.0,137.0,240.0,1.0,Urban,Y
LP103006,Male,No,1,Not Graduate,No,9716,0.0,,12.0,1.0,Semiurban,Y
LP103007,Male,No,0,Not Graduate,No,6717,0.0,287.0,120.0,1.0,Urban,Y
LP103008,Female,No,1,Not Graduate,No,5119,0.0,130.0,240.0,1.0,Urban,Y
LP103009,Male,Yes,1,Graduate,No,9289,1517.0,160.0,360.0,1.0,Urban,Y
LP103010,Male,Yes,3+,Not Graduate,No,5432,566.0,158.0,,,Rural,Y
LP103011,Male,Yes,0,Graduate,Yes,4300,716.0,327.0,360.0,1.0,Semiurban,Y
LP103012,Male,Yes,3+,Graduate,No,8111,279.0,60.0,300.0,1.0,Urban,Y
LP103013,Male,Yes,2,Graduate,No,3908,6837.0,322.0,240.0,1.0,Rural,Y
LP103014,Male,No,0,Graduate,No,6595,0.0,210.0,360.0,1.0,Rural,Y
LP103015,Male,Yes,0,Not Graduate,No,3050,4137.0,140.0,240.0,1.0,Rural,Y
LP103016,Male,Yes,1,Graduate,No,2610,1520.0,80.0,84.0,1.0,Semiurban,Y
LP103017,Male,Yes,0,Graduate,No,2923,3949.0,115.0,12.0,1.0,Urban,Y
LP103018,Female,No,0,Graduate,No,4838,0.0,137.0,360.0,0.0,Semiurban,N
LP103019,Male,Yes,0,Not Graduate,No,3331,564.0,397.0,360.0,0.0,Semiurban,N
LP103020,Male,Yes,2,Graduate,No,3388,963.0,317.0,360.0,0.0,Rural,N
LP103021,Male,Yes,1,Not Graduate,No,4482,2779.0,106.0,36.0,1.0,Semiurban,Y
LP103022,Female,No,0,Graduate,No,4706,0.0,448.0,120.0,0.0,Urban,N
LP103023,Male,No,1,Not Graduate,No,1937,0.0,237.0,360.0,0.0,Semiurban,N
LP103024,Female,No,2,Not Graduate,No,1500,0.0,178.0,360.0,0.0,Semiurban,N
LP103025,Male,No,0,Graduate,No,6247,0.0,113.0,360.0,1.0,Rural,Y
LP103026,Male,Yes,3+,Graduate,Yes,5342,13164.0,94.0,360.0,1.0,Urban,Y
LP103027,Male,No,1,Not Graduate,,2159,0.0,185.0,360.0,1.0,Semiurban,N
LP103028,Male,Yes,3+,Not Graduate,No,6385,1524.0,169.0,240.0,1.0,Urban,Y
LP103029,Female,Yes,0,Graduate,No,6378,4913.0,106.0,240.0,1.0,Urban,Y
LP103030,Male,Yes,3+,Graduate,No,4099,2099.0,262.0,36.0,1.0,Semiurban,Y
LP103031,Male,Yes,2,Not Graduate,No,15924,1296.0,148.0,360.0,0.0,Urban,Y
LP103032,Male,No,1,Graduate,No,10525,0.0,172.0,84.0,,Semiurban,N
LP103033,Male,Yes,1,Graduate,No,3868,2470.0,255.0,300.0,1.0,Urban,Y
LP103034,Male,No,0,Not Graduate,No,3911,0.0,220.0,360.0,1.0,Rural,Y
LP103035,Male,Yes,3+,Graduate,No,2049,2612.0,50.0,480.0,,Rural,Y
LP103036,Female,Yes,2,Graduate,Yes,10247,6918.0,212.0,240.0,1.0,Urban,Y
LP103037,Male,Yes,0,Not Graduate,No,5699,1811.0,136.0,360.0,0.0,Semiurban,N
LP103038,Male,No,0,Graduate,No,8053,0.0,102.0,360.0,1.0,Urban,Y
LP103039,Female,No,0,Not Graduate,No,1500,0.0,138.0,300.0,0.0,Semiurban,N
LP103040,Male,Yes,2,Not Graduate,No,7836,2396.0,111.0,300.0,0.0,Urban,N
LP103041,Female,Yes,2,Not Graduate,No,3619,826.0,144.0,300.0,1.0,Urban,Y
LP103042,Male,Yes,1,Not Graduate,No,6978,956.0,132.0,360.0,,Rural,Y
LP103043,Female,Yes,0,Graduate,No,6719,1374.0,202.0,36.0,1.0,Urban,Y
LP103044,Male,No,1,Graduate,No,4854,0.0,53.0,360.0,1.0,Semiurban,Y
LP103045,Female,Yes,1,Graduate,Yes,3234,4402.0,149.0,120.0,1.0,Urban,Y
LP103046,Female,No,0,Graduate,No,6243,0.0,132.0,360.0,1.0,Semiurban,Y
LP103047,Male,Yes,0,Graduate,No,2976,3505.0,518.0,360.0,1.0,Urban,Y
LP103048,Female,Yes,0,Graduate,,9231,1271.0,41.0,360.0,0.0,Urban,N
LP103049,Male,No,3+,Graduate,No,3187,0.0,233.0,240.0,,Urban,N
LP103050,Male,Yes,,Graduate,No,4982,4718.0,174.0,360.0,1.0,Urban,Y
LP103051,Male,Yes,3+,Not Graduate,Yes,3141,1648.0,212.0,12.0,1.0,Rural,N
LP103052,Male,Yes,0,Not Graduate,Yes,5405,2394.0,102.0,360.0,0.0,Rural,N
LP103053,Male,Yes,3+,Graduate,Yes,2646,1131.0,162.0,180.0,1.0,Rural,N
LP103054,Male,No,2,Graduate,Yes,3024,0.0,146.0,360.0,1.0,Urban,Y
LP103055,Male,Yes,1,Graduate,No,19471,192.0,700.0,84.0,1.0,Urban,Y
LP103056,Female,No,0,Graduate,No,8156,0.0,,120.0,0.0,Semiurban,Y
LP103057,Female,Yes,2,Not Graduate,No,6134,2859.0,83.0,300.0,,Rural,Y
LP103058,Male,Yes,3+,Not Graduate,Yes,6690,488.0,446.0,300.0,1.0,Semiurban,Y
LP103059,Male,Yes,0,Graduate,No,5903,1222.0,165.0,240.0,1.0,Urban,Y
LP103060,Male,Yes,0,Graduate,Yes,4659,5556.0,182.0,360.0,1.0,Rural,Y
LP103061,Male,No,2,Graduate,No,7739,0.0,264.0,60.0,0.0,Urban,N
LP103062,Male,No,3+,Graduate,No,2992,0.0,140.0,120.0,0.0,Rural,N
LP103063,Male,Yes,2,Not Graduate,No,12801,1920.0,104.0,12.0,1.0,Rural,Y
LP103064,Male,No,0,Graduate,Yes,5282,0.0,145.0,300.0,1.0,Rural,Y
LP103065,Female,No,1,Not Graduate,No,7950,0.0,81.0,360.0,1.0,Urban,Y
LP103066,Male,Yes,1,Graduate,Yes,12632,862.0,56.0,300.0,1.0,Semiurban,Y
LP103067,Male,No,3+,Graduate,No,6599,0.0,80.0,300.0,1.0,Semiurban,Y
LP103068,,Yes,2,Graduate,No,3022,659.0,32.0,240.0,1.0,Urban,Y
LP103069,Male,Yes,1,Graduate,No,10216,4621.0,107.0,240.0,1.0,Semiurban,Y
LP103070,Male,Yes,0,Not Graduate,No,13598,3264.0,99.0,300.0,0.0,Semiurban,Y
LP103071,Male,Yes,3+,Not Graduate,No,1528,714.0,192.0,12.0,0.0,Urban,N
LP103072,Male,Yes,2,Not Graduate,No,4623,1062.0,145.0,360.0,1.0,Urban,Y
LP103073,Male,Yes,3+,Graduate,No,5853,2471.0,123.0,300.0,1.0,Urban,Y
LP103074,Female,Yes,1,Not Graduate,No,4194,2245.0,272.0,360.0,1.0,Rural,Y
LP103075,Female,No,2,Graduate,No,2327,0.0,104.0,360.0,0.0,Rural,N
LP103076,,No,2,Graduate,Yes,2893,0.0,,360.0,1.0,Semiurban,Y
LP103077,Male,No,0,Graduate,No,1620,0.0,29.0,360.0,1.0,Urban,Y
LP103078,Male,Yes,3+,Graduate,No,8717,2921.0,136.0,240.0,1.0,Semiurban,Y
LP103079,Male,Yes,0,Not Graduate,No,11205,6958.0,130.0,240.0,1.0,Urban,Y
LP103080,Male,Yes,2,Not Graduate,No,11111,2208.0,287.0,120.0,1.0,Semiurban,Y
LP103081,Male,Yes,3+,Graduate,No,4828,670.0,79.0,36.0,1.0,Semiurban,Y
LP103082,Male,Yes,0,Graduate,No,5785,771.0,210.0,300.0,1.0,Rural,Y
LP103083,Male,Yes,2,Graduate,Yes,9338,4939.0,30.0,480.0,1.0,Urban,Y
LP103084,Male,No,1,Graduate,No,4273,0.0,61.0,360.0,1.0,Urban,Y
LP103085,Female,No,2,Graduate,Yes,2780,0.0,169.0,300.0,1.0,Rural,Y
LP103086,Female,Yes,3+,Not Graduate,No,3489,2455.0,203.0,180.0,1.0,Rural,Y
LP103087,Female,Yes,2,Graduate,No,5460,1947.0,49.0,84.0,1.0,Semiurban,Y
LP103088,Male,No,2,Not Graduate,No,3202,0.0,83.0,180.0,1.0,Urban,Y
LP103089,Female,Yes,0,Graduate,No,6528,548.0,137.0,300.0,1.0,Semiurban,Y
LP103090,Male,Yes,0,Graduate,Yes,2179,2648.0,126.0,360.0,1.0,Semiurban,Y
LP103091,Female,Yes,1,Graduate,No,4248,7521.0,186.0,240.0,0.0,Rural,N
LP103092,Male,Yes,2,Not Graduate,Yes,6268,2071.0,232.0,84.0,0.0,Semiurban,N
LP103093,Female,Yes,0,Graduate,No,5321,1420.0,62.0,180.0,1.0,Urban,Y
LP103094,Male,No,2,Graduate,No,3161,0.0,175.0,180.0,1.0,Semiurban,Y
LP103095,Female,No,1,Not Graduate,No,7639,0.0,87.0,300.0,1.0,Urban,Y
LP103096,Female,Yes,2,Graduate,No,5753,4540.0,164.0,84.0,0.0,Urban,N
LP103097,Male,Yes,0,Not Graduate,No,1500,2768.0,101.0,180.0,1.0,Semiurban,Y
LP103098,Male,No,2,Graduate,No,6458,0.0,256.0,240.0,0.0,Urban,N
LP103099,Female,Yes,2,Not Graduate,No,3814,7287.0,190.0,300.0,0.0,Rural,N
LP103100,Male,Yes,3+,Graduate,No,3586,3521.0,74.0,180.0,1.0,Semiurban,Y
LP103101,Female,Yes,2,Graduate,Yes,2987,1565.0,49.0,120.0,1.0,Semiurban,Y
LP103102,Male,Yes,2,Graduate,No,2692,1182.0,274.0,36.0,0.0,Semiurban,N
LP103103,Male,No,3+,Graduate,No,5563,0.0,87.0,120.0,0.0,Rural,N
LP103104,Male,No,2,Not Graduate,No,6820,0.0,93.0,360.0,1.0,Rural,Y
LP103105,Male,Yes,0,Not Graduate,No,5387,372.0,209.0,240.0,1.0,Rural,Y
LP103106,,Yes,3+,Graduate,No,8687,2727.0,72.0,300.0,1.0,Semiurban,Y
LP103107,Male,Yes,2,Graduate,,6966,2262.0,151.0,300.0,1.0,Urban,Y
LP103108,Male,Yes,1,Graduate,Yes,1500,2237.0,135.0,180.0,,Semiurban,Y
LP103109,Male,No,2,Not Graduate,No,2835,0.0,127.0,360.0,1.0,Semiurban,Y
LP103110,Male,No,3+,Graduate,No,10027,0.0,275.0,360.0,1.0,Urban,Y
LP103111,Female,Yes,3+,Graduate,Yes,2294,10889.0,177.0,120.0,1.0,Urban,Y
LP103112,Female,No,3+,Not Graduate,No,1500,0.0,241.0,360.0,1.0,Semiurban,N
LP103113,Male,No,0,Graduate,No,14748,0.0,115.0,360.0,1.0,Semiurban,Y
LP103114,Female,No,1,Graduate,Yes,5872,0.0,86.0,360.0,1.0,Semiurban,Y
LP103115,Female,Yes,0,Graduate,Yes,3262,1978.0,250.0,240.0,1.0,Semiurban,Y
LP103116,Male,Yes,0,Not Graduate,No,2954,2176.0,95.0,360.0,1.0,Semiurban,Y
LP103117,Female,No,3+,Graduate,No,7169,0.0,144.0,120.0,1.0,Urban,Y
LP103118,Male,Yes,1,Not Graduate,Yes,6547,4694.0,173.0,360.0,1.0,Semiurban,Y
LP103119,Male,No,2,Graduate,No,5980,0.0,84.0,360.0,1.0,Rural,Y
LP103120,Female,No,2,Graduate,No,4388,0.0,84.0,60.0,1.0,Urban,Y
LP103121,Male,No,2,Not Graduate,No,2279,0.0,114.0,360.0,,Semiurban,N
LP103122,Female,Yes,0,Graduate,No,4809,2353.0,209.0,360.0,1.0,Urban,Y
LP103123,Female,No,0,Graduate,Yes,9312,0.0,165.0,240.0,1.0,Urban,Y
LP103124,Male,Yes,1,Graduate,No,3550,2691.0,59.0,300.0,1.0,Semiurban,Y
LP103125,Female,No,1,Graduate,Yes,7049,0.0,433.0,480.0,0.0,Semiurban,N
LP103126,Male,Yes,3+,Not Graduate,No,3855,1333.0,168.0,300.0,0.0,Semiurban,N
LP103127,Male,Yes,2,Graduate,No,7948,2485.0,104.0,360.0,1.0,Urban,Y
LP103128,Male,No,1,Not Graduate,No,2729,0.0,122.0,300.0,1.0,Semiurban,Y
LP103129,Female,Yes,3+,Graduate,No,4955,5179.0,116.0,60.0,1.0,Urban,Y
LP103130,Male,Yes,0,Not Graduate,No,6463,1065.0,107.0,300.0,0.0,Urban,N
LP103131,Male,No,2,Not Graduate,Yes,3277,0.0,270.0,360.0,1.0,Urban,N
LP103132,Female,Yes,0,Graduate,No,6109,5156.0,558.0,36.0,0.0,Rural,N
LP103133,Female,Yes,2,Graduate,No,4828,1878.0,98.0,300.0,1.0,Urban,N
LP103134,Female,Yes,1,Graduate,No,4786,1950.0,102.0,360.0,1.0,Urban,Y
LP103135,Male,No,0,Graduate,No,3272,0.0,127.0,240.0,1.0,Semiurban,Y
LP103136,Male,Yes,0,Not Graduate,No,8941,400.0,58.0,480.0,1.0,Semiurban,Y
LP103137,Male,Yes,1,Not Graduate,No,2787,939.0,184.0,240.0,0.0,Rural,N
LP103138,Female,Yes,2,Graduate,No,5813,2852.0,150.0,360.0,0.0,Semiurban,N
LP103139,Male,Yes,0,Not Graduate,No,2952,1539.0,146.0,180.0,0.0,Semiurban,N
LP103140,Male,Yes,2,Graduate,No,4723,1385.0,44.0,240.0,1.0,Urban,Y
LP103141,Female,Yes,2,Graduate,No,7228,464.0,34.0,360.0,1.0,Rural,Y
LP103142,Male,Yes,2,Graduate,No,4132,7700.0,107.0,60.0,1.0,Semiurban,Y
LP103143,Female,Yes,2,Graduate,No,1500,1724.0,199.0,84.0,1.0,Urban,Y
LP103144,Female,Yes,0,Graduate,Yes,2193,11772.0,46.0,180.0,1.0,Semiurban,Y
LP103145,Female,No,1,Graduate,No,1500,0.0,229.0,180.0,1.0,Semiurban,Y
LP103146,Male,Yes,3+,Graduate,No,5119,6253.0,111.0,60.0,1.0,Urban,Y
LP103147,Male,Yes,2,Not Graduate,No,4900,1018.0,81.0,480.0,1.0,Rural,N
LP103148,,Yes,2,Not Graduate,No,3982,538.0,141.0,180.0,0.0,Semiurban,N
LP103149,Female,Yes,2,Graduate,No,3374,1557.0,61.0,360.0,0.0,Semiurban,N
LP103150,Female,No,0,Graduate,No,5612,0.0,29.0,240.0,1.0,Semiurban,Y
LP103151,Male,No,2,Graduate,No,2062,0.0,276.0,480.0,1.0,Urban,Y
LP103152,Female,Yes,3+,Not Graduate,No,8722,2479.0,130.0,120.0,1.0,Rural,Y
LP103153,Female,Yes,0,Not Graduate,Yes,5141,11309.0,87.0,240.0,1.0,Semiurban,Y
LP103154,Female,Yes,3+,Not Graduate,No,2788,2473.0,94.0,240.0,1.0,Semiurban,Y
LP103155,Female,Yes,0,Graduate,,3823,1410.0,84.0,360.0,1.0,Semiurban,Y
LP103156,Female,No,1,Graduate,No,4542,0.0,,300.0,1.0,Rural,Y
LP103157,Male,Yes,3+,Graduate,No,2146,949.0,125.0,360.0,0.0,Semiurban,N
LP103158,Male,Yes,2,Graduate,No,7350,2285.0,202.0,360.0,1.0,Urban,Y
LP103159,Male,Yes,3+,Graduate,No,8771,4295.0,88.0,180.0,1.0,Semiurban,Y
LP103160,Male,Yes,3+,Not Graduate,No,5273,5581.0,71.0,360.0,0.0,Semiurban,N
LP103161,Male,No,1,Graduate,No,8641,0.0,97.0,300.0,1.0,Rural,Y
LP103162,Male,Yes,2,Graduate,No,24100,1733.0,588.0,60.0,0.0,Semiurban,N
LP103163,Male,No,1,Not Graduate,No,1592,0.0,147.0,180.0,1.0,Urban,N
LP103164,Male,Yes,1,Graduate,No,5070,3923.0,170.0,360.0,1.0,Urban,Y
LP103165,,Yes,1,Not Graduate,No,2195,673.0,,240.0,1.0,Semiurban,Y
LP103166,Female,Yes,2,Graduate,No,12536,1014.0,379.0,84.0,1.0,Semiurban,Y
LP103167,Female,No,1,Graduate,Yes,5697,0.0,224.0,360.0,1.0,Urban,Y
LP103168,Male,Yes,2,Graduate,No,3232,703.0,71.0,360.0,1.0,Semiurban,Y
LP103169,Female,Yes,2,Not Graduate,No,4203,1126.0,147.0,84.0,1.0,Rural,Y
LP103170,Male,No,0,Graduate,No,10957,0.0,106.0,300.0,1.0,Urban,Y
LP103171,Male,Yes,2,Graduate,No,6447,641.0,171.0,120.0,1.0,Semiurban,Y
LP103172,Male,No,1,Graduate,No,6955,0.0,244.0,240.0,1.0,Urban,Y
LP103173,Male,Yes,1,Not Graduate,No,12002,4960.0,64.0,240.0,1.0,Urban,Y
LP103174,Female,No,2,Graduate,Yes,8713,0.0,166.0,12.0,1.0,Urban,Y
LP103175,Female,Yes,1,Not Graduate,Yes,9647,425.0,82.0,240.0,0.0,Semiurban,N
LP103176,Male,No,3+,Not Graduate,Yes,4555,0.0,314.0,180.0,0.0,Rural,N
LP103177,Male,No,2,Not Graduate,No,1500,0.0,239.0,360.0,,Semiurban,Y
LP103178,Male,Yes,1,Not Graduate,No,5229,1709.0,40.0,360.0,1.0,Urban,Y
LP103179,Male,No,2,Graduate,No,3298,0.0,68.0,84.0,1.0,Urban,Y
LP103180,Male,No,0,Graduate,No,7888,0.0,59.0,300.0,1.0,Semiurban,Y
LP103181,Male,Yes,0,Graduate,No,1699,2299.0,129.0,180.0,1.0,Urban,Y
LP103182,Female,Yes,0,Graduate,No,8078,5540.0,160.0,480.0,0.0,Rural,N
LP103183,Female,Yes,1,Not Graduate,No,5503,4075.0,215.0,360.0,1.0,Urban,Y
LP103184,Male,No,0,Graduate,No,6077,0.0,115.0,84.0,1.0,Urban,Y
LP103185,Female,No,3+,Not Graduate,,7124,0.0,113.0,240.0,1.0,Urban,Y
LP103186,Male,Yes,1,Not Graduate,No,4831,1403.0,159.0,84.0,0.0,Semiurban,N
LP103187,Male,Yes,2,Graduate,No,4024,5625.0,700.0,360.0,1.0,Urban,Y
LP103188,Male,Yes,0,Graduate,Yes,9710,2548.0,54.0,300.0,1.0,Urban,Y
LP103189,Male,Yes,0,Graduate,No,7015,950.0,43.0,360.0,1.0,Semiurban,Y
LP103190,Female,Yes,0,Graduate,No,7430,1602.0,97.0,300.0,1.0,Semiurban,Y
LP103191,Male,Yes,2,Graduate,No,4677,1053.0,87.0,120.0,1.0,Rural,Y
LP103192,Male,Yes,1,Graduate,No,5248,1617.0,86.0,12.0,1.0,Urban,Y
LP103193,Male,Yes,1,Graduate,No,4875,4780.0,133.0,360.0,1.0,Urban,Y
LP103194,Male,No,1,Not Graduate,No,1725,0.0,66.0,84.0,1.0,Semiurban,Y
LP103195,Female,No,2,Graduate,No,2145,0.0,93.0,360.0,1.0,Urban,Y
LP103196,Male,No,0,Graduate,No,4564,0.0,112.0,120.0,1.0,Semiurban,Y
LP103197,Male,No,2,Not Graduate,No,1593,0.0,114.0,360.0,1.0,Urban,N
LP103198,Male,Yes,1,Graduate,No,4600,964.0,123.0,360.0,1.0,Rural,Y
LP103199,Male,Yes,2,Graduate,Yes,2873,5907.0,122.0,240.0,1.0,Urban,Y
LP103200,Male,Yes,0,Not Graduate,No,4695,3904.0,82.0,360.0,1.0,Semiurban,Y
LP103201,Female,No,1,Not Graduate,No,5442,0.0,115.0,180.0,1.0,Rural,Y
LP103202,Male,No,0,Not Graduate,No,1611,0.0,133.0,240.0,1.0,Rural,Y
LP103203,Female,No,3+,Graduate,No,5973,0.0,238.0,360.0,1.0,Semiurban,Y
LP103204,Female,No,1,Graduate,No,3752,0.0,55.0,12.0,0.0,Rural,N
LP103205,Female,Yes,3+,Graduate,No,1500,752.0,136.0,180.0,,Semiurban,N
LP103206,Male,Yes,1,Not Graduate,No,3727,827.0,148.0,360.0,1.0,Urban,Y
LP103207,Male,Yes,0,Graduate,No,6172,3571.0,149.0,360.0,1.0,Rural,Y
LP103208,Male,Yes,1,Graduate,No,3852,1786.0,154.0,120.0,1.0,Semiurban,Y
LP103209,Female,Yes,0,Not Graduate,No,3714,743.0,61.0,480.0,1.0,Urban,Y
LP103210,Male,No,3+,Not Graduate,No,5390,0.0,147.0,360.0,1.0,Rural,Y
LP103211,Male,Yes,2,Not Graduate,No,3686,1062.0,143.0,240.0,1.0,Semiurban,Y
LP103212,Male,Yes,2,Graduate,No,4186,2209.0,186.0,240.0,,Rural,N
LP103213,Male,Yes,2,Graduate,No,2217,11142.0,121.0,300.0,1.0,Rural,Y
LP103214,Male,Yes,1,Not Graduate,No,3601,2131.0,97.0,36.0,0.0,Urban,N
LP103215,,Yes,3+,Graduate,No,15221,2247.0,,360.0,0.0,Urban,Y
LP103216,Female,Yes,0,Graduate,No,5470,6203.0,64.0,,1.0,Semiurban,Y
LP103217,Male,Yes,2,Graduate,No,5776,1171.0,58.0,360.0,1.0,Semiurban,Y
LP103218,Male,No,1,Not Graduate,Yes,3342,0.0,63.0,360.0,1.0,Urban,N
LP103219,Male,Yes,3+,Graduate,No,3878,1287.0,165.0,360.0,1.0,Urban,Y
LP103220,Male,Yes,2,Not Graduate,No,4285,1355.0,87.0,120.0,1.0,Urban,Y
LP103221,Male,No,3+,Graduate,,8304,0.0,125.0,360.0,1.0,Semiurban,Y
LP103222,Female,No,1,Graduate,No,10090,0.0,308.0,480.0,1.0,Urban,Y
LP103223,Male,No,0,Not Graduate,No,3742,0.0,66.0,60.0,1.0,Urban,Y
LP103224,Female,Yes,1,Graduate,No,4846,2408.0,48.0,36.0,1.0,Semiurban,Y
LP103225,Male,Yes,2,Not Graduate,No,4268,1287.0,220.0,120.0,1.0,Urban,Y
LP103226,Male,Yes,2,Graduate,No,7765,1959.0,81.0,120.0,1.0,Urban,Y
LP103227,Female,Yes,0,Graduate,No,6510,498.0,66.0,180.0,,Rural,Y
LP103228,Male,No,1,Not Graduate,No,4656,0.0,125.0,360.0,1.0,Semiurban,Y
LP103229,Male,Yes,0,Not Graduate,No,9007,4472.0,119.0,360.0,1.0,Urban,Y
LP103230,Male,Yes,3+,Not Graduate,Yes,6706,2158.0,79.0,12.0,1.0,Rural,Y
LP103231,Male,Yes,0,Graduate,No,3094,3288.0,188.0,300.0,1.0,Urban,Y
LP103232,Female,Yes,2,Graduate,No,4939,925.0,84.0,360.0,1.0,Semiurban,Y
LP103233,Male,Yes,0,Not Graduate,No,4420,6087.0,81.0,300.0,1.0,Urban,Y
LP103234,Female,No,1,Graduate,No,2716,0.0,43.0,120.0,,Semiurban,Y
LP103235,Female,No,3+,Not Graduate,No,4293,0.0,30.0,360.0,1.0,Urban,N
LP103236,Male,No,0,Graduate,No,9734,0.0,,180.0,0.0,Urban,N
LP103237,Female,Yes,0,Not Graduate,No,9480,3210.0,60.0,240.0,1.0,Semiurban,Y
LP103238,Male,Yes,0,Not Graduate,No,8501,8081.0,122.0,240.0,1.0,Semiurban,Y
LP103239,Female,Yes,1,Graduate,No,7843,6843.0,426.0,240.0,1.0,Semiurban,Y
LP103240,Male,Yes,2,Not Graduate,Yes,5567,5289.0,177.0,360.0,1.0,Semiurban,Y
LP103241,Female,No,0,Graduate,,3426,0.0,136.0,180.0,1.0,Semiurban,Y
LP103242,Male,Yes,2,Graduate,No,6892,3198.0,173.0,300.0,0.0,Rural,Y
LP103243,Male,No,0,Graduate,No,1830,0.0,490.0,180.0,0.0,Semiurban,N
LP103244,Male,Yes,3+,Graduate,No,3284,1448.0,43.0,300.0,1.0,Urban,Y
LP103245,Female,Yes,2,Graduate,Yes,9536,19680.0,123.0,360.0,1.0,Rural,Y
LP103246,Male,Yes,3+,Graduate,No,3658,453.0,325.0,180.0,1.0,Rural,Y
LP103247,Male,Yes,3+,Graduate,No,7215,2317.0,161.0,360.0,,Rural,Y
LP103248,Female,No,1,Graduate,No,3952,0.0,276.0,120.0,1.0,Semiurban,Y
LP103249,Female,Yes,1,Graduate,No,6836,3578.0,92.0,120.0,1.0,Semiurban,Y
LP103250,Female,No,2,Graduate,No,1950,0.0,63.0,84.0,1.0,Rural,Y
LP103251,Female,No,0,Not Graduate,No,10541,0.0,422.0,480.0,1.0,Urban,Y
LP103252,Female,Yes,0,Graduate,No,2516,1830.0,140.0,300.0,1.0,Rural,Y
LP103253,Female,No,0,Not Graduate,No,2170,0.0,220.0,300.0,1.0,Urban,Y
LP103254,Male,Yes,1,Graduate,No,10207,2422.0,228.0,12.0,1.0,Urban,Y
LP103255,Male,No,1,Graduate,No,4906,0.0,289.0,,1.0,Urban,Y
LP103256,Female,No,0,Graduate,No,4089,0.0,160.0,360.0,1.0,Semiurban,Y
LP103257,Male,No,0,Not Graduate,Yes,12589,0.0,164.0,240.0,1.0,Urban,Y
LP103258,Male,Yes,2,Graduate,No,7620,2980.0,180.0,84.0,1.0,Urban,Y
LP103259,Male,Yes,0,Not Graduate,No,3752,4011.0,91.0,180.0,1.0,Semiurban,Y
LP103260,Female,Yes,3+,Graduate,No,4534,4933.0,252.0,360.0,1.0,Semiurban,Y
LP103261,Male,Yes,0,Graduate,No,9361,1194.0,95.0,300.0,1.0,Rural,Y
LP103262,Male,No,2,Not Graduate,No,2756,0.0,260.0,300.0,1.0,Urban,N
LP103263,Male,No,1,Graduate,No,11685,0.0,216.0,36.0,1.0,Urban,Y
LP103264,Male,Yes,0,Graduate,No,3766,4125.0,35.0,300.0,1.0,Urban,Y
LP103265,Male,Yes,,Graduate,No,2913,1944.0,217.0,240.0,0.0,Semiurban,N
LP103266,Male,Yes,1,Graduate,Yes,9434,2093.0,154.0,360.0,1.0,Urban,Y
LP103267,Male,Yes,3+,Graduate,No,7637,777.0,298.0,240.0,1.0,Urban,Y
LP103268,Female,Yes,2,Graduate,Yes,1692,3495.0,379.0,,1.0,Semiurban,Y
LP103269,Male,Yes,0,Not Graduate,No,4609,3589.0,143.0,360.0,,Rural,Y
LP103270,Female,No,0,Not Graduate,No,2532,0.0,166.0,300.0,1.0,Urban,Y
LP103271,Female,Yes,0,Graduate,No,7934,2059.0,62.0,36.0,1.0,Semiurban,Y
LP103272,Male,Yes,0,Graduate,Yes,13790,4165.0,121.0,84.0,1.0,Urban,Y
LP103273,Female,No,1,Graduate,Yes,6786,0.0,362.0,360.0,1.0,Urban,Y
LP103274,Male,Yes,3+,Not Graduate,No,3115,5628.0,134.0,300.0,1.0,Urban,Y
LP103275,Female,Yes,1,Graduate,No,8383,3203.0,234.0,120.0,1.0,Semiurban,Y
LP103276,Male,No,2,Graduate,No,4768,0.0,132.0,300.0,1.0,Semiurban,Y
LP103277,Female,No,2,Graduate,Yes,4701,0.0,125.0,360.0,1.0,Rural,Y
LP103278,Male,Yes,2,Graduate,No,3673,2344.0,189.0,36.0,1.0,Rural,Y
LP103279,Male,Yes,0,Not Graduate,No,5233,1035.0,23.0,300.0,0.0,Semiurban,N
LP103280,Male,No,2,Graduate,No,4709,0.0,167.0,84.0,1.0,Urban,Y
LP103281,Female,No,3+,Not Graduate,No,1500,0.0,34.0,300.0,0.0,Rural,N
LP103282,Female,Yes,0,Graduate,No,4991,3439.0,127.0,360.0,1.0,Rural,Y
LP103283,Male,Yes,0,Graduate,No,4525,3140.0,81.0,300.0,1.0,Rural,Y
LP103284,Male,Yes,3+,Graduate,No,6051,368.0,67.0,360.0,1.0,Urban,Y
LP103285,Male,Yes,2,Graduate,Yes,1500,1964.0,325.0,300.0,1.0,Semiurban,Y
LP103286,Female,Yes,0,Graduate,No,6682,1276.0,262.0,360.0,1.0,Rural,Y
LP103287,Male,Yes,1,Graduate,No,4999,5619.0,108.0,180.0,1.0,Semiurban,Y
LP103288,Female,Yes,1,Graduate,No,6614,925.0,559.0,36.0,0.0,Semiurban,N
LP103289,Male,No,1,Not Graduate,No,1849,0.0,243.0,120.0,1.0,Semiurban,N
LP103290,Male,Yes,1,Graduate,No,2342,4018.0,122.0,60.0,0.0,Semiurban,N
LP103291,Male,No,0,Graduate,No,1595,0.0,43.0,360.0,1.0,Rural,Y
LP103292,Male,No,2,Not Graduate,No,5365,0.0,126.0,120.0,1.0,Rural,Y
LP103293,Male,Yes,,Graduate,No,3995,1296.0,91.0,360.0,0.0,Rural,N
LP103294,Male,No,3+,Not Graduate,No,4507,0.0,101.0,300.0,1.0,Rural,N
LP103295,Female,No,0,Not Graduate,No,2131,0.0,172.0,120.0,0.0,Semiurban,N
LP103296,Male,Yes,2,Graduate,No,2378,3805.0,92.0,360.0,1.0,Urban,Y
LP103297,Male,Yes,0,Graduate,No,1500,2950.0,296.0,12.0,1.0,Urban,Y
LP103298,Male,Yes,1,Not Graduate,No,2192,1238.0,97.0,240.0,1.0,Rural,N
LP103299,Male,No,3+,Not Graduate,Yes,3327,0.0,72.0,360.0,1.0,Urban,N
LP103300,Male,Yes,1,Graduate,No,3432,3679.0,198.0,360.0,,Urban,Y
LP103301,Male,Yes,0,Graduate,Yes,4719,1250.0,132.0,360.0,0.0,Semiurban,N
LP103302,Male,No,0,Graduate,Yes,7761,0.0,224.0,300.0,0.0,Urban,N
LP103303,Male,Yes,1,Not Graduate,No,3250,1974.0,148.0,300.0,1.0,Semiurban,Y
LP103304,Male,Yes,2,Graduate,No,6589,3107.0,58.0,240.0,1.0,Rural,Y
LP103305,Male,No,3+,Not Graduate,No,7839,0.0,161.0,360.0,1.0,Urban,Y
LP103306,Male,Yes,2,Not Graduate,No,9798,853.0,77.0,360.0,1.0,Semiurban,Y
LP103307,Male,No,3+,Not Graduate,No,6593,0.0,146.0,12.0,1.0,Semiurban,Y
LP103308,Female,No,2,Not Graduate,Yes,5135,0.0,93.0,360.0,,Semiurban,Y
LP103309,Male,Yes,3+,Graduate,No,2570,2725.0,118.0,360.0,0.0,Urban,N
LP103310,Female,Yes,0,Graduate,No,5787,1424.0,,360.0,1.0,Rural,Y
LP103311,Male,No,3+,Graduate,No,3921,0.0,208.0,240.0,1.0,Semiurban,Y
LP103312,Female,No,1,Graduate,Yes,11224,0.0,96.0,240.0,1.0,Urban,Y
LP103313,Female,Yes,3+,Graduate,Yes,5191,4979.0,25.0,360.0,1.0,Semiurban,Y
LP103314,Male,Yes,0,Not Graduate,No,4464,1639.0,75.0,120.0,,Rural,N
LP103315,Female,Yes,2,Graduate,No,11493,377.0,145.0,360.0,0.0,Semiurban,Y
LP103316,Male,No,2,Not Graduate,Yes,3679,0.0,272.0,180.0,1.0,Semiurban,Y
LP103317,Male,No,3+,Graduate,No,4905,0.0,160.0,240.0,0.0,Semiurban,N
LP103318,Female,Yes,2,Graduate,No,16409,2129.0,244.0,12.0,1.0,Urban,Y
LP103319,Female,No,1,Graduate,No,5766,0.0,147.0,360.0,1.0,Urban,Y
LP103320,Male,Yes,1,Not Graduate,No,9653,5061.0,153.0,84.0,0.0,Urban,N
LP103321,Male,No,1,Not Graduate,No,12115,0.0,116.0,360.0,0.0,Urban,N
LP103322,Male,Yes,0,Graduate,Yes,3529,1527.0,252.0,300.0,1.0,Semiurban,Y
LP103323,Male,Yes,0,Graduate,No,8478,1404.0,360.0,360.0,1.0,Urban,Y
LP103324,Female,Yes,0,Not Graduate,No,4025,2641.0,75.0,300.0,1.0,Rural,Y
LP103325,Male,Yes,1,Graduate,No,16713,2479.0,153.0,480.0,0.0,Rural,Y
LP103326,Male,No,3+,Graduate,No,11686,0.0,65.0,360.0,1.0,Semiurban,Y
LP103327,Male,Yes,3+,Graduate,Yes,7676,1842.0,366.0,360.0,0.0,Semiurban,N
LP103328,Male,Yes,0,Graduate,No,9198,1476.0,148.0,360.0,1.0,Urban,Y
LP103329,Male,Yes,0,Graduate,No,3237,3568.0,132.0,180.0,1.0,Semiurban,Y
LP103330,Male,Yes,0,Graduate,No,13773,644.0,67.0,240.0,1.0,Semiurban,Y
LP103331,Female,No,0,Graduate,No,2856,0.0,117.0,360.0,1.0,Urban,Y
LP103332,Female,No,0,Graduate,No,6274,0.0,128.0,120.0,1.0,Urban,Y
LP103333,Male,Yes,1,Graduate,Yes,3202,5517.0,70.0,360.0,1.0,Semiurban,Y
LP103334,Female,Yes,1,Graduate,No,8235,4629.0,147.0,360.0,1.0,Semiurban,Y
LP103335,Female,Yes,1,Graduate,No,14003,2474.0,80.0,360.0,1.0,Semiurban,Y
LP103336,Female,No,1,Graduate,No,6444,0.0,174.0,480.0,1.0,Rural,Y
LP103337,Male,No,0,Graduate,No,5937,0.0,74.0,480.0,0.0,Semiurban,N
LP103338,Male,No,2,Graduate,No,4590,0.0,147.0,300.0,1.0,Urban,N
LP103339,Male,No,2,Graduate,No,5220,0.0,119.0,180.0,1.0,Semiurban,Y
LP103340,Male,No,0,Graduate,Yes,4018,0.0,160.0,360.0,1.0,Semiurban,Y
LP103341,Male,No,0,Graduate,Yes,13095,0.0,148.0,360.0,1.0,Semiurban,Y
LP103342,Male,Yes,0,Graduate,No,7913,916.0,142.0,180.0,1.0,Rural,Y
LP103343,,Yes,0,Graduate,No,3990,946.0,86.0,180.0,1.0,Urban,Y
LP103344,Female,Yes,1,Graduate,Yes,5096,945.0,187.0,,1.0,Urban,Y
LP103345,Male,Yes,0,Not Graduate,No,28269,1424.0,159.0,360.0,1.0,Semiurban,Y
LP103346,Male,Yes,1,Graduate,Yes,5786,2575.0,196.0,84.0,1.0,Urban,Y
LP103347,Female,Yes,0,Not Graduate,Yes,11751,2071.0,132.0,180.0,1.0,Semiurban,Y
LP103348,Female,Yes,2,Not Graduate,No,3477,2713.0,120.0,360.0,,Semiurban,N
LP103349,Female,Yes,0,Not Graduate,No,6529,10181.0,73.0,300.0,1.0,Urban,Y
LP103350,Female,Yes,1,Graduate,No,3378,14413.0,90.0,84.0,1.0,Semiurban,Y
LP103351,Male,Yes,0,Graduate,No,3564,1948.0,101.0,180.0,1.0,Semiurban,Y
LP103352,Female,No,0,Not Graduate,No,7912,0.0,239.0,240.0,1.0,Urban,Y
LP103353,Male,No,3+,Graduate,No,2871,0.0,63.0,360.0,1.0,Semiurban,Y
LP103354,Male,No,2,Graduate,No,2403,0.0,60.0,240.0,1.0,Semiurban,Y
LP103355,Male,Yes,0,Graduate,No,7414,4160.0,128.0,84.0,1.0,Semiurban,Y
LP103356,Male,Yes,2,Not Graduate,No,3666,1184.0,84.0,480.0,1.0,Semiurban,Y
LP103357,Male,Yes,2,Graduate,No,4154,8822.0,106.0,240.0,1.0,Semiurban,Y
LP103358,Male,No,1,Graduate,No,1667,0.0,103.0,84.0,,Urban,Y
LP103359,Female,Yes,1,Not Graduate,No,2294,3917.0,91.0,360.0,1.0,Rural,Y
LP103360,Male,Yes,3+,Graduate,,5610,3129.0,84.0,360.0,1.0,Semiurban,Y
LP103361,Male,No,0,Not Graduate,No,4272,0.0,76.0,360.0,0.0,Semiurban,N
LP103362,Female,Yes,1,Graduate,No,8480,2130.0,107.0,180.0,1.0,Urban,Y
LP103363,Male,Yes,0,Not Graduate,No,2864,3395.0,55.0,,0.0,Urban,N
LP103364,Male,Yes,2,Graduate,No,4448,2214.0,193.0,360.0,1.0,Rural,Y
LP103365,Female,Yes,3+,Not Graduate,No,5053,2446.0,78.0,120.0,1.0,Semiurban,Y
LP103366,Male,Yes,2,Not Graduate,No,4348,1842.0,176.0,360.0,1.0,Semiurban,Y
LP103367,Male,Yes,2,Not Graduate,No,7033,1624.0,90.0,36.0,1.0,Semiurban,Y
LP103368,Female,No,3+,Not Graduate,No,2561,0.0,250.0,240.0,1.0,Semiurban,N
LP103369,Male,No,2,Graduate,,6683,0.0,137.0,480.0,0.0,Urban,N
LP103370,Male,Yes,,Not Graduate,No,9734,1439.0,,360.0,1.0,Urban,Y
LP103371,Female,No,3+,Graduate,No,2998,0.0,601.0,180.0,1.0,Urban,N
LP103372,Female,Yes,0,Not Graduate,No,6250,760.0,104.0,360.0,1.0,Semiurban,Y
LP103373,Male,Yes,2,Not Graduate,No,6090,4243.0,96.0,240.0,1.0,Rural,Y
LP103374,Male,Yes,2,Graduate,No,6997,2019.0,100.0,360.0,1.0,Semiurban,Y
LP103375,Male,Yes,3+,Graduate,Yes,4919,1538.0,170.0,180.0,0.0,Rural,N
LP103376,Male,Yes,3+,Graduate,No,11510,1417.0,56.0,,1.0,Urban,Y
LP103377,Male,Yes,2,Not Graduate,No,17433,565.0,145.0,360.0,1.0,Rural,Y
LP103378,Male,No,3+,Graduate,No,7151,0.0,48.0,360.0,1.0,Semiurban,Y
LP103379,Female,Yes,1,Graduate,No,5933,2344.0,128.0,300.0,1.0,Urban,Y
LP103380,Male,Yes,0,Not Graduate,No,4955,8515.0,264.0,180.0,1.0,Semiurban,Y
LP103381,Male,No,0,Not Graduate,No,2234,0.0,96.0,300.0,1.0,Semiurban,Y
LP103382,Male,Yes,1,Not Graduate,No,2087,2897.0,228.0,120.0,1.0,Urban,Y
LP103383,Female,Yes,1,Not Graduate,,2459,3623.0,49.0,60.0,1.0,Urban,Y
LP103384,Male,No,1,Not Graduate,No,5764,0.0,92.0,360.0,1.0,Urban,Y
LP103385,Male,Yes,1,Not Graduate,No,4378,1402.0,,300.0,0.0,Semiurban,N
LP103386,Female,Yes,3+,Graduate,No,12286,488.0,421.0,300.0,0.0,Rural,N
LP103387,Male,Yes,,Not Graduate,Yes,1500,12242.0,105.0,360.0,1.0,Urban,Y
LP103388,Male,Yes,3+,Not Graduate,No,5036,1121.0,90.0,300.0,1.0,Semiurban,Y
LP103389,Male,Yes,3+,Not Graduate,No,6374,15312.0,115.0,300.0,1.0,Urban,Y
LP103390,,Yes,1,Not Graduate,No,8422,1241.0,134.0,360.0,1.0,Urban,Y
LP103391,Male,No,1,Graduate,No,5356,0.0,107.0,300.0,,Semiurban,Y
LP103392,Male,No,2,Graduate,No,6117,0.0,65.0,,1.0,Semiurban,Y
LP103393,Male,Yes,2,Not Graduate,No,5462,3331.0,301.0,180.0,1.0,Urban,Y
LP103394,Male,No,0,Graduate,No,6398,0.0,257.0,36.0,1.0,Rural,Y
LP103395,Female,No,0,Graduate,Yes,4858,0.0,164.0,120.0,1.0,Urban,Y
LP103396,Female,Yes,0,Graduate,No,17495,1469.0,158.0,360.0,1.0,Semiurban,Y
LP103397,Female,Yes,,Graduate,No,6951,2252.0,152.0,360.0,1.0,Semiurban,Y
LP103398,Female,Yes,0,Not Graduate,No,5532,1689.0,102.0,60.0,1.0,Urban,Y
LP103399,Male,No,0,Graduate,No,3156,0.0,95.0,360.0,1.0,Semiurban,Y
LP103400,Female,Yes,2,Graduate,No,4002,941.0,349.0,360.0,0.0,Urban,N
LP103401,Male,No,3+,Graduate,No,12162,0.0,195.0,360.0,0.0,Urban,N
LP103402,Female,Yes,2,Graduate,No,1500,2771.0,60.0,360.0,1.0,Urban,Y
LP103403,Female,Yes,3+,Not Graduate,No,5085,1031.0,102.0,12.0,1.0,Semiurban,Y
LP103404,Female,Yes,2,Graduate,No,4841,750.0,179.0,180.0,1.0,Urban,Y
LP103405,Female,Yes,2,Graduate,No,6634,2023.0,167.0,120.0,1.0,Semiurban,Y
LP103406,Male,No,1,Graduate,,5762,0.0,184.0,300.0,1.0,Urban,Y
LP103407,Male,No,0,Not Graduate,Yes,12203,0.0,55.0,360.0,1.0,Urban,Y
LP103408,Male,Yes,2,Not Graduate,Yes,5213,1925.0,162.0,360.0,1.0,Rural,Y
LP103409,Male,No,3+,Not Graduate,No,4729,0.0,262.0,300.0,1.0,Rural,N
LP103410,Male,No,1,Graduate,No,8699,0.0,54.0,300.0,1.0,Urban,Y
LP103411,Male,Yes,0,Graduate,No,12328,650.0,381.0,60.0,1.0,Semiurban,Y
LP103412,Female,No,2,Not Graduate,No,7421,0.0,163.0,480.0,1.0,Semiurban,Y
LP103413,Male,Yes,0,Graduate,No,9017,3047.0,143.0,360.0,1.0,Urban,Y
LP103414,Female,Yes,0,Graduate,No,4313,2526.0,75.0,60.0,1.0,Urban,Y
LP103415,Female,Yes,2,Graduate,No,5298,967.0,91.0,300.0,1.0,Rural,Y
LP103416,Female,No,1,Graduate,No,11985,0.0,107.0,240.0,1.0,Semiurban,Y
LP103417,Female,Yes,2,Graduate,Yes,6741,3759.0,57.0,240.0,1.0,Semiurban,Y
LP103418,Male,No,3+,Graduate,No,4250,0.0,111.0,360.0,1.0,Semiurban,Y
LP103419,Female,No,1,Graduate,No,5011,0.0,78.0,240.0,1.0,Semiurban,Y
LP103420,Female,Yes,1,Graduate,No,9157,7474.0,202.0,300.0,0.0,Semiurban,Y
LP103421,Male,Yes,0,Not Graduate,No,9659,2326.0,21.0,180.0,1.0,Semiurban,Y
LP103422,Male,,0,Graduate,No,2965,1254.0,115.0,60.0,1.0,Semiurban,Y
LP103423,Female,Yes,2,Graduate,No,6109,1220.0,75.0,360.0,1.0,Urban,Y
LP103424,Male,Yes,1,Graduate,No,4891,2033.0,134.0,240.0,1.0,Semiurban,Y
LP103425,Male,Yes,0,Graduate,No,4725,4158.0,551.0,360.0,0.0,Semiurban,N
LP103426,Female,Yes,0,Graduate,No,10918,540.0,366.0,360.0,1.0,Urban,Y
LP103427,Male,Yes,1,Not Graduate,No,4261,1311.0,99.0,60.0,1.0,Semiurban,Y
LP103428,Male,Yes,1,Not Graduate,No,3479,6789.0,120.0,360.0,1.0,Rural,Y
LP103429,Female,Yes,2,Graduate,No,3013,3497.0,81.0,360.0,1.0,Rural,Y
LP103430,Male,No,1,Graduate,No,4426,0.0,122.0,360.0,1.0,Rural,Y
LP103431,Male,No,,Graduate,No,3161,0.0,208.0,240.0,1.0,Urban,Y
LP103432,Male,Yes,1,Not Graduate,Yes,2925,2317.0,61.0,180.0,1.0,Urban,Y
LP103433,Male,Yes,3+,Not Graduate,No,2881,1243.0,343.0,300.0,0.0,Urban,N
LP103434,Female,Yes,0,Graduate,No,2985,1156.0,232.0,180.0,1.0,Semiurban,Y
LP103435,Male,Yes,2,Graduate,No,3113,3445.0,226.0,360.0,1.0,Semiurban,Y
LP103436,Male,Yes,1,Graduate,No,6244,1174.0,168.0,36.0,1.0,Rural,Y
LP103437,Male,Yes,2,Graduate,No,1516,2268.0,78.0,84.0,1.0,Rural,Y
LP103438,Male,No,0,Not Graduate,Yes,3225,0.0,246.0,360.0,1.0,Urban,Y
LP103439,Female,Yes,3+,Graduate,Yes,4628,10441.0,110.0,360.0,0.0,Urban,N
LP103440,Female,No,2,Graduate,No,9790,0.0,48.0,360.0,1.0,Rural,Y
LP103441,Male,Yes,2,Graduate,No,4240,4604.0,140.0,180.0,1.0,Rural,Y
LP103442,Male,Yes,0,Graduate,No,4482,3183.0,66.0,180.0,1.0,Semiurban,Y
LP103443,Male,Yes,2,Graduate,No,4662,1646.0,93.0,240.0,1.0,Semiurban,Y
LP103444,Male,Yes,,Not Graduate,No,1645,668.0,205.0,180.0,1.0,Semiurban,Y
LP103445,Female,Yes,1,Graduate,No,7298,1733.0,124.0,240.0,1.0,Semiurban,Y
LP103446,Male,Yes,1,Graduate,No,7118,3712.0,131.0,360.0,0.0,Urban,Y
LP103447,Male,Yes,2,Not Graduate,Yes,8012,678.0,270.0,300.0,0.0,Semiurban,N
LP103448,Male,Yes,0,Graduate,No,22103,3528.0,34.0,360.0,1.0,Semiurban,Y
LP103449,Female,No,2,Graduate,No,2254,0.0,263.0,300.0,0.0,Urban,N
LP103450,Female,No,0,Graduate,No,2012,0.0,146.0,240.0,1.0,Rural,Y
LP103451,,Yes,0,Not Graduate,No,7506,3755.0,128.0,120.0,1.0,Urban,Y
LP103452,Female,Yes,2,Graduate,No,4013,2022.0,131.0,120.0,1.0,Semiurban,Y
LP103453,Male,Yes,0,Not Graduate,No,2720,2855.0,197.0,12.0,1.0,Semiurban,Y
LP103454,Male,No,3+,Graduate,Yes,4148,0.0,248.0,300.0,,Semiurban,Y
LP103455,Female,Yes,3+,Graduate,No,3391,521.0,116.0,360.0,1.0,Urban,Y
LP103456,Female,Yes,2,Not Graduate,No,13833,980.0,123.0,360.0,1.0,Semiurban,Y
LP103457,Female,Yes,2,Graduate,No,19093,4917.0,193.0,180.0,1.0,Urban,Y
LP103458,Male,Yes,3+,Not Graduate,No,1842,5699.0,,360.0,1.0,Semiurban,Y
LP103459,Male,Yes,0,Graduate,No,2026,586.0,126.0,360.0,1.0,Urban,Y
LP103460,Female,No,2,Graduate,No,3116,0.0,181.0,360.0,1.0,Urban,Y
LP103461,Male,No,,Not Graduate,No,3249,0.0,99.0,300.0,1.0,Rural,N
LP103462,Male,Yes,1,Graduate,No,3086,2982.0,83.0,84.0,1.0,Semiurban,Y
LP103463,Male,Yes,1,Graduate,No,4374,2153.0,122.0,60.0,1.0,Urban,Y
LP103464,Female,Yes,2,Graduate,No,3758,1005.0,94.0,120.0,0.0,Rural,N
LP103465,Male,Yes,0,Graduate,No,2181,1056.0,115.0,360.0,1.0,Urban,Y
LP103466,Male,No,0,Graduate,No,2654,0.0,101.0,120.0,1.0,Urban,Y
LP103467,Female,Yes,2,Not Graduate,No,12429,1535.0,342.0,300.0,1.0,Urban,Y
LP103468,Male,Yes,1,Not Graduate,Yes,3966,8855.0,67.0,240.0,0.0,Semiurban,N
LP103469,Male,Yes,2,Not Graduate,No,3846,3492.0,221.0,360.0,1.0,Semiurban,Y
LP103470,Male,No,2,Not Graduate,No,1973,0.0,94.0,60.0,1.0,Urban,Y
LP103471,Male,Yes,0,Graduate,No,3722,1397.0,,480.0,1.0,Urban,Y
LP103472,Male,Yes,,Graduate,No,8747,2173.0,197.0,360.0,1.0,Semiurban,Y
LP103473,Male,Yes,2,Graduate,No,7025,767.0,336.0,360.0,1.0,Semiurban,Y
LP103474,Female,Yes,1,Not Graduate,No,7995,1446.0,169.0,12.0,1.0,Rural,Y
LP103475,Male,No,0,Graduate,No,2387,0.0,105.0,60.0,1.0,Semiurban,Y
LP103476,Female,Yes,,Graduate,No,2364,2672.0,139.0,360.0,1.0,Semiurban,Y
LP103477,Male,Yes,0,Graduate,No,9701,1027.0,424.0,84.0,1.0,Semiurban,Y
LP103478,Male,Yes,0,Graduate,No,8068,925.0,148.0,360.0,1.0,Semiurban,Y
LP103479,Male,No,1,Graduate,No,4208,0.0,61.0,360.0,1.0,Urban,Y
LP103480,Male,Yes,2,Graduate,No,8199,1732.0,106.0,60.0,1.0,Urban,Y
LP103481,Female,Yes,,Not Graduate,No,2387,1032.0,105.0,360.0,1.0,Semiurban,Y
LP103482,Male,Yes,2,Graduate,No,2329,918.0,208.0,360.0,1.0,Semiurban,Y
LP103483,Male,No,0,Not Graduate,No,1862,0.0,64.0,360.0,,Urban,N
LP103484,Female,No,1,Graduate,No,6105,0.0,99.0,240.0,,Semiurban,Y
LP103485,Female,No,2,Not Graduate,No,5597,0.0,152.0,300.0,1.0,Semiurban,Y
LP103486,Female,Yes,2,Graduate,No,3592,988.0,113.0,360.0,0.0,Urban,N
LP103487,Male,Yes,2,Not Graduate,No,3077,1020.0,141.0,360.0,1.0,Urban,Y
LP103488,Female,No,2,Graduate,No,20925,0.0,146.0,360.0,0.0,Urban,N
LP103489,Male,Yes,2,Not Graduate,No,4207,1320.0,152.0,360.0,1.0,Semiurban,Y
LP103490,Male,Yes,0,Not Graduate,Yes,11303,1994.0,77.0,360.0,1.0,Semiurban,Y
LP103491,Male,No,2,Graduate,No,4501,0.0,216.0,360.0,1.0,Semiurban,Y
LP103492,Male,Yes,2,Graduate,No,3639,10403.0,97.0,300.0,1.0,Urban,Y
LP103493,Male,Yes,3+,Graduate,Yes,11498,2978.0,133.0,360.0,1.0,Semiurban,Y
LP103494,Male,No,2,Graduate,No,7894,0.0,64.0,360.0,1.0,Urban,Y
LP103495,Female,No,2,Graduate,No,4844,0.0,137.0,240.0,1.0,Urban,Y
LP103496,Male,Yes,1,Not Graduate,No,9703,593.0,150.0,480.0,1.0,Semiurban,Y
LP103497,Male,Yes,3+,Graduate,No,22296,692.0,137.0,360.0,1.0,Semiurban,Y
LP103498,Male,Yes,3+,Not Graduate,Yes,3167,5209.0,84.0,360.0,1.0,Semiurban,Y
LP103499,Female,Yes,2,Not Graduate,No,6522,6688.0,264.0,,1.0,Urban,Y
LP103500,Male,Yes,2,Not Graduate,No,3844,307.0,,360.0,1.0,Semiurban,Y
LP103501,Male,Yes,0,Graduate,No,2805,2634.0,123.0,36.0,1.0,Urban,Y
LP103502,Female,No,2,Graduate,Yes,2759,0.0,122.0,60.0,1.0,Semiurban,Y
LP103503,Female,No,2,Graduate,No,12776,0.0,,240.0,1.0,Urban,Y
LP103504,Male,No,2,Graduate,No,1644,0.0,92.0,180.0,1.0,Semiurban,Y
LP103505,Female,Yes,0,Graduate,No,6665,3340.0,321.0,300.0,1.0,Semiurban,Y
LP103506,Female,Yes,2,Not Graduate,No,2995,2593.0,108.0,180.0,0.0,Rural,N
LP103507,Female,No,0,Not Graduate,No,14235,0.0,700.0,120.0,1.0,Rural,Y
LP103508,Male,Yes,2,Graduate,No,4172,1946.0,66.0,360.0,0.0,Rural,N
LP103509,Female,Yes,0,Graduate,No,3950,1264.0,167.0,300.0,0.0,Semiurban,N
LP103510,Male,Yes,2,Graduate,No,12603,2291.0,153.0,60.0,1.0,Rural,Y
LP103511,Male,No,0,Not Graduate,No,8317,0.0,137.0,300.0,1.0,Urban,Y
LP103512,Male,No,0,Not Graduate,Yes,6853,0.0,51.0,360.0,1.0,Urban,Y
LP103513,Male,Yes,2,Graduate,No,7970,380.0,58.0,60.0,1.0,Semiurban,Y
LP103514,Male,No,0,Graduate,No,2565,0.0,151.0,360.0,1.0,Rural,Y
LP103515,Female,Yes,2,Graduate,No,7669,800.0,72.0,300.0,1.0,Semiurban,Y
LP103516,Male,Yes,3+,Graduate,No,4361,737.0,277.0,300.0,1.0,Urban,Y
LP103517,Male,No,3+,Graduate,No,6103,0.0,117.0,180.0,1.0,Semiurban,Y
LP103518,Male,No,0,Not Graduate,No,6573,0.0,,360.0,1.0,Urban,Y
LP103519,Male,Yes,2,Graduate,Yes,2524,743.0,131.0,36.0,1.0,Semiurban,Y
LP103520,Female,Yes,1,Not Graduate,Yes,7018,888.0,128.0,360.0,1.0,Urban,Y
LP103521,Male,No,3+,Graduate,No,4394,0.0,334.0,84.0,0.0,Urban,N
LP103522,Male,No,2,Not Graduate,Yes,2335,0.0,257.0,300.0,1.0,Urban,Y
LP103523,Male,No,0,Not Graduate,No,4501,0.0,147.0,120.0,1.0,Semiurban,N
LP103524,Male,Yes,1,Graduate,No,4974,3453.0,201.0,120.0,1.0,Semiurban,Y
LP103525,Male,,0,Not Graduate,,7017,0.0,271.0,300.0,1.0,Urban,Y
LP103526,Female,No,2,Graduate,No,1500,0.0,93.0,60.0,1.0,Semiurban,Y
LP103527,Female,Yes,1,Graduate,No,6203,1511.0,52.0,120.0,1.0,Semiurban,Y
LP103528,Male,No,2,Graduate,Yes,3615,0.0,187.0,,1.0,Rural,Y
LP103529,Female,Yes,2,Graduate,No,7989,3128.0,283.0,360.0,1.0,Rural,Y
LP103530,Female,Yes,3+,Graduate,No,4909,1638.0,47.0,240.0,1.0,Urban,Y
LP103531,Female,Yes,3+,Not Graduate,Yes,4023,545.0,93.0,360.0,1.0,Urban,N
LP103532,Male,Yes,1,Graduate,No,4418,2293.0,116.0,120.0,1.0,Urban,Y
LP103533,Male,Yes,2,Graduate,Yes,6003,1377.0,74.0,300.0,1.0,Semiurban,Y
LP103534,Male,No,2,Not Graduate,No,8473,0.0,123.0,60.0,1.0,Semiurban,Y
LP103535,Female,Yes,3+,Not Graduate,No,2879,883.0,68.0,120.0,1.0,Urban,N
LP103536,Female,Yes,0,Graduate,No,3999,1405.0,110.0,360.0,1.0,Rural,Y
LP103537,Male,No,0,Graduate,No,11868,0.0,204.0,480.0,1.0,Semiurban,Y
LP103538,Male,Yes,0,Graduate,Yes,3957,3383.0,38.0,480.0,1.0,Semiurban,Y
LP103539,Female,Yes,1,Graduate,No,6126,4818.0,71.0,360.0,1.0,Semiurban,Y
LP103540,Female,Yes,0,Not Graduate,No,2343,1223.0,311.0,120.0,0.0,Semiurban,N
LP103541,Female,Yes,1,Graduate,,1756,1548.0,81.0,180.0,1.0,Semiurban,Y
LP103542,Female,Yes,2,Graduate,No,2632,946.0,28.0,60.0,0.0,Rural,N
LP103543,Male,No,1,Not Graduate,No,3248,0.0,148.0,60.0,1.0,Urban,Y
LP103544,Male,Yes,2,Graduate,No,9172,3149.0,128.0,360.0,1.0,Semiurban,Y
LP103545,Female,No,0,Graduate,No,9795,0.0,146.0,300.0,1.0,Urban,Y
LP103546,Male,Yes,3+,Not Graduate,Yes,1548,2644.0,138.0,360.0,1.0,Semiurban,Y
LP103547,Male,Yes,3+,Not Graduate,No,3551,1786.0,288.0,300.0,1.0,Semiurban,Y
LP103548,Female,No,,Graduate,No,7470,0.0,88.0,12.0,1.0,Urban,Y
LP103549,Male,No,3+,Not Graduate,No,4613,0.0,126.0,180.0,1.0,Urban,Y
LP103550,Female,Yes,0,Graduate,Yes,12121,4308.0,103.0,360.0,1.0,Urban,Y
LP103551,Male,Yes,2,Not Graduate,No,7362,8106.0,201.0,360.0,1.0,Urban,Y
LP103552,Female,Yes,0,Not Graduate,No,4185,463.0,,120.0,0.0,Semiurban,N
LP103553,Male,Yes,1,Graduate,No,4415,1679.0,167.0,84.0,1.0,Rural,Y
LP103554,Male,Yes,0,Graduate,No,4750,1678.0,488.0,,1.0,Urban,Y
LP103555,Male,No,1,Graduate,No,2958,0.0,187.0,360.0,1.0,Urban,Y
LP103556,Male,Yes,0,Not Graduate,No,8634,2504.0,285.0,360.0,1.0,Semiurban,Y
LP103557,Female,No,2,Not Graduate,No,7672,0.0,78.0,60.0,1.0,Urban,Y
LP103558,Female,Yes,1,Graduate,No,6454,372.0,88.0,360.0,1.0,Urban,Y
LP103559,Male,Yes,3+,Not Graduate,No,5684,350.0,440.0,84.0,1.0,Semiurban,N
LP103560,Male,Yes,2,Not Graduate,No,2667,6808.0,59.0,360.0,1.0,Rural,Y
LP103561,Male,Yes,0,Not Graduate,No,6650,1492.0,212.0,180.0,0.0,Rural,N
LP103562,Male,No,0,Not Graduate,No,5310,0.0,290.0,300.0,1.0,Urban,Y
LP103563,Female,Yes,2,Graduate,No,16339,769.0,271.0,120.0,1.0,Urban,Y
LP103564,Female,Yes,1,Graduate,No,2262,1873.0,51.0,360.0,0.0,Semiurban,N
LP103565,,No,1,Not Graduate,No,3184,0.0,108.0,300.0,1.0,Urban,N
LP103566,Female,Yes,2,Not Graduate,No,1896,2689.0,195.0,360.0,,Semiurban,Y
LP103567,,Yes,0,Graduate,No,4312,2109.0,209.0,180.0,1.0,Semiurban,Y
LP103568,Female,Yes,0,Graduate,No,1729,438.0,133.0,240.0,1.0,Urban,Y
LP103569,Female,No,1,Not Graduate,No,10009,0.0,88.0,360.0,1.0,Urban,Y
LP103570,Female,No,0,Not Graduate,No,9464,0.0,113.0,180.0,0.0,Rural,N
LP103571,Female,No,0,Graduate,No,4465,0.0,92.0,360.0,1.0,Semiurban,Y
LP103572,Male,Yes,0,Graduate,Yes,2675,3023.0,63.0,60.0,0.0,Rural,N
LP103573,Female,No,0,Not Graduate,No,1969,0.0,112.0,120.0,1.0,Semiurban,Y
LP103574,Male,Yes,0,Not Graduate,No,3221,2831.0,407.0,360.0,1.0,Semiurban,Y
LP103575,Male,Yes,3+,Not Graduate,No,7152,4786.0,113.0,480.0,1.0,Urban,Y
LP103576,Male,No,1,Not Graduate,No,3064,0.0,54.0,360.0,1.0,Semiurban,Y
LP103577,Female,Yes,2,Graduate,Yes,15446,1287.0,108.0,300.0,1.0,Rural,Y
LP103578,Female,Yes,0,Not Graduate,No,12021,1143.0,378.0,300.0,1.0,Urban,Y
LP103579,Female,Yes,0,Not Graduate,No,4917,2455.0,51.0,300.0,1.0,Urban,Y
LP103580,Female,Yes,2,Graduate,No,3725,1279.0,134.0,360.0,1.0,Semiurban,Y
LP103581,Male,No,2,Not Graduate,No,3492,0.0,209.0,300.0,1.0,Semiurban,N
LP103582,Female,Yes,0,Not Graduate,No,12823,582.0,67.0,84.0,1.0,Semiurban,Y
LP103583,Male,Yes,1,Not Graduate,No,3314,1629.0,150.0,360.0,1.0,Semiurban,Y
LP103584,Male,Yes,1,Graduate,Yes,8609,2248.0,77.0,360.0,0.0,Semiurban,Y
LP103585,,No,2,Graduate,Yes,4979,0.0,64.0,360.0,1.0,Semiurban,Y
LP103586,Female,No,0,Graduate,Yes,7541,0.0,195.0,240.0,1.0,Semiurban,Y
LP103587,Female,Yes,1,Graduate,No,3004,4845.0,400.0,180.0,1.0,Urban,Y
LP103588,Male,No,2,Graduate,No,4024,0.0,106.0,84.0,0.0,Urban,N
LP103589,Male,No,3+,Graduate,No,4843,0.0,190.0,300.0,1.0,Semiurban,N
LP103590,Female,Yes,2,Graduate,No,3364,1059.0,179.0,180.0,1.0,Semiurban,Y
LP103591,Male,Yes,0,Not Graduate,,10399,1310.0,149.0,240.0,1.0,Rural,Y
LP103592,Female,Yes,2,Graduate,No,3107,2672.0,88.0,84.0,1.0,Semiurban,Y
LP103593,Female,No,2,Graduate,No,3476,0.0,73.0,120.0,1.0,Semiurban,Y
LP103594,Male,Yes,2,Graduate,,11105,3079.0,83.0,240.0,1.0,Urban,Y
LP103595,Male,Yes,2,Graduate,No,9886,1667.0,120.0,120.0,1.0,Semiurban,Y
LP103596,Female,Yes,3+,Not Graduate,Yes,12743,4237.0,104.0,180.0,1.0,Urban,Y
LP103597,Female,No,0,Graduate,No,1564,0.0,67.0,12.0,1.0,Semiurban,Y
LP103598,Male,Yes,0,Graduate,No,5543,7718.0,118.0,60.0,1.0,Urban,Y
LP103599,Female,No,2,Graduate,Yes,5188,0.0,91.0,84.0,1.0,Urban,Y
LP103600,Male,No,0,Graduate,No,3508,0.0,187.0,360.0,1.0,Semiurban,Y
LP103601,Male,Yes,0,Graduate,No,5971,1038.0,106.0,120.0,1.0,Urban,Y
LP103602,Female,Yes,1,Graduate,No,4052,2214.0,222.0,360.0,1.0,Semiurban,Y
LP103603,Female,Yes,2,Graduate,No,5416,1165.0,154.0,360.0,1.0,Semiurban,Y
LP103604,Male,No,0,Graduate,No,37840,0.0,,360.0,1.0,Rural,Y
LP103605,Female,Yes,2,Not Graduate,No,5944,1546.0,121.0,240.0,1.0,Urban,Y
LP103606,Male,Yes,0,Graduate,No,6096,4583.0,123.0,60.0,1.0,Urban,Y
LP103607,Male,Yes,0,Graduate,No,8044,1717.0,148.0,60.0,1.0,Semiurban,Y
LP103608,Male,Yes,,Graduate,No,5477,1428.0,166.0,360.0,1.0,Urban,Y
LP103609,Female,No,0,Not Graduate,No,2543,0.0,102.0,360.0,1.0,Rural,Y
LP103610,Male,No,2,Graduate,No,1829,0.0,116.0,120.0,1.0,Urban,Y
LP103611,Male,No,3+,Graduate,No,4829,0.0,143.0,360.0,,Semiurban,Y
LP103612,Male,Yes,2,Not Graduate,No,4181,506.0,22.0,360.0,1.0,Urban,Y
LP103613,Female,Yes,0,Graduate,Yes,1512,1170.0,187.0,360.0,1.0,Semiurban,Y
LP103614,Female,No,1,Graduate,Yes,13064,0.0,75.0,360.0,1.0,Rural,Y
LP103615,Female,Yes,0,Graduate,,5240,1015.0,112.0,60.0,1.0,Semiurban,Y
LP103616,Male,No,0,Not Graduate,No,11656,0.0,89.0,360.0,1.0,Semiurban,Y
LP103617,Male,Yes,1,Graduate,No,1500,1142.0,210.0,300.0,1.0,Urban,Y
LP103618,Male,Yes,2,Graduate,No,11791,1199.0,248.0,360.0,1.0,Rural,Y
LP103619,Female,No,0,Not Graduate,No,3673,0.0,125.0,240.0,1.0,Semiurban,Y
LP103620,Female,No,0,Graduate,No,10461,0.0,126.0,300.0,1.0,Urban,Y
LP103621,Male,No,3+,Graduate,No,5591,0.0,131.0,300.0,1.0,Urban,Y
LP103622,Female,Yes,1,Graduate,No,6450,4886.0,133.0,300.0,1.0,Urban,Y
LP103623,Male,Yes,3+,Graduate,No,6455,3532.0,244.0,240.0,1.0,Urban,Y
LP103624,Male,Yes,3+,Graduate,No,3808,2428.0,700.0,120.0,1.0,Rural,N
LP103625,Male,Yes,1,Not Graduate,No,3334,2307.0,121.0,180.0,1.0,Urban,Y
LP103626,Male,No,0,Graduate,No,3957,0.0,188.0,240.0,1.0,Urban,Y
LP103627,Male,Yes,2,Graduate,No,2032,20186.0,80.0,360.0,1.0,Semiurban,Y
LP103628,Male,No,0,Graduate,No,3683,0.0,85.0,300.0,0.0,Semiurban,N
LP103629,Male,Yes,0,Graduate,No,3235,14566.0,72.0,360.0,1.0,Urban,Y
LP103630,Female,No,2,Graduate,No,2003,0.0,299.0,300.0,0.0,Urban,N
LP103631,Male,Yes,1,Graduate,No,6471,2615.0,204.0,240.0,1.0,Urban,Y
LP103632,Male,Yes,0,Graduate,Yes,4937,1528.0,106.0,300.0,0.0,Semiurban,N
LP103633,Female,No,2,Graduate,Yes,5696,0.0,152.0,240.0,1.0,Semiurban,Y
LP103634,Male,Yes,2,Not Graduate,Yes,7468,1312.0,212.0,36.0,1.0,Rural,Y
LP103635,Male,No,0,Graduate,Yes,4261,0.0,275.0,180.0,1.0,Semiurban,Y
LP103636,Female,No,0,Graduate,No,2798,0.0,171.0,300.0,1.0,Semiurban,Y
LP103637,Male,No,0,Graduate,Yes,5897,0.0,141.0,180.0,,Rural,Y
LP103638,Male,Yes,1,Graduate,No,1500,14640.0,296.0,360.0,1.0,Semiurban,Y
LP103639,Male,Yes,2,Graduate,No,4606,967.0,69.0,360.0,1.0,Semiurban,Y
LP103640,Female,Yes,2,Not Graduate,No,7778,210.0,42.0,180.0,1.0,Urban,Y
LP103641,Male,Yes,2,Graduate,Yes,9211,1693.0,285.0,36.0,1.0,Semiurban,Y
LP103642,Female,Yes,0,Graduate,No,3577,721.0,102.0,360.0,1.0,Semiurban,Y
LP103643,Male,Yes,0,Not Graduate,No,1500,1732.0,299.0,300.0,,Semiurban,N
LP103644,Male,Yes,0,Graduate,No,1500,1913.0,424.0,12.0,1.0,Semiurban,Y
LP103645,Male,Yes,0,Not Graduate,No,7207,2581.0,408.0,300.0,1.0,Semiurban,Y
LP103646,Female,Yes,0,Not Graduate,No,3974,4042.0,22.0,84.0,1.0,Rural,Y
LP103647,,Yes,,Not Graduate,No,16487,807.0,217.0,360.0,0.0,Semiurban,Y
LP103648,Male,Yes,0,Not Graduate,No,2107,1351.0,98.0,300.0,1.0,Urban,Y
LP103649,Male,No,2,Not Graduate,No,6035,0.0,90.0,360.0,1.0,Semiurban,Y
LP103650,,Yes,2,Graduate,Yes,13325,1068.0,167.0,240.0,0.0,Rural,N
LP103651,Female,Yes,1,Graduate,Yes,5562,402.0,92.0,360.0,1.0,Semiurban,Y
LP103652,Male,Yes,0,Graduate,No,1890,2967.0,210.0,360.0,1.0,Urban,Y
LP103653,Male,No,3+,Graduate,No,25940,0.0,296.0,360.0,1.0,Rural,Y
LP103654,Male,Yes,3+,Not Graduate,No,12687,1090.0,118.0,240.0,1.0,Urban,Y
LP103655,Female,Yes,0,Graduate,No,4288,1990.0,166.0,240.0,1.0,Rural,Y
LP103656,Male,No,2,Not Graduate,Yes,8033,0.0,102.0,240.0,0.0,Urban,N
LP103657,Male,No,2,Not Graduate,Yes,8085,0.0,177.0,60.0,1.0,Rural,Y
LP103658,Female,Yes,1,Not Graduate,No,7223,665.0,314.0,360.0,0.0,Urban,N
LP103659,Female,Yes,0,Graduate,No,2145,11044.0,171.0,360.0,1.0,Semiurban,Y
LP103660,Male,Yes,1,Not Graduate,No,5969,583.0,125.0,360.0,1.0,Semiurban,Y
LP103661,Male,Yes,1,Graduate,No,11806,1325.0,294.0,300.0,1.0,Semiurban,Y
LP103662,Male,No,1,Not Graduate,No,6652,0.0,105.0,240.0,1.0,Semiurban,Y
LP103663,Male,Yes,3+,Graduate,No,6237,1890.0,,360.0,1.0,Semiurban,Y
LP103664,Male,No,2,Not Graduate,No,3561,0.0,90.0,300.0,0.0,Urban,N
LP103665,Male,Yes,0,Graduate,No,2857,2065.0,52.0,360.0,1.0,Urban,Y
LP103666,Male,No,1,Graduate,No,1913,0.0,80.0,180.0,1.0,Semiurban,Y
LP103667,Male,Yes,2,Graduate,Yes,7742,5141.0,138.0,84.0,1.0,Semiurban,Y
LP103668,Female,Yes,0,Not Graduate,No,4304,2049.0,154.0,12.0,1.0,Urban,Y
LP103669,Female,Yes,1,Not Graduate,No,2197,5490.0,75.0,360.0,1.0,Urban,Y
LP103670,Male,Yes,3+,Graduate,No,8829,445.0,98.0,360.0,1.0,Semiurban,Y
LP103671,Male,Yes,,Graduate,No,3455,314.0,43.0,60.0,1.0,Semiurban,Y
LP103672,Male,No,0,Graduate,No,2937,0.0,498.0,360.0,1.0,Rural,Y
LP103673,Female,Yes,0,Graduate,No,3649,2348.0,323.0,300.0,1.0,Urban,Y
LP103674,Male,No,1,Graduate,No,4377,0.0,87.0,300.0,1.0,Rural,Y
LP103675,Male,Yes,1,Graduate,No,6469,1793.0,145.0,360.0,1.0,Rural,Y
LP103676,Male,Yes,0,Not Graduate,Yes,2906,4273.0,79.0,360.0,1.0,Urban,Y
LP103677,Male,No,2,Graduate,Yes,9011,0.0,248.0,180.0,1.0,Semiurban,Y
LP103678,Male,Yes,0,Not Graduate,No,6571,1388.0,197.0,360.0,1.0,Semiurban,Y
LP103679,Male,Yes,0,Graduate,Yes,3609,2118.0,,360.0,1.0,Semiurban,Y
LP103680,Male,Yes,1,Graduate,No,4465,3317.0,74.0,240.0,1.0,Semiurban,Y
LP103681,Female,Yes,0,Graduate,Yes,3813,676.0,128.0,180.0,1.0,Semiurban,Y
LP103682,Male,No,,Graduate,No,5112,0.0,308.0,60.0,1.0,Urban,Y
LP103683,Female,No,0,Graduate,No,12233,0.0,106.0,360.0,1.0,Urban,Y
LP103684,Female,Yes,2,Graduate,No,3790,453.0,294.0,360.0,0.0,Urban,N
LP103685,Male,No,1,Graduate,No,5506,0.0,161.0,360.0,1.0,Semiurban,Y
LP103686,Male,Yes,1,Graduate,No,3231,684.0,81.0,360.0,1.0,Urban,Y
LP103687,Male,Yes,2,Graduate,No,6762,3767.0,104.0,300.0,1.0,Rural,Y
LP103688,Male,No,1,Graduate,No,5801,0.0,196.0,360.0,1.0,Semiurban,Y
LP103689,Female,Yes,2,Graduate,No,10913,3406.0,222.0,120.0,0.0,Semiurban,Y
LP103690,Female,No,1,Graduate,No,2988,0.0,234.0,360.0,,Rural,N
LP103691,Male,No,1,Graduate,Yes,7437,0.0,152.0,240.0,1.0,Urban,Y
LP103692,Male,No,2,Graduate,No,10492,0.0,175.0,360.0,0.0,Urban,Y
LP103693,Female,No,2,Graduate,No,3779,0.0,520.0,360.0,1.0,Rural,N
LP103694,Female,Yes,2,Not Graduate,No,4554,2613.0,569.0,240.0,1.0,Semiurban,Y
LP103695,Female,Yes,2,Not Graduate,No,5510,1260.0,138.0,360.0,1.0,Urban,Y
LP103696,Male,Yes,3+,Graduate,No,4264,1789.0,46.0,360.0,1.0,Urban,N
LP103697,Male,No,1,Graduate,No,5466,0.0,145.0,180.0,1.0,Rural,Y
LP103698,Female,Yes,1,Graduate,No,7361,1249.0,143.0,300.0,1.0,Semiurban,Y
LP103699,Female,Yes,0,Graduate,No,4589,3678.0,62.0,240.0,1.0,Urban,Y
LP103700,Male,Yes,1,Graduate,No,4568,13473.0,144.0,360.0,1.0,Rural,Y
LP103701,Male,No,1,Graduate,No,5767,0.0,71.0,480.0,1.0,Semiurban,Y
LP103702,Male,No,2,Not Graduate,No,3868,0.0,168.0,84.0,0.0,Rural,N
LP103703,Male,Yes,1,Not Graduate,Yes,3984,2760.0,191.0,300.0,,Urban,Y
LP103704,Male,Yes,2,Not Graduate,No,2866,224.0,184.0,300.0,1.0,Semiurban,Y
LP103705,Female,Yes,0,Graduate,No,4792,2679.0,243.0,360.0,0.0,Urban,N
LP103706,Male,Yes,1,Graduate,No,6429,2574.0,177.0,,1.0,Semiurban,Y
LP103707,Female,Yes,3+,Graduate,No,4181,665.0,215.0,180.0,,Urban,Y
LP103708,Male,No,0,Graduate,No,3089,0.0,291.0,300.0,1.0,Urban,Y
LP103709,Female,No,0,Not Graduate,Yes,4639,0.0,103.0,240.0,1.0,Urban,Y
LP103710,Female,Yes,1,Graduate,No,6236,6742.0,123.0,240.0,1.0,Urban,Y
LP103711,Male,Yes,2,Graduate,No,5306,1345.0,108.0,360.0,1.0,Rural,Y
LP103712,Male,Yes,1,Graduate,No,18727,1386.0,85.0,360.0,0.0,Urban,Y
LP103713,Male,,1,Graduate,No,3314,11460.0,112.0,120.0,1.0,Semiurban,Y
LP103714,Male,Yes,2,Graduate,No,4490,3702.0,221.0,360.0,0.0,Semiurban,N
LP103715,Female,Yes,0,Graduate,Yes,7844,684.0,207.0,300.0,1.0,Semiurban,Y
LP103716,Female,Yes,2,Graduate,No,3239,1022.0,48.0,240.0,1.0,Semiurban,Y
LP103717,Male,No,0,Not Graduate,No,15629,0.0,375.0,60.0,1.0,Semiurban,Y
LP103718,Male,No,1,Graduate,No,4928,0.0,223.0,360.0,0.0,Rural,N
LP103719,Male,Yes,2,Graduate,No,6882,1180.0,153.0,360.0,1.0,Semiurban,Y
LP103720,Female,Yes,2,Graduate,No,4971,3091.0,58.0,180.0,1.0,Rural,Y
LP103721,Male,No,2,Not Graduate,Yes,9055,0.0,65.0,300.0,1.0,Semiurban,Y
LP103722,Male,No,2,Graduate,No,2597,0.0,330.0,360.0,,Semiurban,Y
LP103723,Male,Yes,1,Not Graduate,,12620,2276.0,245.0,300.0,0.0,Semiurban,Y
LP103724,Male,Yes,0,Graduate,No,5647,1609.0,264.0,120.0,1.0,Urban,Y
LP103725,Male,Yes,0,Graduate,No,7295,4757.0,124.0,300.0,1.0,Urban,Y
LP103726,Female,Yes,3+,Graduate,No,3155,651.0,294.0,180.0,1.0,Urban,Y
LP103727,Male,Yes,3+,Not Graduate,No,6017,1986.0,59.0,300.0,0.0,Urban,N
LP103728,Male,Yes,3+,Graduate,No,2749,1136.0,64.0,360.0,1.0,Semiurban,Y
LP103729,Female,Yes,0,Graduate,Yes,9950,6724.0,245.0,240.0,1.0,Urban,Y
LP103730,Female,Yes,1,Graduate,No,2266,1572.0,77.0,360.0,0.0,Semiurban,N
LP103731,Male,Yes,2,Graduate,No,5391,8417.0,131.0,180.0,0.0,Rural,Y
LP103732,Male,No,2,Graduate,No,3893,0.0,46.0,360.0,1.0,Semiurban,Y
LP103733,Male,,2,Not Graduate,No,1924,1973.0,24.0,240.0,1.0,Urban,N
LP103734,Male,No,2,Not Graduate,Yes,2803,0.0,72.0,480.0,0.0,Urban,N
LP103735,Male,Yes,1,Not Graduate,Yes,6436,841.0,106.0,12.0,1.0,Rural,N
LP103736,Male,Yes,0,Graduate,No,2869,6046.0,77.0,240.0,1.0,Rural,Y
LP103737,Male,Yes,0,Graduate,No,3289,1846.0,194.0,360.0,1.0,Rural,Y
LP103738,Female,Yes,0,Graduate,,6148,2513.0,246.0,240.0,1.0,Urban,Y
LP103739,Male,Yes,1,Graduate,No,8509,2798.0,193.0,120.0,1.0,Semiurban,Y
LP103740,Female,Yes,0,Not Graduate,No,7306,1701.0,67.0,360.0,1.0,Rural,Y
LP103741,Male,Yes,0,Graduate,Yes,4779,945.0,183.0,360.0,1.0,Urban,Y
LP103742,Female,No,2,Not Graduate,No,5600,0.0,64.0,300.0,1.0,Urban,Y
LP103743,Female,Yes,3+,Not Graduate,No,5277,361.0,410.0,240.0,1.0,Urban,Y
LP103744,Female,No,2,Graduate,No,2639,0.0,138.0,120.0,1.0,Rural,Y
LP103745,Female,Yes,0,Graduate,,5811,1616.0,80.0,300.0,0.0,Semiurban,Y
LP103746,Female,Yes,0,Graduate,No,2625,6234.0,138.0,300.0,1.0,Rural,Y
LP103747,Male,Yes,0,Graduate,Yes,7105,6085.0,148.0,240.0,0.0,Urban,Y
LP103748,Male,No,3+,Graduate,No,5329,0.0,205.0,60.0,1.0,Semiurban,Y
LP103749,Male,No,1,Not Graduate,No,1500,0.0,43.0,360.0,1.0,Urban,Y
LP103750,Female,No,0,Graduate,No,8843,0.0,88.0,360.0,0.0,Urban,N
LP103751,Female,Yes,2,Not Graduate,No,3593,908.0,179.0,300.0,1.0,Semiurban,Y
LP103752,Male,No,1,Not Graduate,Yes,3419,0.0,214.0,84.0,0.0,Semiurban,N
LP103753,Male,Yes,3+,Not Graduate,No,8721,3880.0,700.0,180.0,0.0,Semiurban,N
LP103754,Male,No,0,Not Graduate,No,4456,0.0,307.0,300.0,0.0,Rural,N
LP103755,Female,Yes,1,Graduate,No,7033,5046.0,88.0,360.0,1.0,Urban,Y
LP103756,Male,Yes,1,Not Graduate,No,3320,585.0,389.0,180.0,1.0,Urban,Y
LP103757,Male,Yes,3+,Graduate,Yes,7960,797.0,190.0,360.0,1.0,Semiurban,Y
LP103758,Male,Yes,3+,Graduate,No,5532,6033.0,304.0,180.0,1.0,Rural,Y
LP103759,Male,No,1,Graduate,No,6266,0.0,177.0,360.0,1.0,Rural,Y
LP103760,Female,No,0,Graduate,No,4415,0.0,318.0,360.0,1.0,Semiurban,Y
LP103761,Female,Yes,1,Not Graduate,No,13067,1774.0,257.0,360.0,1.0,Semiurban,Y
LP103762,Female,No,3+,Graduate,No,15097,0.0,187.0,60.0,,Urban,Y
LP103763,Male,No,2,Graduate,No,1500,0.0,103.0,240.0,1.0,Urban,Y
LP103764,Male,Yes,2,Graduate,No,8568,2936.0,103.0,300.0,0.0,Semiurban,N
LP103765,Male,Yes,1,Graduate,Yes,2571,862.0,75.0,360.0,1.0,Rural,N
LP103766,Female,Yes,1,Graduate,No,6672,4534.0,128.0,240.0,1.0,Semiurban,Y
LP103767,Male,Yes,1,Graduate,No,1691,1541.0,260.0,240.0,1.0,Semiurban,Y
LP103768,Male,Yes,2,Not Graduate,No,6260,593.0,190.0,240.0,1.0,Semiurban,Y
LP103769,Male,Yes,3+,Graduate,No,2975,967.0,84.0,360.0,1.0,Semiurban,Y
LP103770,Female,Yes,1,Graduate,No,3732,1121.0,240.0,360.0,1.0,Rural,Y
LP103771,Male,Yes,1,Graduate,No,3792,5898.0,66.0,360.0,1.0,Semiurban,Y
LP103772,Female,No,0,Graduate,No,3162,0.0,163.0,180.0,1.0,Urban,Y
LP103773,Male,Yes,0,Not Graduate,No,3214,2459.0,310.0,300.0,1.0,Rural,Y
LP103774,Male,Yes,3+,Graduate,No,3870,334.0,66.0,300.0,,Semiurban,N
LP103775,Male,Yes,0,Graduate,No,4481,3825.0,148.0,12.0,1.0,Semiurban,Y
LP103776,Male,Yes,2,Graduate,No,5966,959.0,88.0,360.0,1.0,Rural,Y
LP103777,Male,Yes,2,Not Graduate,Yes,15009,2471.0,356.0,300.0,1.0,Urban,Y
LP103778,Male,Yes,2,Graduate,No,2784,2470.0,517.0,360.0,1.0,Semiurban,Y
LP103779,Male,Yes,3+,Graduate,No,5302,3000.0,187.0,360.0,0.0,Semiurban,N
LP103780,Female,Yes,2,Graduate,No,7813,2358.0,227.0,360.0,1.0,Urban,Y
LP103781,Male,Yes,3+,Not Graduate,No,3212,8363.0,,240.0,0.0,Rural,N
LP103782,Female,Yes,0,Not Graduate,No,1500,2136.0,212.0,360.0,1.0,Semiurban,Y
LP103783,Male,No,2,Graduate,No,1563,0.0,81.0,120.0,1.0,Semiurban,Y
LP103784,Female,Yes,,Not Graduate,No,1500,3011.0,102.0,360.0,1.0,Rural,Y
LP103785,Male,Yes,0,Graduate,No,12382,2252.0,102.0,360.0,1.0,Urban,Y
LP103786,Male,Yes,2,Graduate,No,7104,3689.0,47.0,240.0,1.0,Semiurban,Y
LP103787,Male,No,2,Graduate,No,7735,0.0,241.0,360.0,1.0,Semiurban,Y
LP103788,Male,Yes,2,Not Graduate,No,8855,2589.0,63.0,360.0,,Rural,Y
LP103789,Male,No,0,Graduate,Yes,3479,0.0,220.0,360.0,1.0,Semiurban,Y
LP103790,Female,No,2,Not Graduate,No,19571,0.0,86.0,180.0,1.0,Semiurban,Y
LP103791,Female,Yes,0,Graduate,Yes,6010,9845.0,117.0,36.0,1.0,Urban,Y
LP103792,Female,Yes,2,Not Graduate,No,4704,11135.0,187.0,360.0,1.0,Rural,Y
LP103793,Female,Yes,1,Graduate,No,9566,2348.0,335.0,360.0,0.0,Semiurban,Y
LP103794,Male,Yes,1,Graduate,Yes,7334,4952.0,226.0,240.0,1.0,Semiurban,Y
LP103795,Male,Yes,1,Graduate,No,10949,4725.0,125.0,120.0,1.0,Urban,Y
LP103796,Male,Yes,0,Graduate,No,11342,4333.0,131.0,300.0,1.0,Semiurban,Y
LP103797,Male,Yes,0,Graduate,No,3976,2796.0,66.0,180.0,1.0,Urban,Y
LP103798,Male,Yes,0,Graduate,Yes,5498,3073.0,196.0,120.0,1.0,Rural,Y
LP103799,Male,No,2,Not Graduate,Yes,2848,0.0,127.0,300.0,1.0,Rural,N
LP103800,Male,Yes,2,Graduate,No,1850,1017.0,76.0,360.0,1.0,Urban,Y
LP103801,Male,No,0,Graduate,No,8119,0.0,214.0,300.0,1.0,Semiurban,Y
LP103802,Female,No,0,Graduate,No,8727,0.0,314.0,300.0,0.0,Semiurban,Y
LP103803,Female,No,1,Graduate,No,1500,0.0,120.0,480.0,1.0,Rural,Y
LP103804,Male,No,2,Graduate,No,3196,0.0,95.0,360.0,1.0,Semiurban,Y
LP103805,Female,Yes,0,Not Graduate,No,5082,3163.0,94.0,84.0,1.0,Rural,Y
LP103806,Female,Yes,0,Graduate,No,5382,972.0,170.0,240.0,1.0,Urban,Y
LP103807,Male,Yes,0,Not Graduate,Yes,16764,3911.0,65.0,300.0,1.0,Urban,Y
LP103808,Male,Yes,1,Graduate,No,3373,2636.0,140.0,360.0,1.0,Semiurban,Y
LP103809,Male,No,0,Not Graduate,No,4434,0.0,105.0,360.0,1.0,Semiurban,Y
LP103810,Female,No,1,Graduate,No,7258,0.0,181.0,240.0,1.0,Urban,Y
LP103811,Female,Yes,2,Graduate,No,3983,1120.0,190.0,240.0,1.0,Urban,Y
LP103812,Male,Yes,2,Graduate,No,3630,613.0,68.0,84.0,1.0,Rural,Y
LP103813,Male,Yes,0,Not Graduate,No,3455,2152.0,200.0,60.0,1.0,Semiurban,Y
LP103814,Male,Yes,,Graduate,No,5652,793.0,176.0,360.0,1.0,Urban,Y
LP103815,Male,Yes,1,Graduate,No,4423,1004.0,119.0,360.0,1.0,Rural,Y
LP103816,Male,Yes,3+,Graduate,Yes,7401,834.0,103.0,120.0,1.0,Urban,Y
LP103817,Female,No,0,Not Graduate,No,6090,0.0,104.0,360.0,1.0,Urban,Y
LP103818,Female,Yes,2,Graduate,Yes,1500,5796.0,121.0,240.0,0.0,Urban,N
LP103819,Female,No,2,Graduate,No,1718,0.0,76.0,360.0,0.0,Rural,N
LP103820,Female,Yes,0,Not Graduate,No,3639,1287.0,89.0,36.0,1.0,Semiurban,Y
LP103821,Female,No,3+,Not Graduate,No,8848,0.0,,84.0,1.0,Semiurban,Y
LP103822,Male,Yes,1,Not Graduate,No,3324,461.0,95.0,240.0,1.0,Urban,Y
LP103823,Male,No,2,Not Graduate,No,6153,0.0,227.0,360.0,1.0,Semiurban,Y
LP103824,Male,No,0,Graduate,No,7038,0.0,124.0,300.0,,Semiurban,Y
LP103825,Female,Yes,0,Graduate,No,6796,720.0,100.0,360.0,1.0,Rural,Y
LP103826,Male,Yes,1,Not Graduate,Yes,3538,536.0,163.0,240.0,1.0,Semiurban,Y
LP103827,Female,No,0,Not Graduate,No,2467,0.0,105.0,84.0,1.0,Urban,Y
LP103828,Male,Yes,1,Not Graduate,No,2236,2031.0,84.0,360.0,1.0,Semiurban,Y
LP103829,Male,Yes,1,Not Graduate,No,29218,3819.0,109.0,60.0,1.0,Urban,Y
LP103830,Male,Yes,2,Graduate,Yes,6459,576.0,39.0,360.0,1.0,Rural,Y
LP103831,Male,No,1,Graduate,Yes,14829,0.0,41.0,360.0,0.0,Urban,Y
LP103832,Female,No,0,Graduate,No,2981,0.0,77.0,84.0,1.0,Urban,Y
LP103833,Female,Yes,2,Not Graduate,,10394,1524.0,65.0,300.0,1.0,Semiurban,Y
LP103834,Male,Yes,1,Graduate,No,3691,1668.0,198.0,60.0,1.0,Urban,Y
LP103835,Male,No,0,Not Graduate,No,4830,0.0,285.0,300.0,1.0,Urban,N
LP103836,Male,No,0,Graduate,No,4138,0.0,163.0,360.0,1.0,Semiurban,Y
LP103837,Male,No,0,Graduate,No,2899,0.0,43.0,180.0,1.0,Semiurban,Y
LP103838,Male,Yes,0,Graduate,No,2926,2312.0,57.0,180.0,1.0,Semiurban,Y
LP103839,Female,Yes,3+,Not Graduate,No,4800,598.0,165.0,180.0,1.0,Rural,N
LP103840,Male,Yes,1,Graduate,Yes,3455,497.0,121.0,360.0,1.0,Semiurban,Y
LP103841,Male,No,0,Not Graduate,No,5303,0.0,44.0,480.0,1.0,Rural,Y
LP103842,Male,Yes,0,Graduate,No,2972,3195.0,80.0,180.0,1.0,Urban,Y
LP103843,Male,Yes,0,Graduate,Yes,7513,4582.0,70.0,60.0,1.0,Urban,Y
LP103844,Male,Yes,1,Graduate,No,3729,1236.0,321.0,84.0,1.0,Semiurban,Y
LP103845,Male,Yes,0,Not Graduate,No,13123,3513.0,205.0,360.0,0.0,Urban,N
LP103846,Male,No,,Graduate,Yes,4767,0.0,113.0,360.0,1.0,Urban,N
LP103847,Male,Yes,1,Not Graduate,No,4622,1863.0,154.0,300.0,1.0,Rural,Y
LP103848,Male,No,2,Graduate,No,12863,0.0,146.0,60.0,0.0,Semiurban,N
LP103849,Male,No,0,Graduate,No,3651,0.0,140.0,360.0,0.0,Urban,N
LP103850,Male,Yes,1,Graduate,No,3850,1028.0,401.0,360.0,1.0,Semiurban,Y
LP103851,Female,No,2,Graduate,No,3227,0.0,312.0,240.0,1.0,Urban,Y
LP103852,Male,No,1,Graduate,,5556,0.0,335.0,360.0,1.0,Semiurban,Y
LP103853,Male,No,2,Graduate,No,3161,0.0,163.0,360.0,1.0,Urban,Y
LP103854,Male,Yes,,Not Graduate,No,7832,2047.0,109.0,300.0,1.0,Urban,Y
LP103855,Male,Yes,1,Graduate,No,4779,1093.0,63.0,360.0,0.0,Urban,N
LP103856,Male,Yes,1,Graduate,No,8130,5382.0,73.0,360.0,1.0,Rural,Y
LP103857,Female,No,3+,Graduate,Yes,7598,0.0,246.0,360.0,1.0,Urban,Y
LP103858,Female,No,2,Graduate,Yes,3613,0.0,62.0,60.0,1.0,Semiurban,Y
LP103859,Male,No,3+,Graduate,No,3158,0.0,120.0,60.0,1.0,Urban,N
LP103860,Male,Yes,0,Not Graduate,No,4035,559.0,58.0,360.0,0.0,Semiurban,N
LP103861,Male,Yes,1,Not Graduate,No,4940,396.0,126.0,36.0,1.0,Semiurban,Y
LP103862,Female,Yes,3+,Not Graduate,No,6005,1584.0,71.0,84.0,1.0,Semiurban,Y
LP103863,Male,Yes,0,Graduate,No,6419,2662.0,200.0,240.0,1.0,Semiurban,Y
LP103864,Male,No,3+,Graduate,No,4821,0.0,116.0,120.0,1.0,Rural,N
LP103865,Male,Yes,0,Graduate,No,3265,2181.0,82.0,360.0,0.0,Urban,N
LP103866,Male,Yes,3+,Graduate,No,3456,1277.0,75.0,240.0,1.0,Urban,Y
LP103867,Male,Yes,1,Graduate,No,6707,3973.0,145.0,300.0,1.0,Rural,Y
LP103868,Male,Yes,,Graduate,No,3327,3236.0,138.0,12.0,,Rural,Y
LP103869,Male,Yes,3+,Not Graduate,No,6878,1999.0,96.0,300.0,1.0,Semiurban,Y
LP103870,Female,Yes,0,Not Graduate,No,7014,2131.0,110.0,360.0,1.0,Semiurban,Y
LP103871,Male,Yes,0,Graduate,No,12336,1245.0,99.0,360.0,1.0,Urban,Y
LP103872,Male,Yes,0,Not Graduate,No,3683,8572.0,36.0,360.0,0.0,Semiurban,N
LP103873,Female,Yes,2,Not Graduate,No,4043,3451.0,131.0,120.0,1.0,Urban,Y
LP103874,Male,No,3+,Graduate,No,1500,0.0,52.0,240.0,1.0,Rural,Y
LP103875,Male,Yes,0,Not Graduate,No,2791,1574.0,78.0,120.0,1.0,Urban,Y
LP103876,Male,No,1,Graduate,No,2769,0.0,162.0,240.0,0.0,Urban,N
LP103877,Male,No,0,Not Graduate,Yes,6656,0.0,116.0,300.0,1.0,Semiurban,Y
LP103878,Female,Yes,2,Graduate,Yes,14536,2201.0,335.0,300.0,1.0,Urban,Y
LP103879,Male,No,0,Graduate,No,6963,0.0,83.0,360.0,1.0,Semiurban,Y
LP103880,Male,Yes,0,Graduate,No,8905,1481.0,104.0,120.0,1.0,Rural,Y
LP103881,Male,No,0,Not Graduate,No,3207,0.0,148.0,240.0,,Semiurban,Y
LP103882,Male,No,,Graduate,Yes,2395,0.0,131.0,360.0,1.0,Rural,N
LP103883,Female,No,3+,Graduate,No,4250,0.0,251.0,480.0,1.0,Urban,Y
LP103884,Male,Yes,1,Graduate,No,3380,1854.0,197.0,120.0,1.0,Urban,Y
LP103885,Male,Yes,0,Graduate,No,2931,2500.0,308.0,360.0,1.0,Rural,Y
LP103886,Female,Yes,1,Not Graduate,No,5602,1622.0,50.0,360.0,1.0,Urban,Y
LP103887,Male,Yes,,Not Graduate,No,2412,3985.0,215.0,84.0,0.0,Semiurban,N
LP103888,Female,No,0,Not Graduate,No,8069,0.0,74.0,360.0,1.0,Semiurban,Y
LP103889,Female,Yes,0,Not Graduate,No,3867,10902.0,175.0,120.0,1.0,Semiurban,Y
LP103890,Female,Yes,0,Not Graduate,No,4783,3169.0,116.0,360.0,0.0,Semiurban,N
LP103891,Male,No,2,Not Graduate,No,5218,0.0,88.0,180.0,1.0,Semiurban,Y
LP103892,Male,Yes,1,Not Graduate,No,3714,1594.0,271.0,300.0,0.0,Rural,N
LP103893,Female,No,1,Graduate,No,10502,0.0,49.0,360.0,,Urban,Y
LP103894,Male,No,0,Graduate,No,1875,0.0,398.0,360.0,1.0,Semiurban,Y
LP103895,Male,Yes,0,Not Graduate,No,10614,4351.0,196.0,360.0,1.0,Urban,Y
LP103896,Female,Yes,3+,Not Graduate,No,3990,1395.0,148.0,360.0,1.0,Semiurban,Y
LP103897,Female,Yes,0,Not Graduate,No,8539,1147.0,122.0,36.0,1.0,Urban,Y
LP103898,Male,Yes,3+,Graduate,No,5545,2732.0,107.0,300.0,1.0,Semiurban,Y
LP103899,Male,No,1,Not Graduate,No,8186,0.0,177.0,480.0,0.0,Urban,N
LP103900,Male,No,0,Not Graduate,No,4577,0.0,58.0,360.0,1.0,Urban,Y
LP103901,Female,Yes,1,Graduate,No,5670,2454.0,21.0,240.0,1.0,Semiurban,Y
LP103902,Female,Yes,3+,Graduate,No,9497,431.0,141.0,180.0,1.0,Urban,Y
LP103903,Male,Yes,1,Graduate,Yes,5205,1228.0,85.0,360.0,1.0,Semiurban,Y
LP103904,Male,Yes,3+,Not Graduate,No,10916,3585.0,77.0,84.0,0.0,Semiurban,Y
LP103905,Female,Yes,0,Not Graduate,No,6071,417.0,52.0,360.0,1.0,Urban,Y
LP103906,Male,Yes,1,Not Graduate,Yes,3166,442.0,276.0,60.0,1.0,Semiurban,N
LP103907,Male,Yes,2,Graduate,Yes,3972,574.0,400.0,300.0,1.0,Rural,Y
LP103908,Female,Yes,3+,Not Graduate,No,8373,203.0,130.0,360.0,1.0,Rural,N
LP103909,Male,Yes,1,Graduate,No,2335,8244.0,122.0,360.0,1.0,Urban,Y
LP103910,Male,No,2,Graduate,,7908,0.0,173.0,300.0,,Urban,Y
LP103911,Male,No,0,Graduate,No,3946,0.0,167.0,,1.0,Urban,Y
LP103912,Male,Yes,0,Not Graduate,Yes,2266,644.0,98.0,360.0,1.0,Rural,N
LP103913,Female,Yes,,Graduate,Yes,5565,10519.0,278.0,360.0,1.0,Semiurban,Y
LP103914,Male,Yes,0,Graduate,No,3228,3053.0,264.0,84.0,1.0,Urban,Y
LP103915,Female,Yes,0,Graduate,No,3487,1631.0,209.0,36.0,1.0,Semiurban,Y
LP103916,Male,Yes,0,Graduate,No,3376,4796.0,390.0,240.0,0.0,Rural,N
LP103917,Male,No,3+,Not Graduate,No,5265,0.0,213.0,360.0,1.0,Semiurban,Y
LP103918,Male,Yes,2,Graduate,No,3889,1210.0,90.0,240.0,1.0,Semiurban,Y
LP103919,Male,Yes,1,Graduate,Yes,6214,1113.0,,360.0,1.0,Urban,Y
LP103920,Male,Yes,3+,Not Graduate,Yes,9022,1127.0,236.0,300.0,1.0,Semiurban,Y
LP103921,Male,No,0,Graduate,Yes,6802,0.0,71.0,240.0,1.0,Semiurban,Y
LP103922,Male,No,1,Not Graduate,No,14518,0.0,114.0,360.0,1.0,Semiurban,Y
LP103923,Male,Yes,2,Graduate,No,16828,1194.0,,84.0,1.0,Semiurban,Y
LP103924,Female,Yes,0,Not Graduate,No,4129,5337.0,448.0,36.0,1.0,Semiurban,N
LP103925,Female,Yes,2,Graduate,Yes,2461,931.0,171.0,60.0,1.0,Semiurban,Y
LP103926,Female,Yes,0,Not Graduate,Yes,4132,1119.0,192.0,360.0,1.0,Urban,Y
LP103927,Male,Yes,0,Not Graduate,No,5276,1258.0,54.0,360.0,1.0,Rural,Y
LP103928,Male,Yes,0,Graduate,No,18684,880.0,261.0,360.0,0.0,Rural,Y
LP103929,Female,Yes,3+,Graduate,No,3924,1131.0,161.0,180.0,1.0,Semiurban,Y
LP103930,Male,Yes,2,Graduate,No,5806,2808.0,45.0,300.0,0.0,Urban,Y
LP103931,Male,Yes,2,Graduate,Yes,3265,4729.0,176.0,180.0,0.0,Urban,N
LP103932,Female,No,1,Graduate,No,3991,0.0,74.0,300.0,1.0,Rural,Y
LP103933,Female,Yes,0,Not Graduate,No,2371,697.0,138.0,360.0,0.0,Rural,N
LP103934,Male,No,2,Graduate,No,2043,0.0,210.0,12.0,1.0,Urban,N
LP103935,Male,Yes,1,Graduate,Yes,11120,1138.0,150.0,300.0,0.0,Semiurban,Y
LP103936,Female,,0,Graduate,No,9318,7047.0,44.0,120.0,1.0,Semiurban,Y
LP103937,Male,Yes,2,Graduate,Yes,3937,3977.0,157.0,360.0,,Urban,Y
LP103938,Female,No,0,Graduate,No,9302,0.0,223.0,360.0,1.0,Semiurban,Y
LP103939,Female,Yes,0,Not Graduate,Yes,2243,1025.0,119.0,360.0,1.0,Semiurban,Y
LP103940,Female,Yes,2,Not Graduate,No,4429,652.0,182.0,36.0,1.0,Urban,Y
LP103941,Male,Yes,2,Graduate,No,5456,2860.0,184.0,180.0,0.0,Urban,Y
LP103942,Male,Yes,2,Graduate,No,10505,1251.0,39.0,180.0,1.0,Urban,Y
LP103943,Female,No,1,Graduate,No,5533,0.0,284.0,360.0,1.0,Rural,Y
LP103944,Male,Yes,1,Not Graduate,No,6814,2514.0,95.0,12.0,1.0,Semiurban,Y
LP103945,Female,Yes,,Not Graduate,,3707,1318.0,86.0,360.0,0.0,Semiurban,N
LP103946,Male,Yes,2,Not Graduate,No,5758,4037.0,88.0,300.0,1.0,Semiurban,Y
LP103947,Male,No,1,Graduate,No,10494,0.0,280.0,360.0,1.0,Rural,Y
LP103948,Female,Yes,3+,Not Graduate,No,1863,1973.0,325.0,300.0,0.0,Urban,N
LP103949,Female,No,3+,Graduate,No,9717,0.0,178.0,360.0,1.0,Urban,Y
LP103950,Female,No,1,Graduate,No,4333,0.0,100.0,240.0,0.0,Urban,N
LP103951,Female,Yes,2,Not Graduate,No,2114,2013.0,700.0,360.0,0.0,Rural,N
LP103952,Male,Yes,1,Graduate,,4186,4944.0,132.0,240.0,1.0,Semiurban,Y
LP103953,Female,Yes,1,Graduate,No,10657,4691.0,90.0,360.0,1.0,Rural,Y
LP103954,Female,No,0,Graduate,Yes,3679,0.0,248.0,360.0,1.0,Urban,Y
LP103955,Male,Yes,1,Graduate,Yes,5881,2342.0,124.0,300.0,1.0,Semiurban,Y
LP103956,Male,Yes,3+,Graduate,No,1867,9336.0,470.0,360.0,1.0,Urban,Y
LP103957,Male,No,2,Graduate,No,1643,0.0,80.0,360.0,1.0,Semiurban,Y
LP103958,Male,Yes,2,Graduate,,2575,529.0,120.0,360.0,1.0,Urban,Y
LP103959,Female,Yes,0,Not Graduate,No,9024,1850.0,336.0,480.0,1.0,Semiurban,Y
LP103960,Male,Yes,,Graduate,No,4767,868.0,179.0,360.0,1.0,Rural,Y
LP103961,Male,Yes,0,Not Graduate,Yes,9507,6149.0,112.0,360.0,1.0,Rural,Y
LP103962,Male,Yes,0,Graduate,No,9846,2069.0,77.0,,1.0,Urban,Y
LP103963,Male,Yes,1,Graduate,No,3118,629.0,67.0,240.0,1.0,Semiurban,Y
LP103964,Male,No,1,Graduate,No,12584,0.0,61.0,240.0,0.0,Rural,Y
LP103965,Male,Yes,1,Graduate,No,3545,5204.0,240.0,300.0,1.0,Urban,Y
LP103966,Female,No,1,Not Graduate,No,8957,0.0,215.0,360.0,0.0,Semiurban,N
LP103967,Male,Yes,0,Graduate,No,8740,1264.0,183.0,360.0,1.0,Semiurban,Y
LP103968,Male,Yes,0,Not Graduate,No,5110,2124.0,69.0,360.0,1.0,Urban,Y
LP103969,Male,No,,Not Graduate,No,5115,0.0,112.0,36.0,1.0,Urban,Y
LP103970,Female,Yes,0,Graduate,Yes,5956,3189.0,163.0,60.0,1.0,Urban,Y
LP103971,Male,No,0,Graduate,Yes,5267,0.0,286.0,360.0,1.0,Semiurban,Y
LP103972,Female,No,2,Graduate,No,3889,0.0,166.0,120.0,1.0,Urban,Y
LP103973,Female,Yes,3+,Graduate,No,3693,7898.0,145.0,360.0,1.0,Urban,Y
LP103974,Female,Yes,2,Graduate,No,3907,4007.0,76.0,300.0,1.0,Semiurban,Y
LP103975,Male,Yes,0,Not Graduate,No,10208,1699.0,230.0,240.0,1.0,Semiurban,Y
LP103976,Female,Yes,0,Graduate,No,1895,3004.0,113.0,360.0,1.0,Urban,Y
LP103977,Male,Yes,3+,Not Graduate,No,3647,6490.0,57.0,360.0,1.0,Semiurban,Y
LP103978,Female,Yes,2,Not Graduate,No,4041,2025.0,78.0,180.0,1.0,Rural,Y
LP103979,Male,Yes,1,Graduate,No,4286,2475.0,202.0,240.0,1.0,Urban,Y
LP103980,Male,Yes,0,Graduate,No,5872,1178.0,206.0,180.0,1.0,Urban,Y
LP103981,Male,No,0,Not Graduate,No,2188,0.0,26.0,360.0,1.0,Urban,Y
LP103982,Male,No,0,Graduate,No,9092,0.0,127.0,360.0,1.0,Urban,Y
LP103983,Female,Yes,2,Graduate,No,8368,1565.0,61.0,300.0,0.0,Semiurban,N
LP103984,Male,No,0,Graduate,No,7365,0.0,170.0,120.0,1.0,Rural,Y
LP103985,Male,Yes,3+,Not Graduate,Yes,4339,4540.0,191.0,240.0,1.0,Semiurban,N
LP103986,Male,Yes,0,Not Graduate,No,3155,2659.0,70.0,360.0,1.0,Semiurban,Y
LP103987,Female,Yes,2,Graduate,No,4043,1231.0,135.0,360.0,1.0,Semiurban,Y
LP103988,Female,Yes,0,Graduate,No,5097,7348.0,221.0,300.0,1.0,Urban,Y
LP103989,Female,Yes,1,Not Graduate,Yes,7329,9807.0,248.0,180.0,1.0,Urban,Y
LP103990,Female,No,0,Not Graduate,No,4680,0.0,80.0,360.0,0.0,Rural,N
LP103991,,No,2,Graduate,Yes,6101,0.0,256.0,360.0,1.0,Semiurban,Y
LP103992,Male,Yes,1,Not Graduate,No,3788,2503.0,156.0,360.0,1.0,Urban,Y
LP103993,Female,No,0,Graduate,Yes,5835,0.0,99.0,180.0,,Urban,Y
LP103994,Male,Yes,2,Graduate,,4232,508.0,127.0,360.0,1.0,Urban,Y
LP103995,Male,Yes,1,Graduate,No,5771,4692.0,217.0,360.0,1.0,Rural,Y
LP103996,Male,No,3+,Graduate,No,1702,0.0,214.0,360.0,1.0,Semiurban,Y
LP103997,Male,Yes,3+,Not Graduate,Yes,6583,4438.0,231.0,84.0,1.0,Rural,Y
LP103998,Male,Yes,3+,Graduate,No,6795,1415.0,89.0,360.0,1.0,Semiurban,Y
LP103999,Female,Yes,0,Graduate,No,6750,2663.0,153.0,300.0,1.0,Urban,Y
LP104000,Male,Yes,0,Not Graduate,No,2717,2767.0,116.0,360.0,1.0,Rural,Y
LP104001,Male,Yes,3+,Not Graduate,No,3209,2102.0,152.0,180.0,1.0,Urban,Y
LP104002,Male,Yes,1,Graduate,No,2918,2678.0,99.0,,0.0,Urban,N
LP104003,Female,Yes,0,Graduate,No,5990,1620.0,348.0,240.0,1.0,Rural,Y
LP104004,Male,Yes,2,Not Graduate,No,7294,701.0,132.0,300.0,1.0,Urban,Y
LP104005,Female,Yes,0,Not Graduate,Yes,3235,353.0,123.0,300.0,1.0,Semiurban,Y
LP104006,Female,Yes,2,Not Graduate,No,10822,1103.0,175.0,180.0,1.0,Rural,Y
LP104007,Male,No,2,Graduate,No,10736,0.0,261.0,360.0,1.0,Semiurban,Y
LP104008,Female,Yes,2,Graduate,No,5338,787.0,137.0,360.0,1.0,Urban,Y
LP104009,Female,Yes,0,Not Graduate,No,6139,4224.0,111.0,180.0,0.0,Semiurban,Y
LP104010,Female,Yes,1,Not Graduate,No,1794,5502.0,229.0,240.0,1.0,Rural,Y
LP104011,Female,Yes,1,Graduate,No,3578,2639.0,381.0,360.0,1.0,Semiurban,Y
LP104012,Male,Yes,1,Graduate,No,2318,1583.0,314.0,360.0,1.0,Semiurban,Y
LP104013,Male,Yes,0,Not Graduate,No,2846,4104.0,74.0,480.0,1.0,Rural,Y
LP104014,Male,No,1,Graduate,No,6692,0.0,213.0,360.0,1.0,Rural,Y
LP104015,Male,No,1,Graduate,Yes,7735,0.0,128.0,360.0,1.0,Semiurban,Y
LP104016,Female,Yes,1,Graduate,No,7932,1934.0,288.0,300.0,1.0,Urban,Y
LP104017,Male,Yes,2,Graduate,No,5681,943.0,403.0,240.0,,Semiurban,Y
LP104018,Female,Yes,1,Graduate,No,6727,2273.0,32.0,300.0,1.0,Urban,Y
LP104019,Female,Yes,0,Graduate,No,1894,345.0,135.0,360.0,1.0,Semiurban,Y
LP104020,Female,Yes,2,Graduate,No,2267,1430.0,102.0,84.0,1.0,Urban,Y
LP104021,Female,No,2,Not Graduate,No,4334,0.0,87.0,360.0,0.0,Semiurban,N
LP104022,Male,Yes,0,Not Graduate,No,7033,1685.0,77.0,360.0,1.0,Urban,Y
LP104023,Male,No,2,Not Graduate,No,3757,0.0,102.0,120.0,1.0,Rural,N
LP104024,Male,Yes,,Not Graduate,Yes,2172,391.0,112.0,360.0,1.0,Urban,Y
LP104025,Male,Yes,0,Not Graduate,No,3245,1071.0,108.0,360.0,0.0,Urban,N
LP104026,Male,,3+,Graduate,No,2807,1235.0,39.0,60.0,1.0,Rural,Y
LP104027,Male,Yes,3+,Graduate,No,1746,4239.0,145.0,360.0,1.0,Semiurban,Y
LP104028,Female,No,1,Graduate,No,18669,0.0,252.0,300.0,1.0,Semiurban,Y
LP104029,Male,Yes,2,Graduate,No,10298,917.0,96.0,300.0,1.0,Rural,Y
LP104030,Male,Yes,,Graduate,No,1502,696.0,50.0,360.0,1.0,Semiurban,Y
LP104031,Female,No,3+,Not Graduate,No,1551,0.0,142.0,120.0,1.0,Semiurban,N
LP104032,Male,No,1,Graduate,No,3030,0.0,,360.0,1.0,Urban,Y
LP104033,Male,No,1,Graduate,No,2011,0.0,147.0,360.0,1.0,Semiurban,Y
LP104034,Female,No,1,Not Graduate,No,20528,0.0,86.0,240.0,1.0,Semiurban,Y
LP104035,Male,Yes,0,Graduate,No,3036,444.0,71.0,180.0,1.0,Semiurban,Y
LP104036,Female,No,1,Not Graduate,No,6105,0.0,205.0,360.0,1.0,Rural,Y
LP104037,Male,No,2,Graduate,No,3628,0.0,116.0,300.0,0.0,Semiurban,N
LP104038,Female,No,2,Graduate,No,2439,0.0,98.0,360.0,1.0,Rural,Y
LP104039,Male,No,3+,Not Graduate,No,9213,0.0,93.0,360.0,1.0,Rural,Y
LP104040,Male,Yes,0,Graduate,No,7280,1826.0,153.0,360.0,1.0,Semiurban,Y
LP104041,Male,No,1,Graduate,No,4742,0.0,144.0,240.0,1.0,Semiurban,Y
LP104042,Female,Yes,0,Graduate,No,20520,2651.0,138.0,36.0,1.0,Semiurban,Y
LP104043,Male,Yes,0,Not Graduate,No,5659,929.0,75.0,300.0,1.0,Urban,Y
LP104044,Male,Yes,3+,Graduate,,3737,749.0,72.0,180.0,1.0,Urban,Y
LP104045,Female,No,1,Not Graduate,No,15508,0.0,90.0,240.0,0.0,Urban,N
LP104046,Female,Yes,2,Not Graduate,No,6262,854.0,159.0,300.0,1.0,Rural,Y
LP104047,Male,Yes,0,Graduate,,13052,3415.0,186.0,360.0,1.0,Urban,Y
LP104048,Female,Yes,1,Not Graduate,No,4800,850.0,323.0,360.0,1.0,Semiurban,Y
LP104049,Male,No,2,Not Graduate,No,1500,0.0,81.0,120.0,1.0,Semiurban,Y
LP104050,Male,Yes,0,Graduate,No,1928,1682.0,207.0,180.0,0.0,Semiurban,N
LP104051,Male,No,0,Not Graduate,No,9410,0.0,47.0,300.0,1.0,Semiurban,Y
LP104052,Female,No,0,Not Graduate,No,3451,0.0,165.0,300.0,1.0,Urban,Y
LP104053,Female,Yes,2,Graduate,No,5721,956.0,54.0,300.0,1.0,Rural,Y
LP104054,Male,Yes,3+,Not Graduate,No,9704,4922.0,64.0,360.0,1.0,Rural,Y
LP104055,Male,No,2,Graduate,Yes,5473,0.0,210.0,360.0,0.0,Semiurban,N
LP104056,Male,No,3+,Graduate,No,2934,0.0,147.0,84.0,1.0,Rural,N
LP104057,Female,No,2,Not Graduate,No,4882,0.0,111.0,360.0,1.0,Urban,N
LP104058,Female,Yes,3+,Graduate,No,5240,1505.0,58.0,300.0,,Urban,Y
LP104059,Male,No,1,Not Graduate,No,3847,0.0,167.0,300.0,1.0,Semiurban,Y
LP104060,Female,Yes,1,Graduate,Yes,2140,2075.0,141.0,360.0,1.0,Rural,Y
LP104061,Female,Yes,1,Graduate,No,3970,2165.0,207.0,120.0,0.0,Urban,N
LP104062,Male,No,2,Not Graduate,Yes,4648,0.0,47.0,300.0,1.0,Semiurban,Y
LP104063,Male,Yes,0,Not Graduate,No,2067,1457.0,194.0,360.0,1.0,Urban,Y
LP104064,Male,No,0,Not Graduate,No,2833,0.0,96.0,360.0,1.0,Rural,Y
LP104065,Female,Yes,3+,Not Graduate,No,3196,3651.0,159.0,240.0,1.0,Semiurban,Y
LP104066,Female,No,0,Graduate,No,1609,0.0,129.0,300.0,1.0,Urban,Y
LP104067,Male,Yes,3+,Not Graduate,No,5307,1107.0,80.0,12.0,0.0,Rural,N
LP104068,Female,Yes,2,Graduate,No,5665,811.0,,36.0,1.0,Urban,Y
LP104069,Male,No,0,Graduate,No,3545,0.0,79.0,84.0,0.0,Semiurban,N
LP104070,Male,Yes,2,Graduate,Yes,2162,5472.0,97.0,360.0,,Urban,Y
LP104071,Female,Yes,2,Not Graduate,No,6274,2864.0,77.0,360.0,1.0,Urban,Y
LP104072,Female,No,,Graduate,No,6820,0.0,170.0,360.0,1.0,Urban,Y
LP104073,Male,Yes,2,Graduate,No,5214,4618.0,80.0,360.0,0.0,Urban,Y
LP104074,Male,No,2,Graduate,Yes,5038,0.0,187.0,240.0,1.0,Rural,Y
LP104075,Male,Yes,0,Graduate,No,7018,9969.0,700.0,360.0,1.0,Semiurban,Y
LP104076,Male,Yes,0,Not Graduate,No,4641,774.0,115.0,36.0,0.0,Urban,N
LP104077,Male,No,0,Graduate,No,2833,0.0,51.0,12.0,1.0,Semiurban,Y
LP104078,Male,No,0,Graduate,No,4711,0.0,474.0,180.0,0.0,Semiurban,N
LP104079,Female,Yes,0,Graduate,No,3884,1902.0,165.0,84.0,1.0,Rural,Y
LP104080,Male,Yes,2,Graduate,No,4711,7220.0,124.0,180.0,0.0,Semiurban,N
LP104081,Female,No,1,Graduate,Yes,8354,0.0,107.0,180.0,1.0,Semiurban,Y
LP104082,Female,Yes,3+,Graduate,Yes,2389,2533.0,71.0,300.0,0.0,Semiurban,N
LP104083,Male,Yes,0,Graduate,Yes,5466,176.0,109.0,360.0,1.0,Urban,Y
LP104084,Male,Yes,1,Graduate,Yes,2317,2545.0,84.0,240.0,,Semiurban,Y
LP104085,Female,Yes,2,Not Graduate,No,2833,4018.0,84.0,360.0,1.0,Semiurban,Y
LP104086,Male,Yes,3+,Not Graduate,,12635,1994.0,190.0,300.0,1.0,Semiurban,Y
LP104087,Female,Yes,1,Graduate,No,6466,770.0,240.0,360.0,1.0,Semiurban,Y
LP104088,Female,Yes,1,Graduate,No,5413,692.0,117.0,360.0,1.0,Semiurban,Y
LP104089,Female,Yes,3+,Not Graduate,No,1816,1160.0,181.0,36.0,1.0,Rural,N
LP104090,Female,Yes,0,Graduate,No,4266,687.0,472.0,300.0,0.0,Rural,N
LP104091,Male,No,0,Graduate,Yes,1500,0.0,81.0,360.0,0.0,Semiurban,N
LP104092,Male,Yes,1,Graduate,No,5025,2628.0,50.0,360.0,1.0,Semiurban,Y
LP104093,Male,No,2,Not Graduate,No,2325,0.0,221.0,360.0,1.0,Semiurban,Y
LP104094,Male,No,0,Not Graduate,No,6868,0.0,86.0,360.0,0.0,Urban,N
LP104095,Male,Yes,1,Graduate,,5414,980.0,97.0,360.0,1.0,Rural,Y
LP104096,Male,Yes,1,Graduate,No,2369,1030.0,144.0,120.0,1.0,Urban,Y
LP104097,Female,Yes,3+,Graduate,No,6179,1249.0,282.0,300.0,1.0,Semiurban,Y
LP104098,Male,No,0,Graduate,No,17258,0.0,145.0,360.0,1.0,Urban,Y
LP104099,Male,No,0,Graduate,No,4351,0.0,37.0,360.0,1.0,Semiurban,Y
LP104100,Male,Yes,1,Not Graduate,Yes,8334,3755.0,166.0,60.0,1.0,Urban,Y
LP104101,Male,No,1,Graduate,No,1500,0.0,154.0,180.0,0.0,Rural,N
LP104102,Male,Yes,2,Graduate,No,6506,479.0,80.0,360.0,0.0,Urban,N
LP104103,Male,Yes,2,Graduate,No,3492,2289.0,48.0,300.0,1.0,Rural,Y
LP104104,Male,No,2,Graduate,No,4182,0.0,106.0,36.0,1.0,Rural,N
LP104105,Male,Yes,2,Not Graduate,No,7023,5569.0,33.0,360.0,1.0,Semiurban,Y
LP104106,Female,Yes,3+,Graduate,No,4246,3700.0,45.0,60.0,1.0,Semiurban,Y
LP104107,Female,Yes,1,Graduate,,1862,2025.0,59.0,120.0,1.0,Urban,Y
LP104108,Female,No,3+,Graduate,No,12287,0.0,63.0,360.0,1.0,Rural,Y
LP104109,Male,Yes,0,Graduate,Yes,2058,1621.0,227.0,180.0,1.0,Semiurban,Y
LP104110,Female,No,2,Not Graduate,Yes,2969,0.0,122.0,36.0,1.0,Urban,N
LP104111,Female,Yes,1,Graduate,No,5307,2500.0,165.0,12.0,1.0,Semiurban,Y
LP104112,Male,Yes,2,Graduate,No,5337,725.0,152.0,360.0,1.0,Urban,Y
LP104113,Female,No,1,Graduate,Yes,6353,0.0,53.0,240.0,1.0,Semiurban,Y
LP104114,Male,Yes,2,Not Graduate,No,5323,306.0,95.0,360.0,1.0,Urban,Y
LP104115,Female,No,3+,Graduate,Yes,9789,0.0,117.0,240.0,1.0,Semiurban,Y
LP104116,Female,Yes,,Not Graduate,No,6595,894.0,123.0,120.0,1.0,Semiurban,Y
LP104117,Male,Yes,2,Graduate,No,2412,1168.0,179.0,360.0,1.0,Urban,Y
LP104118,Female,Yes,0,Not Graduate,No,1500,2467.0,233.0,360.0,1.0,Rural,Y
LP104119,Male,No,0,Graduate,No,5381,0.0,167.0,480.0,1.0,Semiurban,Y
LP104120,Female,Yes,3+,Graduate,Yes,11845,1082.0,386.0,36.0,1.0,Semiurban,Y
LP104121,Male,No,2,Not Graduate,No,2318,0.0,174.0,60.0,1.0,Rural,Y
LP104122,Female,Yes,1,Graduate,No,2617,3135.0,97.0,360.0,1.0,Rural,Y
LP104123,Male,Yes,1,Graduate,No,6080,1550.0,290.0,120.0,0.0,Semiurban,N
LP104124,Male,Yes,0,Graduate,No,6566,833.0,64.0,300.0,1.0,Urban,Y
LP104125,Male,No,1,Graduate,Yes,9637,0.0,185.0,300.0,1.0,Semiurban,Y
LP104126,Female,No,1,Graduate,No,13156,0.0,122.0,360.0,1.0,Rural,Y
LP104127,Female,No,0,Graduate,No,5662,0.0,80.0,36.0,1.0,Semiurban,Y
LP104128,Female,Yes,0,Graduate,Yes,2818,6638.0,152.0,180.0,1.0,Semiurban,Y
LP104129,Female,Yes,1,Graduate,No,2870,1801.0,113.0,300.0,1.0,Rural,Y
LP104130,Male,Yes,1,Not Graduate,No,3546,870.0,44.0,,1.0,Urban,Y
LP104131,Male,No,0,Graduate,No,9124,0.0,149.0,360.0,1.0,Urban,Y
LP104132,Male,Yes,1,Graduate,No,3640,688.0,72.0,360.0,1.0,Rural,Y
LP104133,Male,Yes,3+,Not Graduate,No,8751,2433.0,144.0,84.0,1.0,Urban,Y
LP104134,Male,Yes,1,Not Graduate,Yes,1968,481.0,124.0,360.0,,Urban,Y
LP104135,Male,Yes,3+,Graduate,No,5838,1568.0,173.0,240.0,1.0,Rural,Y
LP104136,Male,Yes,3+,Graduate,No,3131,2860.0,34.0,180.0,1.0,Semiurban,Y
LP104137,Male,No,0,Not Graduate,No,6722,0.0,74.0,180.0,1.0,Semiurban,Y
LP104138,Male,Yes,0,Graduate,No,4214,804.0,143.0,360.0,1.0,Semiurban,Y
LP104139,Male,No,1,Graduate,No,7930,0.0,,360.0,,Urban,N
LP104140,Female,No,1,Graduate,No,3785,0.0,145.0,360.0,1.0,Semiurban,Y
LP104141,Female,Yes,1,Not Graduate,No,4838,1447.0,103.0,240.0,,Semiurban,N
LP104142,Female,Yes,0,Graduate,No,7981,1982.0,226.0,360.0,1.0,Urban,Y
LP104143,Male,Yes,2,Not Graduate,Yes,4623,1115.0,94.0,300.0,1.0,Rural,N
LP104144,Male,No,0,Not Graduate,No,5089,0.0,174.0,300.0,1.0,Urban,Y
LP104145,Female,Yes,3+,Graduate,No,7756,1156.0,138.0,180.0,0.0,Urban,N
LP104146,Male,Yes,0,Not Graduate,No,4693,2373.0,255.0,60.0,,Urban,Y
LP104147,Male,Yes,3+,Graduate,Yes,1899,1009.0,199.0,120.0,1.0,Semiurban,Y
LP104148,Male,Yes,0,Graduate,No,3489,2601.0,100.0,300.0,1.0,Rural,Y
LP104149,Male,Yes,0,Not Graduate,No,1549,1474.0,54.0,360.0,0.0,Semiurban,N
LP104150,Male,Yes,0,Graduate,No,4230,1114.0,70.0,36.0,1.0,Urban,Y
LP104151,Male,No,3+,Graduate,No,6521,0.0,160.0,240.0,1.0,Urban,Y
LP104152,Female,No,0,Graduate,Yes,5296,0.0,130.0,120.0,1.0,Semiurban,Y
LP104153,Male,Yes,,Graduate,No,11347,4453.0,136.0,360.0,1.0,Urban,Y
LP104154,Male,Yes,,Graduate,No,10610,1993.0,156.0,360.0,0.0,Urban,N
LP104155,Female,No,2,Graduate,No,5733,0.0,82.0,360.0,1.0,Semiurban,Y
LP104156,Male,Yes,1,Graduate,No,1500,4335.0,126.0,360.0,1.0,Rural,Y
LP104157,Male,No,3+,Graduate,Yes,7352,0.0,133.0,360.0,1.0,Rural,Y
LP104158,Female,Yes,3+,Graduate,No,3093,7209.0,56.0,360.0,1.0,Rural,Y
LP104159,,No,1,Graduate,,8339,0.0,93.0,180.0,0.0,Urban,N
LP104160,Male,Yes,1,Graduate,Yes,5928,895.0,169.0,360.0,1.0,Semiurban,Y
LP104161,Male,Yes,3+,Graduate,No,7285,2827.0,,,1.0,Semiurban,Y
LP104162,Male,No,3+,Graduate,Yes,6640,0.0,82.0,120.0,1.0,Urban,Y
LP104163,Male,Yes,1,Not Graduate,No,20621,2576.0,181.0,120.0,1.0,Semiurban,Y
LP104164,Female,Yes,2,Graduate,No,6719,1946.0,92.0,84.0,1.0,Urban,Y
LP104165,Male,Yes,0,Graduate,No,2279,599.0,79.0,,1.0,Urban,Y
LP104166,Male,No,1,Not Graduate,Yes,9346,0.0,,240.0,1.0,Urban,Y
LP104167,Male,Yes,0,Graduate,No,3796,2700.0,104.0,360.0,1.0,Rural,Y
LP104168,Male,No,0,Graduate,Yes,11016,0.0,55.0,36.0,1.0,Rural,Y
LP104169,Male,Yes,2,Graduate,No,12403,4937.0,103.0,240.0,1.0,Semiurban,Y
LP104170,Male,Yes,1,Graduate,No,7137,2320.0,114.0,360.0,0.0,Urban,Y
LP104171,Male,No,0,Graduate,No,2283,0.0,232.0,480.0,1.0,Urban,Y
LP104172,Male,Yes,1,Not Graduate,No,3728,2139.0,108.0,360.0,1.0,Semiurban,Y
LP104173,Male,Yes,1,Graduate,No,10986,1219.0,168.0,360.0,0.0,Semiurban,Y
LP104174,Male,Yes,3+,Graduate,No,16307,2412.0,254.0,12.0,1.0,Rural,Y
LP104175,Female,Yes,3+,Not Graduate,Yes,5100,2409.0,94.0,360.0,1.0,Urban,Y
LP104176,Male,Yes,1,Graduate,No,4167,671.0,159.0,300.0,1.0,Semiurban,Y
LP104177,Male,Yes,3+,Graduate,No,2420,3354.0,,360.0,0.0,Rural,N
LP104178,Male,Yes,0,Graduate,Yes,2440,10794.0,153.0,240.0,0.0,Urban,N
LP104179,Female,Yes,2,Graduate,No,5651,2798.0,142.0,300.0,1.0,Semiurban,Y
LP104180,Male,Yes,3+,Not Graduate,No,7483,356.0,146.0,180.0,1.0,Urban,Y
LP104181,Female,Yes,1,Graduate,Yes,2013,1285.0,113.0,300.0,1.0,Urban,Y
LP104182,Female,No,2,Not Graduate,No,8083,0.0,136.0,180.0,1.0,Rural,Y
LP104183,Female,No,0,Graduate,No,11196,0.0,114.0,180.0,0.0,Semiurban,Y
LP104184,Male,Yes,0,Not Graduate,No,7174,3129.0,543.0,240.0,1.0,Semiurban,Y
LP104185,Male,Yes,1,Graduate,No,13249,1017.0,193.0,120.0,1.0,Urban,Y
LP104186,Female,No,3+,Not Graduate,No,6083,0.0,134.0,180.0,1.0,Rural,Y
LP104187,,Yes,1,Graduate,No,6119,180.0,109.0,360.0,1.0,Urban,Y
LP104188,Female,Yes,3+,Not Graduate,No,6049,1482.0,241.0,300.0,1.0,Urban,Y
LP104189,Male,No,3+,Graduate,,11110,0.0,82.0,360.0,1.0,Rural,Y
LP104190,Male,Yes,0,Not Graduate,No,6785,681.0,62.0,300.0,0.0,Rural,N
LP104191,Male,Yes,1,Graduate,No,3576,757.0,,180.0,0.0,Semiurban,N
LP104192,Female,No,2,Graduate,No,6336,0.0,292.0,12.0,0.0,Semiurban,N
LP104193,Male,No,1,Graduate,No,6374,0.0,283.0,84.0,1.0,Urban,Y
LP104194,Male,Yes,0,Graduate,No,4326,9291.0,147.0,360.0,1.0,Rural,Y
LP104195,Female,Yes,3+,Graduate,No,9077,1370.0,95.0,84.0,,Semiurban,Y
LP104196,Male,Yes,2,Not Graduate,No,5192,5329.0,96.0,120.0,1.0,Urban,Y
LP104197,Female,No,1,Graduate,Yes,7503,0.0,457.0,360.0,1.0,Urban,Y
LP104198,Male,Yes,2,Graduate,No,6673,3764.0,127.0,360.0,1.0,Urban,Y
LP104199,Male,Yes,0,Graduate,No,3179,1527.0,164.0,60.0,1.0,Urban,Y
LP104200,Male,No,1,Graduate,Yes,2730,0.0,103.0,360.0,1.0,Urban,Y
LP104201,Female,Yes,3+,Not Graduate,Yes,3199,6512.0,141.0,300.0,1.0,Urban,Y
LP104202,Male,Yes,3+,Graduate,No,4681,8022.0,168.0,240.0,1.0,Urban,Y
LP104203,Male,Yes,0,Graduate,No,12770,1291.0,396.0,300.0,1.0,Urban,Y
LP104204,Female,Yes,1,Graduate,Yes,4776,3824.0,127.0,120.0,1.0,Urban,Y
LP104205,Male,Yes,2,Graduate,No,6150,1610.0,183.0,360.0,0.0,Urban,Y
LP104206,Male,No,0,Graduate,No,8298,0.0,108.0,120.0,0.0,Urban,N
LP104207,Male,No,0,Graduate,Yes,3962,0.0,150.0,120.0,1.0,Urban,Y
LP104208,Male,Yes,1,Graduate,,3832,1567.0,,240.0,1.0,Semiurban,Y
LP104209,Male,Yes,2,Graduate,No,9236,568.0,118.0,120.0,1.0,Semiurban,Y
LP104210,Male,Yes,0,Graduate,No,6911,508.0,154.0,180.0,1.0,Urban,Y
LP104211,Male,Yes,0,Graduate,No,3503,1647.0,87.0,36.0,1.0,Urban,Y
LP104212,Male,Yes,0,Graduate,Yes,3837,1260.0,181.0,360.0,0.0,Rural,N
LP104213,Female,No,0,Not Graduate,No,5172,0.0,138.0,180.0,1.0,Semiurban,Y
LP104214,Male,Yes,1,Not Graduate,No,5989,3532.0,96.0,480.0,0.0,Semiurban,N
LP104215,Male,Yes,0,Not Graduate,No,10367,5110.0,125.0,84.0,1.0,Semiurban,Y
LP104216,Male,Yes,0,Not Graduate,Yes,6762,2725.0,294.0,60.0,1.0,Urban,Y
LP104217,Male,Yes,3+,Graduate,Yes,2724,402.0,126.0,120.0,,Semiurban,Y
LP104218,Male,Yes,0,Graduate,Yes,3066,2372.0,173.0,300.0,0.0,Semiurban,N
LP104219,Male,Yes,1,Graduate,No,5918,2353.0,173.0,360.0,1.0,Urban,Y
LP104220,Female,Yes,3+,Graduate,No,5354,921.0,190.0,300.0,1.0,Semiurban,Y
LP104221,Male,No,2,Not Graduate,Yes,2961,0.0,69.0,360.0,1.0,Rural,N
LP104222,Female,Yes,2,Graduate,,9244,1205.0,72.0,360.0,1.0,Urban,Y
LP104223,Female,Yes,1,Graduate,No,1500,937.0,85.0,84.0,1.0,Urban,Y
LP104224,Male,Yes,0,Graduate,No,6011,701.0,193.0,120.0,1.0,Urban,Y
LP104225,Male,No,2,Graduate,Yes,1942,0.0,157.0,240.0,1.0,Urban,Y
LP104226,Male,Yes,2,Graduate,No,8336,5088.0,152.0,360.0,,Urban,Y
LP104227,Female,Yes,0,Graduate,Yes,4192,1614.0,124.0,300.0,1.0,Urban,Y
LP104228,Male,Yes,1,Not Graduate,No,7697,3974.0,60.0,360.0,0.0,Urban,N
LP104229,Male,No,3+,Graduate,Yes,3887,0.0,93.0,60.0,1.0,Rural,Y
LP104230,Male,Yes,0,Graduate,No,10888,2008.0,152.0,360.0,1.0,Semiurban,Y
LP104231,Female,Yes,1,Graduate,No,1604,1699.0,121.0,300.0,1.0,Semiurban,Y
LP104232,Female,Yes,1,Graduate,Yes,8330,2632.0,,120.0,1.0,Urban,Y
LP104233,Male,Yes,2,Graduate,No,3412,925.0,52.0,60.0,1.0,Urban,Y
LP104234,Female,Yes,2,Graduate,No,6155,2800.0,133.0,180.0,0.0,Rural,N
LP104235,Male,Yes,2,Graduate,No,6312,2040.0,38.0,360.0,1.0,Semiurban,Y
LP104236,Male,No,1,Graduate,No,2131,0.0,61.0,360.0,1.0,Urban,Y
LP104237,Female,Yes,0,Graduate,No,8941,641.0,74.0,300.0,,Rural,Y
LP104238,Male,Yes,0,Graduate,No,6224,822.0,44.0,360.0,1.0,Urban,Y
LP104239,Male,Yes,2,Not Graduate,No,5271,2724.0,83.0,120.0,1.0,Semiurban,Y
LP104240,Male,Yes,2,Graduate,No,6192,1380.0,158.0,180.0,1.0,Rural,Y
LP104241,Female,Yes,3+,Graduate,No,5298,1772.0,270.0,300.0,1.0,Urban,Y
LP104242,Female,No,1,Not Graduate,No,8109,0.0,97.0,300.0,1.0,Semiurban,Y
LP104243,Male,No,2,Graduate,No,3703,0.0,90.0,,1.0,Rural,Y
LP104244,Female,Yes,1,Graduate,No,8116,1081.0,124.0,300.0,1.0,Urban,Y
LP104245,Male,Yes,0,Graduate,No,6928,820.0,114.0,84.0,1.0,Rural,Y
LP104246,Male,Yes,1,Not Graduate,Yes,4432,2307.0,73.0,12.0,1.0,Semiurban,Y
LP104247,Male,No,1,Not Graduate,No,14879,0.0,185.0,360.0,1.0,Rural,Y
LP104248,Male,No,3+,Graduate,No,6444,0.0,112.0,300.0,0.0,Urban,N
LP104249,Male,No,1,Not Graduate,No,5524,0.0,90.0,180.0,1.0,Rural,Y
LP104250,Female,No,3+,Graduate,No,6935,0.0,95.0,240.0,1.0,Semiurban,Y
LP104251,Male,Yes,1,Not Graduate,No,4615,842.0,550.0,300.0,1.0,Semiurban,N
LP104252,Male,Yes,0,Graduate,No,10103,2967.0,213.0,360.0,1.0,Rural,Y
LP104253,Male,No,0,Not Graduate,No,4852,0.0,109.0,360.0,0.0,Semiurban,N
LP104254,Male,Yes,0,Graduate,No,8035,1621.0,31.0,360.0,1.0,Urban,Y
LP104255,Female,Yes,1,Graduate,No,2589,3799.0,48.0,84.0,1.0,Urban,Y
LP104256,Male,Yes,0,Graduate,Yes,1673,1307.0,141.0,120.0,1.0,Urban,Y
LP104257,Male,Yes,1,Not Graduate,No,6257,1720.0,112.0,240.0,0.0,Semiurban,N
LP104258,Female,Yes,3+,Not Graduate,Yes,3903,9593.0,67.0,180.0,1.0,Rural,Y
LP104259,Male,Yes,2,Graduate,No,4378,1343.0,124.0,360.0,1.0,Semiurban,Y
LP104260,Male,No,2,Not Graduate,,1500,0.0,85.0,120.0,1.0,Semiurban,N
LP104261,Male,Yes,0,Graduate,No,13634,1324.0,91.0,120.0,0.0,Rural,Y
LP104262,Male,Yes,1,Not Graduate,No,5232,2262.0,121.0,300.0,1.0,Urban,Y
LP104263,Female,No,0,Graduate,No,10946,0.0,72.0,360.0,,Semiurban,Y
LP104264,Female,Yes,3+,Graduate,No,2131,879.0,58.0,240.0,1.0,Urban,Y
LP104265,Male,Yes,0,Graduate,No,5214,1028.0,59.0,36.0,1.0,Urban,Y
LP104266,Female,Yes,1,Graduate,Yes,6276,2847.0,105.0,360.0,1.0,Semiurban,Y
LP104267,Male,Yes,1,Not Graduate,No,5326,2057.0,51.0,360.0,0.0,Urban,N
LP104268,Male,Yes,1,Not Graduate,No,5653,4619.0,499.0,360.0,1.0,Urban,Y
LP104269,Male,No,,Not Graduate,No,2134,0.0,,360.0,1.0,Semiurban,N
LP104270,Male,Yes,0,Graduate,No,5944,8007.0,206.0,360.0,1.0,Semiurban,Y
LP104271,Male,Yes,1,Not Graduate,Yes,2964,3157.0,78.0,360.0,1.0,Semiurban,Y
LP104272,Male,Yes,2,Graduate,Yes,3392,8126.0,80.0,360.0,0.0,Rural,N
LP104273,Female,Yes,1,Not Graduate,No,4963,6985.0,57.0,60.0,1.0,Semiurban,Y
LP104274,Male,No,1,Graduate,No,3979,0.0,404.0,60.0,1.0,Semiurban,N
LP104275,Male,Yes,0,Graduate,Yes,4118,5909.0,300.0,60.0,1.0,Semiurban,Y
LP104276,Male,Yes,2,Not Graduate,No,9646,3836.0,201.0,360.0,1.0,Semiurban,Y
LP104277,Male,No,3+,Not Graduate,No,4475,0.0,124.0,180.0,1.0,Urban,N
LP104278,Male,Yes,2,Graduate,No,3873,4665.0,106.0,36.0,1.0,Semiurban,Y
LP104279,Male,No,3+,Graduate,No,4565,0.0,181.0,60.0,1.0,Urban,N
LP104280,Female,Yes,1,Graduate,Yes,2522,2351.0,350.0,60.0,1.0,Urban,Y
LP104281,Male,Yes,0,Graduate,Yes,5418,1291.0,197.0,360.0,1.0,Semiurban,Y
LP104282,Male,No,0,Not Graduate,,7578,0.0,68.0,120.0,1.0,Semiurban,Y
LP104283,Male,No,,Not Graduate,No,5933,0.0,84.0,360.0,1.0,Semiurban,Y
LP104284,Male,Yes,1,Graduate,No,5024,650.0,,480.0,1.0,Semiurban,Y
LP104285,Male,Yes,2,Graduate,Yes,7050,940.0,79.0,300.0,1.0,Semiurban,Y
LP104286,Female,Yes,2,Not Graduate,No,3524,1730.0,101.0,300.0,1.0,Semiurban,Y
LP104287,Male,Yes,,Graduate,No,5031,1720.0,332.0,180.0,1.0,Urban,Y
LP104288,Male,No,1,Graduate,No,11372,0.0,111.0,360.0,1.0,Semiurban,Y
LP104289,Male,Yes,1,Not Graduate,No,4119,1853.0,52.0,360.0,,Urban,Y
LP104290,Male,Yes,0,Not Graduate,No,7077,1217.0,700.0,120.0,1.0,Urban,Y
LP104291,Male,No,1,Graduate,No,7184,0.0,257.0,360.0,0.0,Semiurban,N
LP104292,Female,Yes,3+,Graduate,No,3119,4591.0,129.0,180.0,1.0,Urban,Y
LP104293,Male,Yes,0,Graduate,No,7426,2133.0,133.0,180.0,1.0,Semiurban,Y
LP104294,Female,No,3+,Graduate,,3414,0.0,37.0,360.0,1.0,Rural,N
LP104295,Male,No,3+,Graduate,No,6357,0.0,106.0,360.0,1.0,Semiurban,Y
LP104296,Female,No,1,Graduate,No,3382,0.0,85.0,36.0,1.0,Rural,Y
LP104297,Male,Yes,0,Not Graduate,No,5817,3161.0,142.0,360.0,1.0,Semiurban,Y
LP104298,Female,No,0,Not Graduate,No,5310,0.0,356.0,360.0,1.0,Rural,Y
LP104299,Male,Yes,0,Not Graduate,No,5256,4038.0,174.0,360.0,1.0,Urban,Y
LP104300,Female,Yes,0,Graduate,No,5785,6209.0,454.0,120.0,0.0,Semiurban,N
LP104301,Male,No,1,Graduate,Yes,3574,0.0,58.0,360.0,1.0,Semiurban,Y
LP104302,Male,Yes,0,Not Graduate,Yes,2441,3033.0,53.0,360.0,1.0,Rural,Y
LP104303,Male,No,2,Not Graduate,No,5161,0.0,282.0,360.0,0.0,Urban,N
LP104304,Female,Yes,1,Not Graduate,No,9525,2510.0,142.0,240.0,1.0,Urban,Y
LP104305,Male,Yes,0,Not Graduate,No,6974,2719.0,177.0,300.0,1.0,Rural,Y
LP104306,Female,No,1,Not Graduate,Yes,6427,0.0,132.0,360.0,1.0,Urban,Y
LP104307,Male,Yes,3+,Graduate,No,3617,2217.0,150.0,84.0,1.0,Urban,Y
LP104308,Male,Yes,2,Graduate,No,5496,2744.0,202.0,120.0,0.0,Semiurban,Y
LP104309,Male,Yes,1,Graduate,No,2986,1111.0,156.0,180.0,1.0,Semiurban,Y
LP104310,Female,No,,Graduate,Yes,3811,0.0,95.0,360.0,1.0,Rural,Y
LP104311,Female,Yes,2,Graduate,No,6089,1685.0,543.0,12.0,1.0,Semiurban,Y
LP104312,Female,Yes,3+,Not Graduate,,1652,1579.0,142.0,480.0,1.0,Semiurban,Y
LP104313,Male,Yes,0,Graduate,No,13873,6608.0,119.0,240.0,1.0,Urban,Y
LP104314,Male,No,3+,Not Graduate,No,2207,0.0,,360.0,1.0,Semiurban,N
LP104315,Female,No,0,Graduate,No,15263,0.0,164.0,240.0,,Urban,Y
LP104316,Male,No,3+,Graduate,No,2971,0.0,116.0,360.0,1.0,Urban,Y
LP104317,Female,Yes,0,Not Graduate,No,2953,1122.0,39.0,360.0,0.0,Rural,N
LP104318,Female,Yes,3+,Graduate,Yes,3871,927.0,,300.0,0.0,Urban,N
LP104319,Female,Yes,3+,Graduate,No,3775,659.0,70.0,120.0,1.0,Semiurban,Y
LP104320,Female,Yes,0,Graduate,Yes,3418,3232.0,157.0,180.0,0.0,Rural,N
LP104321,Male,Yes,3+,Not Graduate,No,3934,2310.0,131.0,180.0,1.0,Urban,Y
LP104322,Male,No,0,Not Graduate,No,5192,0.0,90.0,180.0,1.0,Urban,Y
LP104323,Female,No,0,Not Graduate,No,2868,0.0,236.0,12.0,1.0,Semiurban,N
LP104324,Male,Yes,1,Not Graduate,No,8139,2195.0,128.0,360.0,1.0,Urban,Y
LP104325,,Yes,3+,Not Graduate,No,11468,370.0,107.0,360.0,1.0,Semiurban,Y
LP104326,Female,No,1,Graduate,No,1530,0.0,108.0,300.0,1.0,Urban,Y
LP104327,Male,Yes,1,Graduate,No,14961,1865.0,106.0,120.0,0.0,Rural,Y
LP104328,Female,Yes,2,Graduate,No,7812,341.0,182.0,36.0,0.0,Rural,N
LP104329,Male,Yes,3+,Graduate,No,5736,2165.0,84.0,240.0,1.0,Rural,Y
LP104330,Male,Yes,2,Not Graduate,Yes,3482,945.0,140.0,12.0,1.0,Urban,N
LP104331,Male,No,0,Graduate,No,5431,0.0,99.0,60.0,1.0,Urban,Y
LP104332,Male,Yes,0,Graduate,No,8420,2237.0,91.0,60.0,1.0,Urban,Y
LP104333,Male,Yes,0,Graduate,Yes,23528,1130.0,178.0,360.0,1.0,Semiurban,Y
LP104334,Male,Yes,2,Graduate,No,18309,4110.0,76.0,360.0,1.0,Urban,Y
LP104335,Female,No,0,Not Graduate,Yes,1964,0.0,183.0,180.0,1.0,Rural,N
LP104336,Female,Yes,0,Graduate,No,4338,2489.0,161.0,180.0,1.0,Semiurban,Y
LP104337,Male,Yes,3+,Not Graduate,No,5148,2844.0,297.0,240.0,1.0,Semiurban,Y
LP104338,Male,No,0,Graduate,No,11005,0.0,46.0,300.0,1.0,Semiurban,Y
LP104339,Female,No,1,Not Graduate,No,4673,0.0,247.0,360.0,1.0,Semiurban,Y
LP104340,Male,No,1,Graduate,No,3123,0.0,111.0,300.0,1.0,Urban,Y
LP104341,Male,No,0,Graduate,Yes,5075,0.0,45.0,120.0,1.0,Urban,Y
LP104342,Male,Yes,1,Not Graduate,No,3900,3551.0,90.0,120.0,1.0,Semiurban,Y
LP104343,Male,Yes,1,Graduate,No,8883,1040.0,182.0,60.0,1.0,Semiurban,Y
LP104344,Male,Yes,3+,Graduate,No,20589,743.0,127.0,360.0,1.0,Urban,Y
LP104345,Female,Yes,0,Graduate,No,8487,957.0,301.0,240.0,1.0,Rural,Y
LP104346,Male,No,1,Graduate,Yes,8695,0.0,109.0,360.0,1.0,Rural,Y
LP104347,Male,No,2,Not Graduate,No,10314,0.0,131.0,180.0,0.0,Urban,N
LP104348,Male,No,2,Graduate,No,6455,0.0,120.0,360.0,1.0,Semiurban,Y
LP104349,Male,Yes,2,Graduate,No,3869,617.0,72.0,300.0,1.0,Urban,Y
LP104350,Female,No,3+,Graduate,Yes,4104,0.0,131.0,360.0,1.0,Urban,N
LP104351,Female,No,2,Graduate,Yes,9486,0.0,117.0,300.0,0.0,Rural,N
LP104352,Female,Yes,1,Graduate,Yes,5845,3651.0,141.0,120.0,1.0,Rural,Y
LP104353,Male,No,2,Not Graduate,Yes,2726,0.0,139.0,360.0,1.0,Semiurban,Y
LP104354,Female,Yes,1,Graduate,No,10780,442.0,134.0,12.0,1.0,Rural,Y
LP104355,Female,Yes,0,Not Graduate,No,3088,927.0,142.0,300.0,1.0,Semiurban,Y
LP104356,Female,No,0,Graduate,Yes,2498,0.0,259.0,120.0,1.0,Semiurban,Y
LP104357,Male,No,0,Not Graduate,No,2904,0.0,74.0,240.0,0.0,Semiurban,N
LP104358,Male,Yes,0,Not Graduate,No,5906,4489.0,86.0,240.0,0.0,Urban,Y
LP104359,Male,Yes,0,Graduate,No,8809,1484.0,314.0,300.0,1.0,Urban,Y
LP104360,Female,No,0,Not Graduate,No,5726,0.0,287.0,240.0,0.0,Semiurban,N
LP104361,Male,No,3+,Graduate,,3518,0.0,156.0,360.0,1.0,Semiurban,Y
LP104362,Male,No,3+,Graduate,No,3026,0.0,452.0,120.0,1.0,Semiurban,N
LP104363,Female,Yes,1,Graduate,No,7806,2955.0,180.0,360.0,1.0,Semiurban,Y
LP104364,Female,Yes,2,Not Graduate,No,4648,565.0,413.0,360.0,0.0,Urban,N
LP104365,Female,Yes,0,Graduate,No,6030,2212.0,322.0,240.0,1.0,Urban,Y
LP104366,Male,Yes,3+,Graduate,No,4518,4247.0,356.0,300.0,1.0,Semiurban,Y
LP104367,Female,Yes,1,Not Graduate,Yes,5882,726.0,67.0,240.0,,Urban,Y
LP104368,Male,Yes,0,Graduate,No,6211,3508.0,200.0,360.0,1.0,Rural,Y
LP104369,Male,Yes,0,Graduate,Yes,21061,2164.0,127.0,300.0,0.0,Semiurban,Y
LP104370,Male,Yes,0,Not Graduate,No,6257,1257.0,60.0,360.0,0.0,Urban,N
LP104371,Male,No,,Graduate,No,3895,0.0,299.0,360.0,1.0,Semiurban,Y
LP104372,Male,Yes,0,Graduate,No,5460,2193.0,274.0,360.0,1.0,Semiurban,Y
LP104373,Female,Yes,0,Not Graduate,No,2780,2684.0,123.0,360.0,1.0,Semiurban,Y
LP104374,Male,Yes,,Graduate,No,2765,1402.0,92.0,180.0,1.0,Rural,Y
LP104375,,Yes,0,Graduate,Yes,10402,824.0,139.0,360.0,0.0,Semiurban,Y
LP104376,Male,Yes,3+,Graduate,No,5898,3327.0,45.0,360.0,1.0,Rural,Y
LP104377,Male,No,0,Not Graduate,No,9618,0.0,59.0,60.0,1.0,Rural,Y
LP104378,Male,No,,Graduate,No,1853,0.0,112.0,360.0,1.0,Urban,Y
LP104379,Male,Yes,2,Graduate,No,2737,6446.0,194.0,300.0,1.0,Urban,Y
LP104380,Male,Yes,3+,Graduate,Yes,5877,1073.0,120.0,120.0,1.0,Semiurban,Y
LP104381,Male,Yes,1,Graduate,Yes,2997,582.0,96.0,300.0,0.0,Semiurban,N
LP104382,Male,No,3+,Not Graduate,Yes,2091,0.0,81.0,360.0,1.0,Rural,N
LP104383,Male,Yes,0,Graduate,No,2572,1309.0,580.0,360.0,1.0,Rural,Y
LP104384,Male,Yes,0,Graduate,No,4053,3984.0,70.0,60.0,1.0,Semiurban,Y
LP104385,Female,No,0,Graduate,No,6297,0.0,44.0,300.0,1.0,Semiurban,Y
LP104386,Male,No,2,Graduate,No,13754,0.0,95.0,300.0,1.0,Semiurban,Y
LP104387,Female,No,1,Graduate,,2613,0.0,183.0,360.0,1.0,Urban,Y
LP104388,Female,No,2,Graduate,No,2695,0.0,143.0,360.0,1.0,Urban,N
LP104389,Female,No,0,Graduate,No,2057,0.0,85.0,360.0,1.0,Semiurban,Y
LP104390,Female,Yes,2,Graduate,,6931,1671.0,150.0,360.0,1.0,Semiurban,Y
LP104391,Male,Yes,0,Not Graduate,No,5296,390.0,261.0,360.0,0.0,Semiurban,N
LP104392,Female,No,1,Graduate,No,2754,0.0,151.0,300.0,1.0,Urban,Y
LP104393,Female,No,1,Graduate,No,2985,0.0,147.0,36.0,1.0,Urban,Y
LP104394,Male,No,2,Not Graduate,No,4562,0.0,147.0,300.0,1.0,Semiurban,Y
LP104395,Male,Yes,0,Graduate,No,4720,1634.0,85.0,120.0,1.0,Rural,Y
LP104396,Male,Yes,2,Graduate,No,2633,778.0,175.0,300.0,0.0,Rural,N
LP104397,Female,Yes,2,Not Graduate,No,5466,1402.0,250.0,360.0,1.0,Semiurban,Y
LP104398,Female,Yes,0,Graduate,No,2152,4360.0,302.0,360.0,1.0,Rural,Y
LP104399,Male,Yes,3+,Not Graduate,No,5061,2967.0,,300.0,1.0,Urban,Y
LP104400,Male,No,2,Not Graduate,No,4418,0.0,135.0,360.0,1.0,Rural,N
LP104401,Male,Yes,1,Graduate,No,6252,1721.0,414.0,84.0,0.0,Semiurban,N
LP104402,Male,No,0,Not Graduate,No,10165,0.0,144.0,360.0,1.0,Rural,Y
LP104403,Female,No,1,Graduate,No,3934,0.0,100.0,360.0,1.0,Urban,Y
LP104404,Male,Yes,0,Graduate,No,4915,4710.0,88.0,360.0,1.0,Rural,Y
LP104405,Male,Yes,1,Graduate,No,1500,3762.0,82.0,36.0,1.0,Semiurban,Y
LP104406,Male,Yes,1,Graduate,No,16043,850.0,99.0,180.0,1.0,Urban,Y
LP104407,Female,No,2,Graduate,No,1609,0.0,426.0,84.0,1.0,Urban,N
LP104408,Male,No,0,Graduate,No,4676,0.0,85.0,360.0,1.0,Urban,Y
LP104409,Female,No,2,Not Graduate,No,1500,0.0,335.0,360.0,1.0,Semiurban,Y
LP104410,Male,No,0,Graduate,Yes,2994,0.0,118.0,84.0,1.0,Urban,Y
LP104411,Male,Yes,1,Graduate,Yes,13922,1730.0,250.0,240.0,1.0,Semiurban,Y
LP104412,Male,No,2,Graduate,No,9767,0.0,70.0,300.0,1.0,Rural,Y
LP104413,Male,No,2,Graduate,No,8875,0.0,132.0,360.0,1.0,Rural,Y
LP104414,Male,No,0,Graduate,No,4378,0.0,50.0,180.0,1.0,Urban,Y
LP104415,Female,Yes,1,Not Graduate,Yes,13234,2716.0,136.0,180.0,1.0,Urban,Y
LP104416,Female,No,0,Graduate,No,5735,0.0,215.0,300.0,1.0,Semiurban,Y
LP104417,Female,Yes,1,Graduate,Yes,7434,539.0,239.0,300.0,1.0,Urban,Y
LP104418,Male,No,0,Graduate,No,24056,0.0,133.0,84.0,1.0,Rural,Y
LP104419,Female,Yes,2,Not Graduate,Yes,9454,2695.0,108.0,360.0,1.0,Semiurban,Y
LP104420,Male,Yes,1,Graduate,No,4725,1021.0,141.0,120.0,0.0,Semiurban,N
LP104421,Male,Yes,0,Graduate,Yes,6675,716.0,95.0,360.0,1.0,Urban,Y
LP104422,Male,Yes,0,Not Graduate,No,11412,4340.0,95.0,360.0,1.0,Semiurban,Y
LP104423,Male,Yes,0,Graduate,No,7140,833.0,105.0,480.0,1.0,Rural,Y
LP104424,Female,No,,Not Graduate,Yes,7862,0.0,,120.0,1.0,Semiurban,Y
LP104425,Male,Yes,1,Not Graduate,No,10644,1851.0,317.0,360.0,1.0,Rural,Y
LP104426,Male,Yes,1,Graduate,No,22428,2584.0,292.0,360.0,1.0,Urban,Y
LP104427,Male,Yes,2,Not Graduate,No,2804,837.0,,360.0,1.0,Urban,Y
LP104428,Male,Yes,0,Not Graduate,No,7489,1641.0,82.0,36.0,1.0,Rural,Y
LP104429,Male,Yes,3+,Graduate,No,6475,833.0,86.0,240.0,1.0,Semiurban,Y
LP104430,Male,Yes,0,Graduate,No,3899,1918.0,55.0,36.0,1.0,Urban,Y
LP104431,Female,Yes,0,Graduate,No,3332,2706.0,207.0,120.0,1.0,Urban,Y
LP104432,Female,No,2,Graduate,No,13243,0.0,58.0,360.0,1.0,Semiurban,Y
LP104433,Male,Yes,2,Graduate,No,2661,5978.0,34.0,240.0,1.0,Semiurban,Y
LP104434,Male,Yes,1,Graduate,No,2110,1464.0,207.0,360.0,0.0,Rural,N
LP104435,Male,Yes,2,Graduate,No,3505,1443.0,202.0,300.0,1.0,Urban,Y
LP104436,Female,No,3+,Not Graduate,No,1687,0.0,70.0,300.0,1.0,Semiurban,N
LP104437,Male,Yes,2,Not Graduate,Yes,2958,2864.0,161.0,360.0,1.0,Semiurban,Y
LP104438,Male,Yes,0,Graduate,No,2613,4864.0,60.0,240.0,1.0,Semiurban,Y
LP104439,Male,Yes,2,Graduate,No,5175,8621.0,126.0,36.0,1.0,Semiurban,Y
LP104440,Male,Yes,2,Graduate,Yes,11699,920.0,166.0,360.0,1.0,Semiurban,Y
LP104441,Male,Yes,2,Graduate,No,3451,3454.0,203.0,180.0,1.0,Urban,Y
LP104442,Female,Yes,2,Not Graduate,No,8259,1119.0,170.0,360.0,1.0,Semiurban,Y
LP104443,Male,Yes,3+,Graduate,No,7713,6315.0,43.0,360.0,1.0,Urban,Y
LP104444,Male,Yes,1,Graduate,No,1500,699.0,160.0,120.0,0.0,Urban,N
LP104445,Female,Yes,0,Graduate,Yes,3529,3767.0,496.0,120.0,1.0,Urban,N
LP104446,Female,No,1,Graduate,No,3922,0.0,169.0,300.0,1.0,Urban,Y
LP104447,Male,No,0,Graduate,,6178,0.0,58.0,240.0,1.0,Semiurban,Y
LP104448,Male,Yes,0,Graduate,No,6919,4986.0,87.0,180.0,1.0,Urban,Y
LP104449,Male,,1,Graduate,No,5993,1080.0,98.0,180.0,0.0,Semiurban,N
LP104450,Female,No,0,Graduate,No,2872,0.0,33.0,180.0,0.0,Rural,N
LP104451,Male,No,2,Graduate,No,3361,0.0,142.0,84.0,1.0,Urban,Y
LP104452,Female,Yes,2,Graduate,Yes,1994,1326.0,108.0,60.0,1.0,Urban,Y
LP104453,Female,No,1,Not Graduate,No,5114,0.0,111.0,360.0,0.0,Semiurban,N
LP104454,Male,Yes,3+,Graduate,No,3942,362.0,124.0,360.0,1.0,Urban,Y
LP104455,Male,Yes,0,Graduate,No,6765,4785.0,87.0,300.0,1.0,Semiurban,Y
LP104456,Male,Yes,2,Not Graduate,No,7466,5962.0,224.0,180.0,1.0,Urban,Y
LP104457,Male,Yes,2,Not Graduate,,4022,1117.0,149.0,360.0,1.0,Urban,Y
LP104458,Male,Yes,0,Graduate,No,5821,1430.0,97.0,84.0,0.0,Rural,N
LP104459,Female,Yes,0,Graduate,No,4317,3450.0,175.0,84.0,1.0,Urban,Y
LP104460,Female,No,0,Graduate,No,2519,0.0,166.0,120.0,0.0,Urban,N
LP104461,Male,Yes,2,Graduate,Yes,3040,7504.0,75.0,,1.0,Urban,Y
LP104462,Female,Yes,2,Graduate,No,1500,2972.0,121.0,360.0,1.0,Urban,Y
LP104463,Male,Yes,0,Not Graduate,No,3875,796.0,120.0,300.0,1.0,Urban,Y
LP104464,Male,Yes,1,Not Graduate,No,3442,3404.0,94.0,120.0,1.0,Urban,Y
LP104465,Male,Yes,0,Not Graduate,Yes,2547,1034.0,59.0,240.0,0.0,Semiurban,N
LP104466,Male,No,1,Graduate,No,8034,0.0,92.0,360.0,1.0,Semiurban,Y
LP104467,Female,Yes,3+,Not Graduate,No,6739,4402.0,287.0,300.0,1.0,Semiurban,Y
LP104468,Female,Yes,0,Graduate,No,6851,876.0,90.0,300.0,0.0,Semiurban,Y
LP104469,Male,No,3+,Graduate,No,7442,0.0,230.0,360.0,1.0,Rural,Y
LP104470,Male,Yes,2,Not Graduate,No,4909,678.0,131.0,240.0,,Rural,Y
LP104471,Male,No,3+,Graduate,No,4879,0.0,148.0,12.0,1.0,Semiurban,N
LP104472,Male,Yes,0,Graduate,No,8087,1167.0,64.0,360.0,1.0,Rural,Y
LP104473,Female,Yes,0,Not Graduate,Yes,7334,6661.0,269.0,360.0,1.0,Semiurban,Y
LP104474,Female,Yes,0,Graduate,No,9103,1856.0,462.0,360.0,1.0,Rural,Y
LP104475,Male,Yes,2,Graduate,No,4787,14991.0,88.0,360.0,1.0,Semiurban,Y
LP104476,Male,Yes,2,Graduate,No,2719,3881.0,293.0,240.0,1.0,Rural,Y
LP104477,Male,No,0,Not Graduate,No,5666,0.0,62.0,240.0,1.0,Semiurban,Y
LP104478,Male,No,2,Graduate,No,3473,0.0,130.0,120.0,0.0,Semiurban,N
LP104479,Male,No,0,Graduate,No,7274,0.0,66.0,360.0,1.0,Semiurban,Y
LP104480,Male,No,0,Graduate,Yes,5841,0.0,168.0,360.0,1.0,Rural,Y
LP104481,Female,Yes,1,Not Graduate,No,5068,1411.0,118.0,180.0,1.0,Rural,Y
LP104482,Female,Yes,0,Graduate,No,3884,1254.0,130.0,360.0,0.0,Urban,N
LP104483,Male,Yes,0,Graduate,Yes,8958,1748.0,295.0,360.0,0.0,Semiurban,N
LP104484,Male,No,1,Graduate,No,8555,0.0,,360.0,1.0,Urban,Y
LP104485,Male,Yes,3+,Graduate,,3511,1466.0,121.0,120.0,0.0,Urban,N
LP104486,Male,Yes,2,Graduate,No,2351,3550.0,260.0,360.0,1.0,Rural,Y
LP104487,Female,No,1,Graduate,,5473,0.0,267.0,480.0,1.0,Semiurban,Y
LP104488,Male,Yes,2,Graduate,No,10012,2587.0,261.0,240.0,1.0,Semiurban,Y
LP104489,Male,Yes,1,Not Graduate,Yes,2305,1275.0,146.0,240.0,1.0,Semiurban,Y
LP104490,Male,Yes,0,Not Graduate,Yes,6517,2214.0,163.0,300.0,0.0,Semiurban,N
LP104491,Female,Yes,2,Graduate,Yes,3003,3605.0,113.0,36.0,,Urban,Y
LP104492,Male,No,2,Graduate,,2670,0.0,544.0,180.0,1.0,Urban,N
LP104493,Male,No,2,Graduate,No,8593,0.0,170.0,240.0,0.0,Semiurban,N
LP104494,Male,Yes,2,Graduate,Yes,7260,1548.0,127.0,12.0,1.0,Urban,Y
LP104495,Female,Yes,2,Graduate,No,4485,8018.0,181.0,180.0,1.0,Urban,Y
LP104496,Female,No,,Graduate,No,7892,0.0,158.0,300.0,1.0,Urban,Y
LP104497,Male,Yes,3+,Graduate,No,7406,5201.0,462.0,12.0,1.0,Rural,Y
LP104498,Female,Yes,0,Graduate,No,2014,1896.0,132.0,300.0,1.0,Urban,Y
LP104499,Female,No,3+,Graduate,No,5169,0.0,212.0,360.0,1.0,Rural,Y
LP104500,Female,No,0,Graduate,No,11472,0.0,124.0,120.0,1.0,Semiurban,Y
LP104501,Male,Yes,0,Graduate,No,6530,1516.0,48.0,360.0,1.0,Urban,Y
LP104502,Male,Yes,2,Graduate,No,1500,1471.0,134.0,240.0,1.0,Semiurban,Y
LP104503,Male,No,1,Not Graduate,No,2585,0.0,224.0,240.0,0.0,Semiurban,N
LP104504,Female,No,2,Graduate,No,8932,0.0,145.0,300.0,1.0,Rural,Y
LP104505,Male,No,1,Graduate,No,3518,0.0,,240.0,1.0,Rural,Y
LP104506,Female,Yes,2,Not Graduate,Yes,9631,2738.0,347.0,360.0,0.0,Urban,N
LP104507,Male,No,0,Not Graduate,No,16775,0.0,65.0,120.0,1.0,Rural,Y
LP104508,Female,Yes,0,Not Graduate,No,4260,3726.0,84.0,360.0,1.0,Urban,Y
LP104509,Female,No,1,Graduate,Yes,3392,0.0,68.0,360.0,1.0,Urban,Y
LP104510,Male,Yes,2,Not Graduate,No,2687,483.0,72.0,360.0,1.0,Urban,N
LP104511,Female,Yes,2,Not Graduate,No,7746,7926.0,137.0,360.0,1.0,Semiurban,Y
LP104512,Male,No,1,Not Graduate,No,3423,0.0,193.0,360.0,1.0,Urban,N
LP104513,Female,Yes,3+,Graduate,No,3860,1792.0,94.0,300.0,0.0,Semiurban,N
LP104514,Male,Yes,2,Graduate,No,2527,4254.0,188.0,120.0,1.0,Rural,Y
LP104515,Male,No,3+,Not Graduate,Yes,3791,0.0,213.0,240.0,1.0,Rural,N
LP104516,Female,Yes,0,Not Graduate,No,3216,1241.0,110.0,360.0,1.0,Rural,Y
LP104517,Male,No,0,Not Graduate,Yes,1500,0.0,54.0,360.0,1.0,Urban,N
LP104518,Female,Yes,0,Not Graduate,Yes,2971,1083.0,333.0,360.0,0.0,Semiurban,N
LP104519,,Yes,0,Graduate,No,7690,1469.0,89.0,360.0,1.0,Rural,Y
LP104520,Male,No,1,Graduate,No,11041,0.0,35.0,300.0,1.0,Urban,Y
LP104521,Male,Yes,1,Not Graduate,No,4610,185.0,106.0,240.0,1.0,Rural,Y
LP104522,Male,No,1,Not Graduate,No,5015,0.0,190.0,240.0,1.0,Urban,Y
LP104523,Male,Yes,2,Not Graduate,Yes,5834,832.0,208.0,300.0,0.0,Semiurban,N
LP104524,Male,No,,Not Graduate,No,15955,0.0,67.0,360.0,1.0,Semiurban,Y
LP104525,Male,Yes,3+,Graduate,No,2681,1492.0,44.0,120.0,0.0,Rural,N
LP104526,Male,Yes,0,Graduate,No,2304,3004.0,161.0,120.0,1.0,Semiurban,Y
LP104527,Female,No,0,Not Graduate,No,4764,0.0,183.0,240.0,1.0,Rural,Y
LP104528,Female,Yes,0,Graduate,No,6226,656.0,262.0,360.0,1.0,Urban,Y
LP104529,Male,,0,Not Graduate,No,4817,0.0,245.0,360.0,1.0,Semiurban,N
LP104530,Female,No,1,Not Graduate,No,2167,0.0,146.0,360.0,1.0,Semiurban,N
LP104531,Male,No,1,Graduate,No,8357,0.0,77.0,300.0,1.0,Semiurban,Y
LP104532,Female,No,0,Not Graduate,Yes,4523,0.0,100.0,360.0,,Semiurban,N
LP104533,Female,Yes,2,Graduate,No,6854,3772.0,116.0,120.0,1.0,Rural,Y
LP104534,Female,Yes,2,Not Graduate,Yes,12477,2098.0,77.0,360.0,1.0,Urban,Y
LP104535,Male,Yes,0,Graduate,No,2042,407.0,256.0,240.0,1.0,Urban,Y
LP104536,Female,Yes,1,Not Graduate,No,1752,897.0,248.0,180.0,1.0,Rural,N
LP104537,Male,Yes,3+,Not Graduate,No,6900,1755.0,58.0,84.0,1.0,Semiurban,Y
LP104538,Female,Yes,1,Graduate,No,1500,809.0,110.0,240.0,0.0,Semiurban,N
LP104539,Male,Yes,0,Not Graduate,No,3866,1929.0,462.0,36.0,1.0,Urban,Y
LP104540,Male,Yes,0,Not Graduate,No,3488,924.0,269.0,240.0,1.0,Urban,Y
LP104541,Female,Yes,0,Not Graduate,No,6099,1624.0,150.0,300.0,,Urban,N
LP104542,Female,No,0,Not Graduate,Yes,3295,0.0,259.0,240.0,1.0,Urban,N
LP104543,Male,Yes,2,Graduate,No,6602,1977.0,361.0,360.0,1.0,Semiurban,Y
LP104544,Female,Yes,0,Graduate,No,2591,5725.0,142.0,180.0,1.0,Semiurban,Y
LP104545,Male,No,0,Graduate,No,2332,0.0,59.0,60.0,0.0,Rural,N
LP104546,Male,Yes,0,Not Graduate,Yes,4971,761.0,224.0,120.0,1.0,Urban,Y
LP104547,Male,No,2,Graduate,Yes,5235,0.0,232.0,360.0,1.0,Urban,Y
LP104548,Male,Yes,0,Graduate,No,5867,4650.0,73.0,360.0,1.0,Semiurban,Y
LP104549,Male,Yes,0,Graduate,No,11941,1044.0,157.0,300.0,1.0,Urban,Y
LP104550,Male,No,1,Graduate,No,10597,0.0,83.0,300.0,0.0,Rural,Y
LP104551,Male,No,1,Not Graduate,No,6444,0.0,50.0,360.0,1.0,Semiurban,Y
LP104552,Male,Yes,0,Graduate,No,7987,3176.0,153.0,120.0,1.0,Rural,Y
LP104553,Male,No,0,Not Graduate,,5751,0.0,320.0,120.0,1.0,Urban,Y
LP104554,Female,Yes,2,Graduate,No,9973,2715.0,162.0,84.0,0.0,Urban,Y
LP104555,Female,Yes,3+,Not Graduate,No,6113,1063.0,149.0,240.0,1.0,Urban,Y
LP104556,Male,Yes,0,Graduate,No,3528,1204.0,60.0,180.0,1.0,Urban,Y
LP104557,Male,Yes,0,Graduate,No,3129,2984.0,195.0,360.0,1.0,Semiurban,Y
LP104558,Male,Yes,0,Graduate,Yes,9804,618.0,96.0,12.0,1.0,Rural,Y
LP104559,Male,No,2,Graduate,No,4403,0.0,84.0,300.0,1.0,Urban,Y
LP104560,Female,Yes,1,Graduate,No,15523,1169.0,227.0,360.0,1.0,Urban,Y
LP104561,Male,Yes,2,Graduate,No,2533,3895.0,64.0,360.0,1.0,Urban,Y
LP104562,Male,Yes,2,Graduate,No,10413,4719.0,118.0,360.0,1.0,Semiurban,Y
LP104563,Male,No,3+,Graduate,No,3805,0.0,67.0,60.0,1.0,Semiurban,Y
LP104564,Male,No,3+,Graduate,No,6275,0.0,112.0,120.0,1.0,Semiurban,Y
LP104565,Female,No,2,Graduate,No,2250,0.0,36.0,480.0,1.0,Semiurban,Y
LP104566,Female,No,1,Not Graduate,No,1630,0.0,185.0,180.0,0.0,Semiurban,N
LP104567,Male,No,0,Not Graduate,No,11944,0.0,169.0,60.0,1.0,Semiurban,Y
LP104568,Male,No,1,Graduate,Yes,3777,0.0,495.0,360.0,1.0,Rural,N
LP104569,Female,No,1,Graduate,No,8877,0.0,155.0,240.0,0.0,Semiurban,N
LP104570,Female,Yes,2,Graduate,No,3314,4050.0,78.0,180.0,1.0,Urban,Y
LP104571,Male,Yes,0,Graduate,No,8884,1472.0,243.0,120.0,1.0,Urban,Y
LP104572,Male,Yes,2,Not Graduate,No,3800,1023.0,240.0,240.0,1.0,Urban,Y
LP104573,Male,Yes,1,Graduate,No,2377,1275.0,294.0,240.0,0.0,Semiurban,N
LP104574,Male,Yes,2,Graduate,Yes,7243,1242.0,41.0,360.0,1.0,Urban,Y
LP104575,Male,Yes,0,Graduate,No,8662,2683.0,88.0,120.0,1.0,Urban,Y
LP104576,Male,No,1,Not Graduate,No,7217,0.0,77.0,60.0,1.0,Semiurban,Y
LP104577,Male,Yes,0,Graduate,No,4505,3489.0,336.0,180.0,0.0,Semiurban,N
LP104578,Male,No,3+,Not Graduate,No,1721,0.0,217.0,300.0,0.0,Urban,N
LP104579,Female,No,1,Not Graduate,No,2587,0.0,264.0,240.0,1.0,Semiurban,Y
LP104580,Male,No,0,Graduate,No,3225,0.0,70.0,180.0,1.0,Semiurban,Y
LP104581,Male,No,0,Graduate,No,4209,0.0,145.0,240.0,1.0,Urban,Y
LP104582,Male,No,2,Graduate,No,9686,0.0,50.0,360.0,1.0,Rural,Y
LP104583,Male,Yes,0,Graduate,No,4580,1222.0,69.0,360.0,1.0,Urban,Y
LP104584,Female,Yes,3+,Graduate,No,1500,1711.0,144.0,300.0,1.0,Semiurban,Y
LP104585,Male,Yes,1,Graduate,No,1500,476.0,153.0,240.0,1.0,Rural,Y
LP104586,Male,No,0,Graduate,No,3239,0.0,170.0,60.0,1.0,Semiurban,Y
LP104587,Female,No,2,Graduate,No,3611,0.0,90.0,360.0,1.0,Semiurban,Y
LP104588,Male,No,0,Not Graduate,No,6083,0.0,173.0,84.0,1.0,Rural,Y
LP104589,Female,Yes,2,Not Graduate,Yes,2055,904.0,134.0,120.0,,Urban,Y
LP104590,Male,Yes,0,Graduate,No,2143,4513.0,344.0,300.0,1.0,Urban,Y
LP104591,Male,Yes,3+,Graduate,Yes,6452,1469.0,103.0,120.0,1.0,Semiurban,Y
LP104592,Male,Yes,2,Graduate,No,10943,3332.0,44.0,360.0,1.0,Rural,Y
LP104593,Male,Yes,2,Not Graduate,No,1513,2461.0,194.0,300.0,1.0,Semiurban,Y
LP104594,Female,Yes,0,Not Graduate,No,3098,2122.0,164.0,300.0,1.0,Rural,Y
LP104595,Female,No,0,Graduate,No,9573,0.0,78.0,360.0,0.0,Urban,N
LP104596,Male,Yes,2,Graduate,No,8602,2688.0,110.0,360.0,1.0,Rural,Y
LP104597,Male,Yes,2,Graduate,Yes,2820,1285.0,150.0,360.0,1.0,Rural,Y
LP104598,Female,No,0,Graduate,No,9856,0.0,106.0,360.0,0.0,Semiurban,N
LP104599,Female,Yes,1,Not Graduate,No,5048,4380.0,68.0,180.0,1.0,Rural,Y
LP104600,Male,Yes,0,Graduate,No,7302,5185.0,119.0,60.0,1.0,Urban,Y
LP104601,Male,Yes,2,Not Graduate,No,3221,1275.0,228.0,300.0,1.0,Rural,Y
LP104602,Male,Yes,0,Graduate,Yes,5857,2435.0,108.0,300.0,1.0,Rural,Y
LP104603,Female,Yes,0,Not Graduate,No,2441,2885.0,152.0,84.0,1.0,Urban,Y
LP104604,Male,Yes,0,Graduate,No,3538,2186.0,120.0,360.0,1.0,Semiurban,Y
LP104605,,Yes,1,Graduate,No,4112,3330.0,64.0,300.0,1.0,Semiurban,Y
LP104606,Female,Yes,0,Not Graduate,No,5345,3360.0,125.0,300.0,0.0,Urban,N
LP104607,Male,Yes,3+,Not Graduate,,20825,7864.0,102.0,240.0,1.0,Urban,Y
LP104608,Male,No,0,Not Graduate,No,22831,0.0,211.0,360.0,1.0,Urban,Y
LP104609,Male,Yes,3+,Not Graduate,No,3894,1584.0,281.0,60.0,1.0,Semiurban,N
LP104610,Male,No,1,Not Graduate,No,11941,0.0,227.0,120.0,1.0,Semiurban,Y
LP104611,Male,Yes,1,Graduate,Yes,2526,2569.0,86.0,360.0,1.0,Rural,Y
LP104612,Male,Yes,0,Not Graduate,No,6245,1568.0,66.0,36.0,0.0,Urban,N
LP104613,Male,No,2,Not Graduate,No,3257,0.0,54.0,360.0,0.0,Semiurban,N
LP104614,Male,Yes,2,Graduate,No,3749,1500.0,148.0,180.0,1.0,Urban,Y
LP104615,Female,Yes,1,Graduate,No,24256,1747.0,87.0,300.0,1.0,Semiurban,Y
LP104616,,No,0,Not Graduate,No,3896,0.0,68.0,300.0,1.0,Rural,N
LP104617,Male,Yes,3+,Not Graduate,No,3327,1928.0,435.0,360.0,1.0,Urban,N
LP104618,Male,No,3+,Graduate,Yes,2696,0.0,179.0,120.0,1.0,Urban,N
LP104619,Male,No,1,Not Graduate,No,3097,0.0,164.0,360.0,1.0,Semiurban,Y
LP104620,Male,Yes,2,Not Graduate,No,2094,2418.0,159.0,360.0,1.0,Urban,Y
LP104621,Male,Yes,1,Graduate,,5617,7254.0,354.0,120.0,1.0,Semiurban,Y
LP104622,Female,Yes,0,Not Graduate,No,5557,9969.0,121.0,360.0,1.0,Urban,Y
LP104623,Male,No,0,Graduate,No,6018,0.0,194.0,84.0,1.0,Urban,Y
LP104624,Male,No,1,Graduate,No,4881,0.0,230.0,180.0,1.0,Semiurban,Y
LP104625,Male,No,2,Graduate,No,3496,0.0,409.0,240.0,1.0,Rural,N
LP104626,Female,Yes,0,Not Graduate,No,3313,1939.0,134.0,180.0,1.0,Semiurban,Y
LP104627,Male,No,1,Graduate,No,5406,0.0,281.0,360.0,1.0,Urban,Y
LP104628,Male,Yes,3+,Not Graduate,No,4765,1708.0,44.0,180.0,1.0,Urban,N
LP104629,Male,Yes,0,Graduate,No,3356,273.0,478.0,360.0,1.0,Rural,Y
LP104630,Female,No,0,Not Graduate,Yes,4138,0.0,173.0,60.0,1.0,Rural,N
LP104631,Female,Yes,2,Not Graduate,No,12377,542.0,,180.0,1.0,Urban,Y
LP104632,Male,No,0,Not Graduate,No,16028,0.0,62.0,360.0,1.0,Rural,Y
LP104633,Male,Yes,0,Not Graduate,Yes,4306,1168.0,59.0,240.0,1.0,Rural,Y
LP104634,Male,No,1,Not Graduate,No,3164,0.0,91.0,300.0,0.0,Urban,N
LP104635,Male,Yes,1,Graduate,No,4789,779.0,135.0,360.0,1.0,Semiurban,Y
LP104636,Female,Yes,3+,Graduate,No,9715,692.0,115.0,60.0,1.0,Semiurban,Y
LP104637,Female,Yes,2,Graduate,No,4787,1077.0,105.0,360.0,1.0,Urban,Y
LP104638,Female,Yes,1,Not Graduate,No,6081,1343.0,119.0,60.0,1.0,Urban,Y
LP104639,Female,Yes,1,Graduate,No,3312,1424.0,33.0,300.0,1.0,Urban,Y
LP104640,Male,No,3+,Graduate,No,2440,0.0,173.0,360.0,1.0,Rural,N
LP104641,Male,Yes,0,Not Graduate,No,7761,3181.0,121.0,120.0,1.0,Rural,Y
LP104642,Female,Yes,0,Not Graduate,No,5524,806.0,237.0,360.0,1.0,Urban,Y
LP104643,Male,Yes,3+,Not Graduate,No,7284,898.0,100.0,300.0,1.0,Semiurban,Y
LP104644,Female,Yes,3+,Graduate,No,1760,6848.0,107.0,120.0,1.0,Semiurban,Y
LP104645,Male,No,0,Graduate,No,14758,0.0,147.0,360.0,,Semiurban,Y
LP104646,Male,No,0,Graduate,Yes,5717,0.0,202.0,360.0,1.0,Semiurban,Y
LP104647,Female,Yes,1,Graduate,No,1661,663.0,267.0,360.0,0.0,Semiurban,N
LP104648,Male,Yes,0,Graduate,Yes,8885,1213.0,131.0,240.0,1.0,Urban,Y
LP104649,Female,No,2,Graduate,No,3928,0.0,173.0,300.0,1.0,Urban,Y
LP104650,Female,Yes,0,Graduate,No,5005,3119.0,136.0,360.0,1.0,Semiurban,Y
LP104651,Female,Yes,0,Graduate,No,3689,286.0,112.0,180.0,1.0,Semiurban,Y
LP104652,Female,Yes,1,Graduate,No,4634,835.0,42.0,360.0,1.0,Semiurban,Y
LP104653,Male,Yes,3+,Graduate,Yes,4776,7630.0,151.0,360.0,1.0,Semiurban,Y
LP104654,Female,Yes,1,Not Graduate,No,1804,1831.0,77.0,180.0,1.0,Rural,N
LP104655,Male,Yes,1,Not Graduate,No,8262,1900.0,226.0,84.0,1.0,Semiurban,Y
LP104656,Male,Yes,3+,Not Graduate,No,5259,1151.0,79.0,120.0,1.0,Rural,Y
LP104657,Male,Yes,1,Graduate,,6423,3398.0,95.0,36.0,1.0,Urban,Y
LP104658,Male,Yes,1,Not Graduate,No,8019,427.0,82.0,360.0,1.0,Rural,Y
LP104659,Male,Yes,1,Not Graduate,No,5284,1286.0,,360.0,1.0,Urban,Y
LP104660,Male,Yes,0,Graduate,No,5994,342.0,111.0,360.0,1.0,Semiurban,Y
LP104661,Male,Yes,1,Graduate,Yes,2033,1779.0,188.0,360.0,1.0,Semiurban,Y
LP104662,Female,No,1,Graduate,No,2986,0.0,27.0,60.0,1.0,Urban,Y
LP104663,Male,Yes,0,Not Graduate,No,5171,490.0,444.0,360.0,1.0,Rural,Y
LP104664,Female,No,0,Graduate,No,5494,0.0,73.0,300.0,1.0,Urban,Y
LP104665,Female,Yes,0,Not Graduate,No,6250,3140.0,212.0,240.0,1.0,Semiurban,Y
LP104666,Female,No,1,Graduate,Yes,11425,0.0,181.0,120.0,1.0,Rural,Y
LP104667,Male,Yes,,Not Graduate,No,4644,541.0,205.0,300.0,1.0,Urban,Y
LP104668,Female,Yes,0,Not Graduate,,6110,810.0,82.0,360.0,,Rural,Y
LP104669,Male,No,,Not Graduate,No,5091,0.0,109.0,60.0,1.0,Semiurban,Y
LP104670,Female,Yes,1,Graduate,No,4230,3457.0,170.0,480.0,1.0,Rural,Y
LP104671,Male,No,0,Graduate,No,4330,0.0,134.0,360.0,1.0,Semiurban,Y
LP104672,Female,Yes,2,Not Graduate,Yes,3069,1492.0,77.0,360.0,1.0,Semiurban,N
LP104673,Female,No,0,Not Graduate,No,4581,0.0,189.0,240.0,1.0,Urban,Y
LP104674,Male,No,2,Graduate,No,4309,0.0,528.0,360.0,1.0,Semiurban,N
LP104675,Male,No,2,Not Graduate,Yes,4487,0.0,104.0,84.0,1.0,Urban,N
LP104676,Female,Yes,2,Graduate,No,1728,2114.0,179.0,360.0,1.0,Semiurban,Y
LP104677,Male,Yes,2,Graduate,No,4631,13739.0,153.0,360.0,,Urban,Y
LP104678,Female,No,0,Graduate,No,2903,0.0,107.0,300.0,1.0,Urban,Y
LP104679,,No,2,Not Graduate,Yes,4735,0.0,217.0,360.0,1.0,Urban,N
LP104680,Male,No,0,Graduate,Yes,2548,0.0,216.0,240.0,1.0,Rural,N
LP104681,Female,Yes,0,Not Graduate,Yes,5064,879.0,96.0,360.0,1.0,Semiurban,Y
LP104682,Female,No,3+,Graduate,No,4112,0.0,317.0,60.0,1.0,Semiurban,N
LP104683,Female,Yes,1,Not Graduate,No,3375,4315.0,135.0,360.0,1.0,Rural,Y
LP104684,Male,Yes,3+,Not Graduate,No,5846,2825.0,256.0,180.0,1.0,Semiurban,Y
LP104685,Female,Yes,0,Graduate,No,6156,1223.0,,360.0,0.0,Urban,N
LP104686,Male,Yes,1,Graduate,No,4771,3536.0,137.0,36.0,1.0,Semiurban,Y
LP104687,Male,No,0,Graduate,No,6913,0.0,133.0,180.0,1.0,Rural,Y
LP104688,Female,Yes,2,Not Graduate,No,3835,2116.0,201.0,120.0,1.0,Urban,Y
LP104689,Male,Yes,0,Graduate,No,6247,1329.0,69.0,480.0,1.0,Semiurban,Y
LP104690,Male,Yes,0,Graduate,No,4791,273.0,167.0,120.0,1.0,Semiurban,Y
LP104691,Male,Yes,0,Graduate,No,2698,686.0,294.0,240.0,0.0,Semiurban,N
LP104692,Female,Yes,2,Graduate,No,3038,1787.0,182.0,,1.0,Rural,Y
LP104693,Male,Yes,0,Graduate,Yes,9889,3285.0,47.0,480.0,1.0,Urban,Y
LP104694,Female,Yes,2,Not Graduate,No,12654,1839.0,58.0,360.0,1.0,Urban,Y
LP104695,Male,No,,Graduate,No,7539,0.0,135.0,240.0,1.0,Rural,Y
LP104696,Male,No,0,Graduate,No,3463,0.0,83.0,360.0,0.0,Semiurban,N
LP104697,Female,Yes,1,Not Graduate,No,11575,2251.0,229.0,360.0,1.0,Urban,Y
LP104698,Male,Yes,3+,Graduate,No,7097,4015.0,101.0,360.0,1.0,Urban,Y
LP104699,Male,Yes,0,Not Graduate,No,6011,2862.0,,300.0,1.0,Rural,Y
LP104700,Male,No,0,Not Graduate,No,14844,0.0,429.0,300.0,0.0,Urban,N
LP104701,Male,Yes,2,Graduate,No,2933,3092.0,136.0,360.0,0.0,Semiurban,N
LP104702,Female,Yes,0,Graduate,No,7814,3900.0,73.0,12.0,1.0,Urban,Y
LP104703,Male,Yes,2,Graduate,No,3014,5542.0,170.0,240.0,0.0,Rural,N
LP104704,Female,No,0,Graduate,No,3415,0.0,159.0,480.0,1.0,Semiurban,Y
LP104705,Male,Yes,1,Graduate,No,23417,1352.0,156.0,360.0,1.0,Semiurban,Y
LP104706,Male,Yes,0,Not Graduate,No,6643,3656.0,305.0,240.0,1.0,Semiurban,Y
LP104707,Female,No,1,Graduate,No,14905,0.0,65.0,120.0,1.0,Rural,Y
LP104708,Male,No,2,Not Graduate,Yes,6810,0.0,244.0,240.0,1.0,Rural,Y
LP104709,Male,No,2,Graduate,No,6256,0.0,93.0,300.0,0.0,Rural,N
LP104710,Male,Yes,1,Not Graduate,No,3375,1278.0,307.0,360.0,,Rural,Y
LP104711,Male,No,3+,Not Graduate,No,8836,0.0,37.0,480.0,1.0,Semiurban,Y
LP104712,Male,No,0,Not Graduate,No,4989,0.0,512.0,300.0,1.0,Semiurban,N
LP104713,Male,No,0,Graduate,No,5157,0.0,114.0,240.0,1.0,Rural,Y
LP104714,Male,No,,Graduate,No,4202,0.0,64.0,180.0,1.0,Semiurban,Y
LP104715,Male,No,2,Graduate,No,4626,0.0,231.0,360.0,1.0,Rural,Y
LP104716,Male,Yes,0,Not Graduate,No,4988,2094.0,182.0,300.0,1.0,Urban,Y
LP104717,Male,Yes,2,Not Graduate,Yes,5290,866.0,176.0,360.0,1.0,Semiurban,Y
LP104718,Male,No,1,Graduate,No,4767,0.0,234.0,180.0,1.0,Semiurban,Y
LP104719,Female,Yes,2,Not Graduate,No,1931,1632.0,137.0,240.0,1.0,Rural,Y
LP104720,Female,Yes,2,Not Graduate,No,6803,9865.0,112.0,360.0,0.0,Urban,Y
LP104721,Male,Yes,1,Graduate,No,4565,635.0,66.0,180.0,1.0,Rural,Y
LP104722,Female,No,0,Graduate,No,1500,0.0,125.0,180.0,1.0,Urban,Y
LP104723,Male,Yes,2,Not Graduate,No,1895,796.0,98.0,300.0,1.0,Semiurban,Y
LP104724,Male,No,2,Graduate,No,3699,0.0,133.0,300.0,1.0,Semiurban,Y
LP104725,Male,Yes,0,Not Graduate,No,10584,897.0,143.0,60.0,1.0,Semiurban,Y
LP104726,Male,Yes,1,Not Graduate,No,7077,1595.0,380.0,480.0,1.0,Semiurban,Y
LP104727,Male,Yes,3+,Graduate,No,3254,5693.0,85.0,180.0,1.0,Rural,Y
LP104728,Male,Yes,0,Graduate,Yes,4383,4627.0,123.0,,1.0,Urban,Y
LP104729,Male,Yes,0,Graduate,No,9535,1253.0,103.0,180.0,1.0,Semiurban,Y
LP104730,Female,Yes,0,Not Graduate,No,3395,1460.0,57.0,240.0,1.0,Urban,Y
LP104731,Male,Yes,1,Graduate,No,2561,2901.0,700.0,180.0,1.0,Rural,N
LP104732,Male,No,3+,Graduate,No,8335,0.0,76.0,120.0,1.0,Semiurban,Y
LP104733,Female,Yes,2,Not Graduate,No,9601,1086.0,167.0,300.0,1.0,Semiurban,Y
LP104734,Male,No,0,Graduate,No,3418,0.0,372.0,360.0,0.0,Semiurban,N
LP104735,Male,Yes,2,Not Graduate,No,6585,6612.0,63.0,360.0,1.0,Semiurban,Y
LP104736,Female,Yes,2,Graduate,No,4796,4216.0,227.0,240.0,0.0,Urban,N
LP104737,Female,Yes,1,Graduate,Yes,3448,5352.0,53.0,84.0,1.0,Rural,Y
LP104738,Female,No,0,Graduate,No,9909,0.0,82.0,360.0,1.0,Semiurban,Y
LP104739,Female,,2,Graduate,No,3299,0.0,188.0,240.0,1.0,Semiurban,Y
LP104740,Female,No,1,Not Graduate,No,7735,0.0,114.0,84.0,1.0,Semiurban,Y
LP104741,Female,Yes,0,Graduate,No,5119,344.0,321.0,240.0,1.0,Rural,Y
LP104742,Male,No,1,Graduate,No,4431,0.0,145.0,360.0,0.0,Urban,N
LP104743,Male,Yes,3+,Graduate,No,3522,2712.0,183.0,180.0,0.0,Urban,N
LP104744,Male,Yes,0,Graduate,No,2719,3549.0,88.0,120.0,1.0,Semiurban,Y
LP104745,Male,Yes,3+,Graduate,No,4230,2196.0,,180.0,1.0,Semiurban,Y
LP104746,,Yes,0,Graduate,No,3613,1015.0,67.0,300.0,1.0,Urban,Y
LP104747,Male,Yes,2,Not Graduate,No,5195,3052.0,76.0,360.0,1.0,Semiurban,Y
LP104748,Male,No,0,Graduate,No,2395,0.0,88.0,84.0,1.0,Urban,Y
LP104749,Male,Yes,0,Graduate,No,4487,747.0,268.0,120.0,1.0,Rural,Y
LP104750,Female,Yes,1,Graduate,No,6270,2952.0,171.0,240.0,0.0,Semiurban,Y
LP104751,Male,Yes,1,Graduate,No,3281,674.0,62.0,84.0,1.0,Urban,Y
LP104752,Female,No,2,Graduate,No,7666,0.0,104.0,480.0,1.0,Urban,Y
LP104753,Male,Yes,2,Graduate,No,8182,827.0,131.0,360.0,0.0,Rural,N
LP104754,Male,Yes,1,Graduate,No,2382,2070.0,700.0,60.0,,Semiurban,Y
LP104755,Male,No,3+,Graduate,No,3118,0.0,134.0,360.0,1.0,Rural,N
LP104756,Male,Yes,1,Graduate,Yes,2198,2954.0,176.0,180.0,,Urban,Y
LP104757,Female,Yes,,Graduate,Yes,6335,1136.0,74.0,240.0,1.0,Rural,Y
LP104758,Female,Yes,0,Graduate,No,5306,1580.0,206.0,240.0,0.0,Semiurban,Y
LP104759,Male,Yes,1,Graduate,No,1880,3255.0,307.0,60.0,1.0,Urban,Y
LP104760,Male,No,2,Not Graduate,No,3323,0.0,122.0,360.0,1.0,Semiurban,N
LP104761,Male,Yes,0,Not Graduate,No,5913,871.0,194.0,120.0,1.0,Semiurban,Y
LP104762,Female,Yes,0,Not Graduate,No,5259,1082.0,189.0,120.0,1.0,Urban,Y
LP104763,Female,Yes,0,Graduate,No,10158,1111.0,140.0,360.0,1.0,Rural,Y
LP104764,Male,Yes,1,Not Graduate,No,2462,1852.0,291.0,60.0,0.0,Semiurban,N
LP104765,Male,No,0,Graduate,No,4888,0.0,83.0,240.0,1.0,Urban,Y
LP104766,Female,Yes,0,Not Graduate,No,2694,1581.0,79.0,300.0,1.0,Rural,Y
LP104767,Male,Yes,1,Graduate,No,5250,953.0,134.0,84.0,1.0,Semiurban,Y
LP104768,Male,No,2,Graduate,No,4408,0.0,107.0,240.0,1.0,Semiurban,Y
LP104769,Male,No,0,Graduate,No,5785,0.0,23.0,240.0,,Rural,Y
LP104770,Male,No,1,Graduate,No,3844,0.0,86.0,240.0,1.0,Semiurban,Y
LP104771,Female,Yes,0,Graduate,No,7765,1276.0,37.0,180.0,1.0,Semiurban,Y
LP104772,Female,No,3+,Graduate,No,3200,0.0,110.0,240.0,1.0,Urban,N
LP104773,Male,Yes,0,Graduate,No,2672,4768.0,206.0,240.0,1.0,Semiurban,Y
LP104774,Male,Yes,3+,Not Graduate,No,5625,1706.0,138.0,84.0,1.0,Semiurban,Y
LP104775,Male,Yes,3+,Not Graduate,No,14947,1799.0,145.0,120.0,1.0,Semiurban,Y
LP104776,Male,No,2,Graduate,No,1972,0.0,122.0,360.0,1.0,Semiurban,Y
LP104777,Male,Yes,0,Graduate,No,2473,4256.0,152.0,360.0,,Semiurban,Y
LP104778,Male,Yes,1,Graduate,,5647,1082.0,700.0,480.0,1.0,Semiurban,Y
LP104779,Male,Yes,0,Graduate,No,9665,4256.0,108.0,300.0,1.0,Semiurban,Y
LP104780,Male,Yes,3+,Graduate,No,5906,1578.0,133.0,84.0,0.0,Urban,N
LP104781,Male,No,2,Graduate,Yes,3412,0.0,79.0,360.0,0.0,Urban,N
LP104782,Male,Yes,3+,Not Graduate,No,6324,5132.0,42.0,360.0,1.0,Semiurban,Y
LP104783,Male,Yes,2,Graduate,No,6699,1024.0,157.0,36.0,1.0,Urban,Y
LP104784,Male,No,1,Graduate,No,3267,0.0,264.0,36.0,,Urban,N
LP104785,Female,Yes,1,Graduate,No,8061,1332.0,540.0,360.0,1.0,Urban,Y
LP104786,Male,No,1,Graduate,No,4814,0.0,119.0,36.0,0.0,Urban,N
LP104787,Male,No,1,Not Graduate,Yes,1720,0.0,114.0,240.0,1.0,Urban,N
LP104788,Female,No,2,Graduate,No,4532,0.0,235.0,240.0,1.0,Urban,Y
LP104789,Female,No,3+,Graduate,No,3493,0.0,375.0,84.0,1.0,Urban,N
LP104790,Male,Yes,1,Not Graduate,No,10752,2756.0,63.0,360.0,1.0,Urban,Y
LP104791,Female,Yes,3+,Graduate,No,2214,1710.0,200.0,84.0,,Urban,Y
LP104792,Male,Yes,3+,Graduate,Yes,3678,1060.0,402.0,180.0,1.0,Urban,N
LP104793,Male,Yes,1,Graduate,No,5734,2978.0,115.0,360.0,1.0,Rural,Y
LP104794,Male,Yes,0,Graduate,No,20982,5351.0,67.0,360.0,1.0,Urban,Y
LP104795,Female,Yes,2,Graduate,Yes,15882,493.0,215.0,300.0,0.0,Semiurban,Y
LP104796,Female,No,1,Not Graduate,No,4783,0.0,59.0,36.0,1.0,Urban,N
LP104797,Male,Yes,,Graduate,Yes,6060,2723.0,274.0,360.0,1.0,Urban,Y
LP104798,Male,Yes,1,Graduate,Yes,7052,674.0,443.0,360.0,1.0,Semiurban,Y
LP104799,Male,Yes,3+,Not Graduate,Yes,2677,1597.0,99.0,84.0,1.0,Semiurban,N
LP104800,Male,Yes,0,Graduate,No,4944,4996.0,363.0,480.0,1.0,Urban,Y
LP104801,Male,No,2,Not Graduate,No,11089,0.0,196.0,240.0,1.0,Urban,Y
LP104802,Female,Yes,2,Graduate,Yes,5350,2742.0,308.0,240.0,0.0,Urban,N
LP104803,Female,Yes,2,Not Graduate,No,15833,3287.0,90.0,,1.0,Rural,Y
LP104804,Female,Yes,1,Not Graduate,No,3761,2344.0,195.0,360.0,1.0,Urban,Y
LP104805,Female,Yes,2,Not Graduate,No,4660,1380.0,155.0,300.0,1.0,Urban,Y
LP104806,Male,Yes,1,Graduate,Yes,4682,3912.0,83.0,300.0,1.0,Rural,Y
LP104807,Female,No,0,Graduate,No,2251,0.0,108.0,,1.0,Urban,Y
LP104808,Male,Yes,3+,Graduate,No,9543,1588.0,189.0,360.0,1.0,Urban,Y
LP104809,Male,Yes,1,Not Graduate,No,4022,480.0,68.0,360.0,0.0,Urban,N
LP104810,Male,Yes,2,Graduate,Yes,5738,1233.0,65.0,360.0,1.0,Urban,Y
LP104811,Male,No,1,Not Graduate,No,3432,0.0,62.0,60.0,0.0,Urban,N
LP104812,Male,No,0,Graduate,No,13836,0.0,84.0,180.0,1.0,Rural,Y
LP104813,Male,Yes,3+,Graduate,No,10296,3786.0,159.0,84.0,0.0,Rural,N
LP104814,Female,Yes,2,Graduate,No,5089,1273.0,99.0,360.0,0.0,Semiurban,Y
LP104815,Male,No,0,Graduate,No,2357,0.0,289.0,360.0,1.0,Semiurban,Y
LP104816,Male,No,3+,Not Graduate,Yes,7679,0.0,56.0,36.0,1.0,Semiurban,Y
LP104817,Female,No,2,Graduate,No,9412,0.0,182.0,360.0,1.0,Semiurban,Y
LP104818,Male,No,1,Not Graduate,No,2817,0.0,107.0,240.0,1.0,Semiurban,Y
LP104819,Male,Yes,2,Graduate,No,4509,284.0,126.0,300.0,1.0,Semiurban,Y
LP104820,Male,Yes,,Not Graduate,No,5146,1223.0,202.0,300.0,1.0,Urban,Y
LP104821,Male,No,1,Not Graduate,No,9435,0.0,27.0,120.0,1.0,Urban,Y
LP104822,Male,No,0,Graduate,No,4488,0.0,37.0,240.0,1.0,Rural,Y
LP104823,Male,Yes,1,Graduate,No,8753,1637.0,129.0,240.0,1.0,Urban,Y
LP104824,Male,Yes,1,Graduate,No,3091,1362.0,117.0,360.0,1.0,Rural,Y
LP104825,Male,No,3+,Graduate,No,2609,0.0,57.0,360.0,1.0,Semiurban,Y
LP104826,Male,Yes,2,Not Graduate,Yes,14748,747.0,447.0,360.0,1.0,Semiurban,Y
LP104827,Male,No,0,Not Graduate,No,2236,0.0,67.0,360.0,,Urban,Y
LP104828,Male,Yes,3+,Not Graduate,No,3131,711.0,97.0,360.0,1.0,Urban,Y
LP104829,Female,Yes,,Not Graduate,No,7871,921.0,267.0,60.0,1.0,Semiurban,Y
LP104830,Male,Yes,2,Graduate,No,3574,1541.0,89.0,180.0,1.0,Semiurban,Y
LP104831,Male,Yes,0,Graduate,No,3517,4094.0,79.0,240.0,0.0,Semiurban,N
LP104832,Female,Yes,3+,Not Graduate,No,4365,2510.0,169.0,300.0,1.0,Semiurban,Y
LP104833,Male,Yes,3+,Graduate,Yes,1500,2954.0,85.0,360.0,1.0,Urban,Y
LP104834,Male,No,2,Not Graduate,No,9627,0.0,170.0,300.0,1.0,Semiurban,Y
LP104835,Male,No,3+,Not Graduate,No,5461,0.0,182.0,360.0,1.0,Rural,Y
LP104836,Female,Yes,0,Graduate,No,3020,782.0,168.0,360.0,0.0,Rural,N
LP104837,Female,Yes,,Graduate,Yes,1754,1152.0,272.0,360.0,1.0,Semiurban,Y
LP104838,Male,Yes,1,Not Graduate,No,2166,910.0,106.0,84.0,1.0,Urban,Y
LP104839,Female,Yes,0,Graduate,No,1888,1622.0,99.0,120.0,0.0,Urban,N
LP104840,Male,Yes,2,Not Graduate,No,5632,1300.0,127.0,360.0,1.0,Semiurban,Y
LP104841,Male,Yes,2,Graduate,No,5666,850.0,24.0,300.0,1.0,Semiurban,Y
LP104842,Male,Yes,0,Graduate,No,7096,3786.0,152.0,300.0,1.0,Semiurban,Y
LP104843,Male,Yes,0,Graduate,No,7627,4009.0,110.0,360.0,1.0,Semiurban,Y
LP104844,Female,Yes,0,Not Graduate,No,7164,2087.0,168.0,240.0,1.0,Rural,Y
LP104845,Male,No,1,Graduate,Yes,12365,0.0,78.0,36.0,0.0,Urban,N
LP104846,Male,Yes,0,Graduate,No,10068,1992.0,,180.0,1.0,Rural,Y
LP104847,Female,No,0,Graduate,No,8734,0.0,118.0,180.0,0.0,Urban,N
LP104848,Male,No,1,Graduate,,5665,0.0,221.0,300.0,1.0,Urban,Y
LP104849,Male,No,3+,Graduate,,7573,0.0,99.0,12.0,1.0,Rural,Y
LP104850,Male,No,2,Graduate,No,3841,0.0,177.0,480.0,0.0,Rural,N
LP104851,Female,Yes,0,Graduate,Yes,4304,3008.0,52.0,60.0,1.0,Semiurban,Y
LP104852,Female,Yes,3+,Graduate,No,13805,3703.0,35.0,180.0,1.0,Rural,Y
LP104853,Male,Yes,2,Graduate,Yes,3518,2115.0,118.0,,1.0,Rural,Y
LP104854,Female,No,1,Graduate,Yes,3366,0.0,132.0,480.0,1.0,Semiurban,Y
LP104855,Male,No,1,Graduate,No,3955,0.0,126.0,300.0,1.0,Semiurban,Y
LP104856,Female,No,1,Graduate,No,3534,0.0,112.0,240.0,1.0,Urban,Y
LP104857,Male,Yes,0,Graduate,No,3719,3211.0,105.0,120.0,1.0,Urban,Y
LP104858,Male,No,1,Not Graduate,No,5683,0.0,201.0,360.0,1.0,Semiurban,Y
LP104859,Female,Yes,1,Graduate,Yes,5796,2378.0,391.0,60.0,1.0,Semiurban,Y
LP104860,Male,Yes,1,Graduate,No,8490,2368.0,634.0,60.0,1.0,Semiurban,Y
LP104861,Male,No,2,Graduate,Yes,18266,0.0,258.0,60.0,0.0,Semiurban,N
LP104862,Male,Yes,1,Not Graduate,Yes,3940,617.0,34.0,300.0,1.0,Rural,Y
LP104863,Female,No,2,Not Graduate,No,4725,0.0,252.0,360.0,1.0,Semiurban,N
LP104864,Male,Yes,1,Graduate,No,1631,1265.0,250.0,300.0,1.0,Rural,Y
LP104865,Male,No,3+,Not Graduate,No,2263,0.0,126.0,240.0,1.0,Rural,N
LP104866,,Yes,1,Graduate,Yes,4501,1043.0,234.0,180.0,1.0,Semiurban,Y
LP104867,Male,No,3+,Graduate,No,6490,0.0,166.0,300.0,1.0,Urban,Y
LP104868,Male,No,2,Graduate,No,6600,0.0,133.0,300.0,1.0,Urban,Y
LP104869,Female,No,2,Graduate,No,7117,0.0,156.0,84.0,1.0,Semiurban,Y
LP104870,Female,Yes,2,Graduate,No,10451,2653.0,96.0,12.0,1.0,Semiurban,Y
LP104871,Male,No,0,Graduate,No,13676,0.0,44.0,360.0,1.0,Semiurban,Y
LP104872,Male,Yes,3+,Graduate,No,4246,4788.0,43.0,360.0,1.0,Rural,Y
LP104873,Male,Yes,0,Not Graduate,No,3037,1187.0,232.0,360.0,,Semiurban,Y
LP104874,Male,Yes,,Graduate,No,7280,442.0,72.0,240.0,1.0,Urban,Y
LP104875,Female,No,0,Graduate,No,8606,0.0,53.0,120.0,1.0,Rural,Y
LP104876,Male,Yes,1,Graduate,No,5332,923.0,52.0,360.0,1.0,Urban,Y
LP104877,Male,No,2,Graduate,No,4414,0.0,100.0,360.0,0.0,Urban,N
LP104878,Female,No,3+,Graduate,Yes,3631,0.0,333.0,360.0,1.0,Urban,N
LP104879,Male,Yes,1,Graduate,No,4791,1093.0,123.0,480.0,,Urban,Y
LP104880,Male,No,3+,Graduate,No,7435,0.0,56.0,84.0,1.0,Rural,Y
LP104881,Male,Yes,1,Graduate,No,3291,751.0,326.0,180.0,1.0,Semiurban,Y
LP104882,Female,No,0,Not Graduate,No,3039,0.0,163.0,240.0,1.0,Semiurban,Y
LP104883,Female,Yes,,Graduate,No,7042,5382.0,109.0,300.0,1.0,Semiurban,Y
LP104884,Male,Yes,2,Graduate,No,2954,1611.0,179.0,60.0,1.0,Semiurban,Y
LP104885,Female,Yes,0,Graduate,No,5381,3856.0,135.0,180.0,1.0,Semiurban,Y
LP104886,Male,Yes,1,Not Graduate,No,5213,552.0,87.0,360.0,1.0,Rural,Y
LP104887,Male,Yes,0,Graduate,No,4915,388.0,96.0,36.0,1.0,Semiurban,Y
LP104888,Male,Yes,1,Graduate,No,3342,848.0,63.0,360.0,0.0,Rural,N
LP104889,Male,Yes,2,Graduate,No,13909,3058.0,101.0,120.0,1.0,Rural,Y
LP104890,Male,Yes,1,Graduate,No,6241,1434.0,234.0,180.0,1.0,Urban,Y
LP104891,Male,Yes,0,Graduate,No,3609,3683.0,230.0,360.0,1.0,Semiurban,Y
LP104892,Male,No,0,Graduate,Yes,5994,0.0,120.0,360.0,1.0,Rural,Y
LP104893,Male,Yes,1,Graduate,No,14754,840.0,121.0,120.0,0.0,Rural,Y
LP104894,Male,No,0,Graduate,No,5185,0.0,72.0,240.0,1.0,Urban,Y
LP104895,Female,Yes,1,Graduate,No,12332,5488.0,170.0,180.0,,Urban,Y
LP104896,Male,No,2,Not Graduate,Yes,2468,0.0,58.0,300.0,1.0,Semiurban,Y
LP104897,Male,No,0,Graduate,No,2949,0.0,221.0,360.0,1.0,Urban,Y
LP104898,Male,Yes,1,Not Graduate,No,1500,409.0,172.0,180.0,1.0,Urban,Y
LP104899,Male,No,1,Graduate,No,16082,0.0,114.0,300.0,1.0,Urban,Y
LP104900,Female,Yes,0,Not Graduate,No,1770,1301.0,174.0,300.0,0.0,Urban,N
LP104901,Male,No,1,Graduate,,5456,0.0,109.0,240.0,1.0,Semiurban,Y
LP104902,Male,No,0,Graduate,No,13940,0.0,150.0,300.0,0.0,Rural,N
LP104903,Female,Yes,1,Not Graduate,Yes,8801,2521.0,152.0,120.0,,Urban,Y
LP104904,Male,No,2,Not Graduate,No,6159,0.0,270.0,36.0,1.0,Semiurban,Y
LP104905,Male,Yes,0,Graduate,No,10613,2382.0,180.0,60.0,1.0,Semiurban,Y
LP104906,Male,Yes,2,Not Graduate,No,3291,1254.0,251.0,480.0,1.0,Rural,N
LP104907,Female,Yes,1,Not Graduate,No,6705,2408.0,170.0,60.0,1.0,Semiurban,Y
LP104908,Male,No,0,Graduate,No,4593,0.0,129.0,240.0,1.0,Urban,Y
LP104909,Male,No,2,Not Graduate,Yes,4537,0.0,182.0,360.0,1.0,Rural,N
LP104910,Male,No,1,Graduate,No,5510,0.0,165.0,360.0,1.0,Rural,Y
LP104911,Male,Yes,1,Graduate,No,9948,4610.0,108.0,180.0,1.0,Semiurban,Y
LP104912,Male,Yes,2,Graduate,No,12580,926.0,57.0,360.0,0.0,Urban,Y
LP104913,Male,No,2,Graduate,No,4187,0.0,98.0,360.0,1.0,Urban,Y
LP104914,Male,Yes,3+,Not Graduate,No,2557,1106.0,97.0,360.0,1.0,Urban,Y
LP104915,Female,Yes,2,Graduate,Yes,3005,614.0,187.0,360.0,1.0,Urban,Y
LP104916,Female,Yes,3+,Graduate,,15814,1108.0,129.0,240.0,1.0,Urban,Y
LP104917,Male,Yes,0,Not Graduate,No,11949,1560.0,82.0,300.0,0.0,Urban,N
LP104918,Female,Yes,1,Not Graduate,No,2553,628.0,121.0,360.0,0.0,Urban,N
LP104919,Male,No,0,Graduate,No,13314,0.0,110.0,360.0,1.0,Semiurban,Y
LP104920,Male,Yes,0,Graduate,No,3206,531.0,77.0,240.0,1.0,Semiurban,Y
LP104921,Male,Yes,1,Not Graduate,Yes,7322,1172.0,323.0,360.0,1.0,Urban,Y
LP104922,Female,Yes,2,Graduate,No,3205,864.0,120.0,480.0,1.0,Rural,Y
LP104923,Female,Yes,1,Graduate,No,17992,5340.0,83.0,360.0,0.0,Semiurban,Y
LP104924,Male,Yes,2,Graduate,No,3490,541.0,49.0,,1.0,Urban,Y
LP104925,Female,Yes,1,Graduate,No,2617,3498.0,141.0,,0.0,Urban,N
LP104926,Male,No,1,Graduate,No,3737,0.0,183.0,300.0,0.0,Urban,N
LP104927,Female,Yes,0,Graduate,No,23768,666.0,90.0,360.0,1.0,Semiurban,Y
LP104928,Female,No,1,Not Graduate,Yes,5746,0.0,146.0,180.0,1.0,Urban,Y
LP104929,Male,No,0,Graduate,Yes,2652,0.0,69.0,240.0,1.0,Urban,Y
LP104930,Female,Yes,2,Graduate,Yes,3062,2886.0,117.0,120.0,1.0,Semiurban,Y
LP104931,Male,Yes,0,Graduate,No,1722,1079.0,257.0,360.0,1.0,Semiurban,Y
LP104932,Male,No,0,Graduate,No,6795,0.0,116.0,360.0,1.0,Urban,Y
LP104933,Male,Yes,2,Graduate,No,2320,1879.0,91.0,300.0,1.0,Semiurban,Y
LP104934,Male,Yes,1,Graduate,No,9541,2594.0,300.0,360.0,1.0,Urban,Y
LP104935,Female,Yes,1,Graduate,No,7895,893.0,151.0,360.0,1.0,Semiurban,Y
LP104936,Female,Yes,0,Not Graduate,No,4628,1490.0,99.0,360.0,1.0,Urban,Y
LP104937,Male,Yes,1,Not Graduate,Yes,10318,1974.0,79.0,300.0,1.0,Semiurban,Y
LP104938,Female,No,2,Graduate,No,8564,0.0,67.0,240.0,1.0,Semiurban,Y
LP104939,Female,No,3+,Graduate,No,5399,0.0,173.0,360.0,1.0,Urban,Y
LP104940,Male,Yes,2,Not Graduate,Yes,3099,9641.0,212.0,60.0,,Urban,N
LP104941,Female,Yes,0,Not Graduate,No,6298,2862.0,134.0,300.0,0.0,Urban,N
LP104942,Male,Yes,2,Not Graduate,Yes,6276,3235.0,119.0,360.0,1.0,Urban,Y
LP104943,Female,Yes,0,Graduate,No,6600,2202.0,191.0,360.0,1.0,Urban,Y
LP104944,Male,Yes,0,Not Graduate,Yes,5153,2770.0,57.0,480.0,1.0,Urban,Y
LP104945,Male,Yes,0,Graduate,No,5980,2119.0,140.0,240.0,1.0,Urban,Y
LP104946,Male,Yes,2,Graduate,No,5891,7740.0,135.0,240.0,1.0,Urban,Y
LP104947,Male,Yes,2,Graduate,Yes,11128,1723.0,172.0,60.0,1.0,Rural,Y
LP104948,Male,Yes,2,Graduate,No,2288,3515.0,178.0,240.0,1.0,Rural,Y
LP104949,Male,No,2,Graduate,Yes,2694,0.0,105.0,120.0,1.0,Urban,N
LP104950,Male,Yes,0,Graduate,,5141,3048.0,408.0,240.0,1.0,Semiurban,Y
LP104951,Female,No,1,Not Graduate,No,3115,0.0,70.0,12.0,1.0,Rural,N
LP104952,Male,Yes,2,Graduate,No,5577,1005.0,100.0,240.0,,Semiurban,N
LP104953,Male,Yes,2,Not Graduate,No,2520,1216.0,224.0,,1.0,Rural,Y
LP104954,Male,Yes,2,Graduate,No,2770,2473.0,91.0,360.0,1.0,Rural,Y
LP104955,Male,Yes,0,Graduate,Yes,16920,7535.0,143.0,180.0,0.0,Rural,Y
LP104956,Female,Yes,2,Graduate,No,4282,2930.0,97.0,180.0,1.0,Urban,Y
LP104957,Female,No,1,Graduate,No,2433,0.0,106.0,180.0,1.0,Urban,Y
LP104958,Male,No,2,Not Graduate,Yes,4587,0.0,61.0,84.0,1.0,Urban,N
LP104959,Male,Yes,1,Graduate,No,9153,1604.0,211.0,480.0,1.0,Semiurban,Y
LP104960,Female,Yes,3+,Graduate,No,10130,618.0,214.0,360.0,1.0,Semiurban,Y
LP104961,Male,Yes,0,Not Graduate,Yes,2045,1253.0,214.0,360.0,1.0,Urban,Y
LP104962,Female,Yes,2,Graduate,Yes,3101,1210.0,103.0,360.0,1.0,Urban,Y
LP104963,Male,Yes,1,Graduate,No,5617,16688.0,163.0,300.0,1.0,Semiurban,Y
LP104964,Female,Yes,0,Graduate,No,4815,3795.0,444.0,360.0,1.0,Urban,Y
LP104965,Male,Yes,0,Graduate,Yes,1881,766.0,159.0,180.0,1.0,Semiurban,Y
LP104966,Male,Yes,2,Not Graduate,No,2073,515.0,67.0,240.0,1.0,Semiurban,Y
LP104967,Female,Yes,0,Graduate,No,2590,635.0,80.0,240.0,0.0,Semiurban,N
LP104968,Male,Yes,0,Graduate,No,1698,5602.0,,360.0,1.0,Urban,Y
LP104969,Male,Yes,3+,Graduate,Yes,3732,614.0,296.0,36.0,1.0,Rural,N
LP104970,Male,No,2,Not Graduate,,10063,0.0,170.0,60.0,1.0,Urban,Y
LP104971,Male,Yes,0,Not Graduate,No,3296,2190.0,52.0,,1.0,Rural,Y
LP104972,Male,No,1,Graduate,No,9408,0.0,293.0,360.0,,Rural,N
LP104973,Male,No,1,Graduate,No,5003,0.0,188.0,360.0,0.0,Semiurban,N
LP104974,Male,No,2,Graduate,No,4402,0.0,149.0,360.0,1.0,Semiurban,Y
LP104975,Male,No,2,Graduate,No,1809,0.0,333.0,360.0,0.0,Urban,N
LP104976,Female,No,2,Graduate,No,9915,0.0,117.0,360.0,1.0,Rural,Y
LP104977,Male,No,0,Not Graduate,Yes,5270,0.0,304.0,360.0,,Urban,Y
LP104978,Male,Yes,2,Not Graduate,No,1881,3081.0,35.0,360.0,1.0,Semiurban,Y
LP104979,Female,Yes,0,Graduate,No,6180,5915.0,86.0,84.0,1.0,Urban,Y
LP104980,Male,No,0,Graduate,No,3454,0.0,215.0,360.0,1.0,Rural,Y
LP104981,Male,No,2,Graduate,No,5098,0.0,367.0,300.0,1.0,Rural,Y
LP104982,Male,No,0,Not Graduate,No,5676,0.0,64.0,360.0,0.0,Semiurban,N
LP104983,Male,No,1,Not Graduate,No,10192,0.0,104.0,360.0,1.0,Semiurban,Y
LP104984,Male,No,2,Graduate,No,2498,0.0,148.0,240.0,1.0,Urban,Y
LP104985,,No,1,Graduate,No,6926,0.0,76.0,,,Semiurban,Y
LP104986,Male,No,0,Graduate,No,10905,0.0,114.0,120.0,1.0,Rural,Y
LP104987,Male,Yes,2,Graduate,Yes,22298,2960.0,,240.0,1.0,Semiurban,Y
LP104988,Male,No,3+,Graduate,No,9225,0.0,72.0,360.0,1.0,Semiurban,Y
LP104989,Male,No,2,Graduate,No,6104,0.0,116.0,60.0,1.0,Rural,Y
LP104990,Male,No,1,Graduate,Yes,5796,0.0,158.0,360.0,1.0,Urban,Y
LP104991,Female,No,0,Graduate,Yes,12472,0.0,177.0,360.0,0.0,Rural,N
LP104992,Male,Yes,0,Graduate,No,4138,571.0,79.0,360.0,1.0,Semiurban,Y
LP104993,Male,Yes,2,Graduate,No,7923,730.0,120.0,12.0,1.0,Urban,Y
LP104994,Male,No,0,Not Graduate,No,18333,0.0,112.0,360.0,1.0,Semiurban,Y
LP104995,Male,Yes,3+,Graduate,No,4602,6058.0,161.0,360.0,,Rural,Y
LP104996,Male,Yes,1,Not Graduate,No,1500,1642.0,66.0,480.0,1.0,Semiurban,Y
LP104997,Male,Yes,1,Graduate,No,2932,1649.0,287.0,36.0,0.0,Semiurban,N
LP104998,Female,No,2,Graduate,No,5860,0.0,156.0,300.0,1.0,Rural,Y
LP104999,Male,No,2,Graduate,Yes,2974,0.0,254.0,360.0,1.0,Rural,Y
LP105000,Female,No,2,Graduate,No,3990,0.0,95.0,360.0,1.0,Rural,Y
LP105001,Male,Yes,3+,Graduate,No,4117,1228.0,64.0,360.0,1.0,Urban,Y
LP105002,Male,Yes,3+,Graduate,No,6881,3166.0,75.0,360.0,1.0,Semiurban,Y
LP105003,Male,Yes,3+,Not Graduate,Yes,2786,627.0,204.0,36.0,1.0,Rural,N
LP105004,Male,Yes,2,Not Graduate,No,3462,7149.0,103.0,360.0,,Semiurban,Y
LP105005,Male,No,2,Not Graduate,Yes,11432,0.0,50.0,360.0,1.0,Semiurban,Y
LP105006,Male,Yes,2,Graduate,No,3680,772.0,149.0,180.0,1.0,Semiurban,Y
LP105007,Male,Yes,0,Graduate,No,7596,10968.0,110.0,360.0,1.0,Urban,Y
LP105008,Female,Yes,0,Graduate,No,4956,1960.0,112.0,300.0,1.0,Urban,Y
LP105009,Female,Yes,0,Not Graduate,No,4847,1066.0,48.0,360.0,1.0,Urban,Y
LP105010,Male,No,0,Not Graduate,No,7653,0.0,54.0,300.0,0.0,Semiurban,N
LP105011,Male,Yes,1,Not Graduate,Yes,1607,1275.0,96.0,84.0,1.0,Urban,Y
LP105012,Male,No,0,Graduate,No,6412,0.0,76.0,360.0,0.0,Rural,N
LP105013,Male,Yes,3+,Graduate,No,6847,2668.0,95.0,360.0,,Urban,Y
LP105014,Male,Yes,2,Graduate,Yes,8176,2339.0,221.0,360.0,1.0,Urban,Y
LP105015,Male,Yes,0,Graduate,No,3923,433.0,70.0,360.0,1.0,Rural,Y
LP105016,Male,Yes,0,Graduate,Yes,4916,2020.0,77.0,300.0,1.0,Semiurban,Y
LP105017,Male,,,Graduate,No,1500,0.0,97.0,360.0,1.0,Urban,Y
LP105018,Female,Yes,2,Graduate,No,3288,2389.0,75.0,120.0,1.0,Rural,Y
LP105019,Female,Yes,3+,Graduate,No,5460,1851.0,118.0,300.0,1.0,Semiurban,Y
LP105020,Female,Yes,3+,Graduate,No,11877,676.0,248.0,360.0,1.0,Semiurban,Y
LP105021,Male,Yes,3+,Not Graduate,No,14875,865.0,113.0,360.0,0.0,Rural,N
LP105022,Male,No,1,Graduate,Yes,4001,0.0,156.0,360.0,1.0,Urban,Y
LP105023,Male,Yes,0,Graduate,No,8303,972.0,33.0,360.0,,Semiurban,Y
LP105024,Male,Yes,2,Graduate,No,4499,1014.0,141.0,36.0,1.0,Rural,Y
LP105025,Male,No,0,Graduate,Yes,1863,0.0,325.0,120.0,0.0,Semiurban,N
LP105026,Female,Yes,2,Graduate,No,7065,683.0,142.0,360.0,1.0,Rural,Y
LP105027,Male,Yes,1,Not Graduate,No,14746,3002.0,145.0,60.0,1.0,Urban,Y
LP105028,Male,Yes,2,Graduate,No,3909,655.0,159.0,480.0,1.0,Urban,Y
LP105029,Male,Yes,0,Graduate,Yes,2851,4303.0,344.0,300.0,0.0,Semiurban,N
LP105030,Male,No,1,Graduate,No,5117,0.0,302.0,360.0,1.0,Semiurban,Y
LP105031,Male,Yes,1,Graduate,No,4565,1445.0,72.0,36.0,1.0,Urban,Y
LP105032,Male,No,3+,Graduate,No,23529,0.0,276.0,240.0,1.0,Urban,Y
LP105033,Male,Yes,0,Graduate,No,8986,3403.0,306.0,180.0,0.0,Rural,N
LP105034,Male,No,3+,Graduate,No,5311,0.0,48.0,84.0,1.0,Rural,Y
LP105035,Female,Yes,2,Not Graduate,No,1500,1030.0,136.0,360.0,1.0,Urban,Y
LP105036,Male,No,2,Graduate,No,4509,0.0,184.0,480.0,1.0,Semiurban,Y
LP105037,Female,Yes,2,Not Graduate,No,14933,2090.0,25.0,180.0,1.0,Semiurban,Y
LP105038,Male,Yes,2,Graduate,Yes,5156,1577.0,89.0,360.0,1.0,Rural,Y
LP105039,Male,No,0,Graduate,Yes,8047,0.0,87.0,12.0,1.0,Semiurban,Y
LP105040,Male,No,0,Graduate,No,6217,0.0,91.0,360.0,1.0,Rural,Y
LP105041,Male,Yes,3+,Not Graduate,No,3670,1800.0,251.0,300.0,1.0,Rural,N
LP105042,Male,Yes,2,Not Graduate,Yes,13558,611.0,129.0,240.0,1.0,Semiurban,Y
LP105043,Female,Yes,0,Graduate,No,5504,967.0,172.0,240.0,1.0,Urban,Y
LP105044,Female,No,2,Graduate,No,3215,0.0,141.0,360.0,1.0,Semiurban,Y
LP105045,Male,No,1,Not Graduate,Yes,4978,0.0,590.0,300.0,1.0,Rural,N
LP105046,Male,Yes,0,Not Graduate,Yes,11574,800.0,244.0,300.0,1.0,Semiurban,Y
LP105047,Female,No,1,Graduate,,2022,0.0,132.0,480.0,1.0,Rural,Y
LP105048,Male,No,0,Graduate,Yes,5780,0.0,114.0,360.0,1.0,Rural,Y
LP105049,Male,Yes,0,Not Graduate,No,5136,922.0,88.0,120.0,1.0,Urban,Y
LP105050,Male,No,1,Graduate,No,1950,0.0,74.0,360.0,1.0,Semiurban,Y
LP105051,Female,Yes,1,Not Graduate,No,7785,7481.0,65.0,300.0,1.0,Semiurban,Y
LP105052,Female,No,0,Graduate,No,5732,0.0,242.0,12.0,0.0,Urban,N
LP105053,Male,Yes,1,Not Graduate,No,8325,4097.0,78.0,360.0,1.0,Semiurban,Y
LP105054,Female,Yes,0,Graduate,No,9728,667.0,197.0,240.0,1.0,Urban,Y
LP105055,Female,Yes,0,Graduate,Yes,4753,978.0,99.0,480.0,1.0,Rural,Y
LP105056,Male,Yes,0,Graduate,No,3521,961.0,85.0,300.0,0.0,Rural,N
LP105057,Male,No,0,Not Graduate,No,2090,0.0,110.0,180.0,1.0,Urban,Y
LP105058,Male,Yes,0,Not Graduate,No,3338,439.0,393.0,360.0,0.0,Semiurban,N
LP105059,Female,Yes,2,Not Graduate,No,4947,2110.0,700.0,180.0,0.0,Semiurban,N
LP105060,Male,No,1,Not Graduate,No,2756,0.0,107.0,36.0,1.0,Semiurban,Y
LP105061,Female,Yes,0,Graduate,No,6974,848.0,102.0,84.0,1.0,Semiurban,Y
LP105062,Male,Yes,0,Graduate,No,2858,996.0,238.0,360.0,1.0,Urban,Y
LP105063,Female,No,0,Graduate,No,1706,0.0,147.0,120.0,0.0,Urban,N
LP105064,Male,No,2,Not Graduate,No,3474,0.0,90.0,180.0,1.0,Urban,N
LP105065,Male,Yes,1,Graduate,No,5489,4131.0,180.0,120.0,1.0,Rural,Y
LP105066,Female,Yes,0,Graduate,No,2308,4478.0,212.0,180.0,,Semiurban,Y
LP105067,Female,No,1,Graduate,No,2884,0.0,116.0,360.0,1.0,Rural,Y
LP105068,Female,Yes,,Graduate,No,3367,1712.0,118.0,300.0,1.0,Semiurban,Y
LP105069,Male,Yes,0,Not Graduate,No,3643,811.0,375.0,120.0,1.0,Semiurban,Y
LP105070,Female,Yes,2,Not Graduate,No,5876,6013.0,82.0,180.0,1.0,Rural,Y
LP105071,Male,Yes,1,Graduate,,7206,2237.0,97.0,240.0,1.0,Rural,Y
LP105072,Male,No,0,Not Graduate,No,3697,0.0,101.0,480.0,1.0,Urban,Y
LP105073,Male,No,2,Graduate,No,2634,0.0,,120.0,0.0,Urban,N
LP105074,Male,No,2,Graduate,No,5334,0.0,41.0,360.0,1.0,Urban,Y
LP105075,Male,No,2,Not Graduate,No,6705,0.0,219.0,360.0,1.0,Rural,Y
LP105076,Female,Yes,0,Graduate,No,12942,5029.0,131.0,360.0,1.0,Rural,Y
LP105077,Male,Yes,1,Graduate,No,9776,617.0,398.0,360.0,1.0,Urban,Y
LP105078,Female,No,1,Not Graduate,No,2309,0.0,166.0,84.0,1.0,Urban,Y
LP105079,Male,Yes,2,Not Graduate,No,4516,4350.0,36.0,36.0,1.0,Semiurban,Y
LP105080,Male,Yes,1,Not Graduate,No,6462,855.0,353.0,300.0,1.0,Semiurban,Y
LP105081,,No,0,Not Graduate,No,2950,0.0,116.0,240.0,,Semiurban,Y
LP105082,Female,Yes,2,Graduate,No,3982,2855.0,39.0,360.0,1.0,Rural,Y
LP105083,Female,Yes,2,Graduate,,7364,3167.0,105.0,360.0,1.0,Semiurban,Y
LP105084,Female,No,1,Not Graduate,No,5710,0.0,137.0,360.0,1.0,Urban,Y
LP105085,Female,No,3+,Graduate,No,4919,0.0,71.0,300.0,1.0,Urban,N
LP105086,Male,Yes,2,Graduate,No,3320,2555.0,53.0,180.0,0.0,Urban,N
LP105087,Male,No,0,Graduate,Yes,2064,0.0,160.0,120.0,,Urban,Y
LP105088,Female,Yes,3+,Not Graduate,No,4074,1018.0,63.0,240.0,1.0,Rural,Y
LP105089,Male,Yes,1,Graduate,No,4652,2373.0,72.0,36.0,1.0,Urban,Y
LP105090,Male,No,2,Not Graduate,Yes,2036,0.0,303.0,300.0,1.0,Semiurban,N
LP105091,Male,No,2,Graduate,No,5058,0.0,110.0,180.0,1.0,Semiurban,Y
LP105092,Male,Yes,1,Graduate,No,6218,1040.0,64.0,36.0,1.0,Urban,Y
LP105093,Male,Yes,1,Not Graduate,No,3244,2750.0,78.0,300.0,1.0,Urban,Y
LP105094,Male,Yes,3+,Graduate,Yes,6260,5462.0,169.0,360.0,0.0,Semiurban,Y
LP105095,Male,Yes,0,Graduate,No,5798,1623.0,172.0,84.0,1.0,Rural,Y
LP105096,Male,Yes,0,Not Graduate,Yes,4094,1951.0,200.0,360.0,1.0,Urban,Y
LP105097,Male,Yes,1,Not Graduate,No,3829,2418.0,217.0,360.0,1.0,Semiurban,Y
LP105098,Male,Yes,3+,Graduate,Yes,4026,1224.0,164.0,240.0,1.0,Semiurban,Y
LP105099,Female,Yes,3+,Graduate,Yes,2940,10456.0,193.0,480.0,,Semiurban,Y
LP105100,Male,Yes,0,Graduate,No,6043,862.0,100.0,360.0,1.0,Semiurban,Y
LP105101,Male,No,3+,Graduate,No,2959,0.0,68.0,12.0,1.0,Rural,N
LP105102,Female,Yes,0,Graduate,No,3075,1968.0,303.0,360.0,0.0,Urban,N
LP105103,Male,Yes,3+,Graduate,Yes,6623,313.0,227.0,300.0,1.0,Semiurban,Y
LP105104,Male,No,1,Graduate,No,4250,0.0,113.0,360.0,1.0,Rural,Y
LP105105,Female,No,0,Graduate,Yes,5100,0.0,90.0,360.0,1.0,Rural,Y
LP105106,Male,Yes,0,Graduate,Yes,1759,3217.0,529.0,240.0,1.0,Urban,Y
LP105107,Female,Yes,0,Graduate,Yes,3590,466.0,78.0,300.0,1.0,Semiurban,Y
LP105108,Female,No,0,Not Graduate,Yes,13473,0.0,153.0,300.0,1.0,Urban,Y
LP105109,Male,Yes,2,Not Graduate,No,1688,703.0,89.0,360.0,1.0,Rural,Y
LP105110,Male,No,0,Graduate,Yes,14041,0.0,104.0,,1.0,Semiurban,Y
LP105111,Male,Yes,3+,Not Graduate,No,5748,591.0,85.0,360.0,1.0,Urban,Y
LP105112,Male,Yes,2,Not Graduate,No,3569,2538.0,36.0,480.0,1.0,Semiurban,Y
LP105113,Male,Yes,2,Graduate,No,4347,3820.0,169.0,240.0,1.0,Semiurban,Y
LP105114,Male,No,0,Graduate,No,10283,0.0,199.0,180.0,1.0,Urban,Y
LP105115,Male,No,3+,Graduate,No,1500,0.0,90.0,300.0,1.0,Rural,Y
LP105116,Male,Yes,2,Graduate,No,11490,4464.0,641.0,84.0,1.0,Urban,Y
LP105117,Male,Yes,3+,Graduate,No,5763,2797.0,,360.0,1.0,Semiurban,Y
LP105118,Male,Yes,3+,Not Graduate,No,9021,274.0,148.0,180.0,1.0,Semiurban,Y
LP105119,Male,Yes,0,Not Graduate,No,1721,1975.0,169.0,180.0,1.0,Rural,Y
LP105120,Female,No,0,Not Graduate,,4287,0.0,94.0,360.0,1.0,Urban,Y
LP105121,Male,Yes,2,Not Graduate,Yes,1500,4416.0,74.0,300.0,1.0,Semiurban,Y
LP105122,Male,No,3+,Not Graduate,No,10082,0.0,85.0,300.0,0.0,Urban,N
LP105123,Female,Yes,1,Graduate,No,2725,2793.0,96.0,300.0,1.0,Rural,Y
LP105124,Male,No,1,Graduate,No,2701,0.0,187.0,300.0,0.0,Urban,N
LP105125,Male,No,2,Graduate,No,1539,0.0,107.0,180.0,1.0,Semiurban,Y
LP105126,Male,Yes,0,Not Graduate,No,6416,942.0,194.0,180.0,0.0,Semiurban,N
LP105127,Male,Yes,0,Graduate,Yes,5131,4754.0,62.0,480.0,1.0,Urban,Y
LP105128,Male,Yes,1,Not Graduate,No,3137,3775.0,91.0,240.0,1.0,Urban,Y
LP105129,Male,Yes,0,Not Graduate,No,5755,3023.0,87.0,300.0,1.0,Urban,Y
LP105130,Male,Yes,1,Graduate,Yes,3078,9477.0,13.0,240.0,1.0,Rural,Y
LP105131,Female,Yes,3+,Graduate,No,1710,4042.0,102.0,360.0,0.0,Semiurban,N
LP105132,Male,No,2,Not Graduate,No,3950,0.0,72.0,120.0,1.0,Rural,N
LP105133,Male,Yes,3+,Graduate,Yes,13184,4452.0,176.0,60.0,1.0,Urban,Y
LP105134,Female,No,2,Graduate,No,8804,0.0,208.0,480.0,0.0,Urban,N
LP105135,Male,No,1,Not Graduate,No,6458,0.0,57.0,300.0,0.0,Rural,N
LP105136,Female,No,2,Not Graduate,,5689,0.0,115.0,300.0,1.0,Semiurban,Y
LP105137,Male,Yes,3+,Graduate,No,3952,1063.0,62.0,300.0,0.0,Rural,N
LP105138,Female,Yes,3+,Not Graduate,Yes,7643,2554.0,163.0,36.0,0.0,Rural,N
LP105139,Male,Yes,2,Graduate,No,6899,2943.0,88.0,360.0,1.0,Rural,Y
LP105140,Female,Yes,0,Graduate,No,4675,1834.0,97.0,300.0,1.0,Urban,Y
LP105141,Female,Yes,0,Graduate,No,5538,1229.0,117.0,120.0,0.0,Urban,N
LP105142,Male,No,0,Graduate,No,1875,0.0,159.0,300.0,1.0,Urban,Y
LP105143,Male,Yes,3+,Graduate,No,3684,1733.0,138.0,180.0,1.0,Rural,Y
LP105144,Male,Yes,1,Not Graduate,No,2402,2253.0,170.0,360.0,1.0,Urban,Y
LP105145,Male,No,3+,Graduate,Yes,2374,0.0,206.0,360.0,,Semiurban,N
LP105146,Male,Yes,1,Graduate,No,6516,4594.0,123.0,180.0,,Rural,Y
LP105147,Male,Yes,2,Graduate,No,2301,1654.0,72.0,84.0,1.0,Semiurban,Y
LP105148,Male,No,0,Graduate,No,7792,0.0,51.0,360.0,1.0,Urban,Y
LP105149,Male,Yes,0,Not Graduate,No,9128,1694.0,84.0,360.0,0.0,Semiurban,N
LP105150,Male,Yes,1,Graduate,No,4736,749.0,153.0,360.0,0.0,Urban,N
LP105151,Male,Yes,2,Graduate,No,3417,9051.0,58.0,360.0,1.0,Semiurban,Y
LP105152,Male,No,0,Graduate,No,9123,0.0,255.0,360.0,1.0,Urban,Y
LP105153,Male,Yes,2,Not Graduate,No,6846,1789.0,71.0,180.0,1.0,Urban,Y
LP105154,Male,Yes,1,Graduate,No,10067,5614.0,125.0,,1.0,Rural,Y
LP105155,Male,Yes,2,Graduate,No,2568,1534.0,325.0,180.0,1.0,Rural,Y
LP105156,Male,Yes,0,Not Graduate,No,4203,1760.0,120.0,60.0,1.0,Rural,Y
LP105157,Male,Yes,2,Graduate,No,4310,1029.0,69.0,360.0,1.0,Urban,Y
LP105158,Male,Yes,0,Graduate,No,5572,851.0,29.0,36.0,1.0,Rural,Y
LP105159,Female,Yes,2,Not Graduate,No,7150,2140.0,171.0,36.0,1.0,Semiurban,Y
LP105160,Male,Yes,1,Not Graduate,No,5338,4235.0,161.0,240.0,1.0,Rural,Y
LP105161,Male,Yes,2,Not Graduate,Yes,10951,895.0,189.0,180.0,0.0,Rural,N
LP105162,Female,Yes,3+,Graduate,No,3925,1493.0,143.0,36.0,1.0,Rural,N
LP105163,Female,No,0,Graduate,No,2619,0.0,97.0,360.0,1.0,Urban,Y
LP105164,Female,Yes,0,Graduate,No,3296,3351.0,83.0,84.0,1.0,Semiurban,Y
LP105165,Male,Yes,2,Not Graduate,No,3059,1280.0,137.0,60.0,1.0,Semiurban,Y
LP105166,Male,No,2,Not Graduate,No,3738,0.0,,60.0,1.0,Urban,N
LP105167,Female,No,0,Graduate,No,4181,0.0,22.0,360.0,1.0,Semiurban,Y
LP105168,Male,Yes,1,Graduate,Yes,4289,1064.0,235.0,120.0,1.0,Urban,Y
LP105169,Male,Yes,0,Graduate,No,5648,1430.0,112.0,300.0,,Rural,Y
LP105170,Female,Yes,0,Graduate,No,3726,1928.0,121.0,120.0,1.0,Rural,Y
LP105171,Female,Yes,1,Graduate,No,9221,1274.0,203.0,360.0,1.0,Semiurban,Y
LP105172,Female,No,2,Not Graduate,Yes,1536,0.0,121.0,120.0,1.0,Semiurban,Y
LP105173,Female,Yes,1,Not Graduate,No,1500,5919.0,153.0,240.0,0.0,Urban,N
LP105174,Female,No,1,Not Graduate,No,8962,0.0,50.0,300.0,1.0,Rural,Y
LP105175,Male,Yes,3+,Graduate,No,8549,2178.0,113.0,360.0,1.0,Urban,Y
LP105176,Female,Yes,0,Not Graduate,No,10336,5386.0,181.0,120.0,1.0,Semiurban,Y
LP105177,Male,No,2,Not Graduate,No,7201,0.0,106.0,360.0,1.0,Rural,Y
LP105178,Male,Yes,3+,Graduate,Yes,4922,1846.0,110.0,36.0,1.0,Semiurban,N
LP105179,Female,Yes,0,Graduate,,4208,3722.0,148.0,360.0,1.0,Semiurban,Y
LP105180,Male,No,1,Graduate,Yes,1879,0.0,173.0,300.0,1.0,Urban,Y
LP105181,Male,No,3+,Not Graduate,No,5370,0.0,334.0,360.0,1.0,Urban,Y
LP105182,Male,No,3+,Not Graduate,,2075,0.0,174.0,360.0,1.0,Semiurban,N
LP105183,Female,Yes,0,Graduate,No,21583,3907.0,302.0,240.0,1.0,Urban,Y
LP105184,Male,Yes,0,Not Graduate,No,2645,959.0,126.0,240.0,0.0,Urban,N
LP105185,Female,No,0,Graduate,Yes,4697,0.0,32.0,12.0,0.0,Urban,N
LP105186,Male,Yes,1,Not Graduate,,12134,842.0,103.0,360.0,0.0,Semiurban,Y
LP105187,Female,No,1,Not Graduate,,3945,0.0,82.0,360.0,1.0,Urban,Y
LP105188,Female,Yes,2,Graduate,No,3961,896.0,129.0,300.0,1.0,Semiurban,Y
LP105189,Male,Yes,3+,Not Graduate,Yes,1500,1495.0,110.0,240.0,1.0,Semiurban,Y
LP105190,Male,No,0,Graduate,No,2239,0.0,157.0,360.0,1.0,Urban,Y
LP105191,Male,Yes,2,Graduate,No,6883,1845.0,89.0,360.0,1.0,Urban,Y
LP105192,Female,Yes,0,Graduate,No,13409,6794.0,152.0,120.0,1.0,Rural,Y
LP105193,Male,Yes,0,Graduate,No,2879,5663.0,167.0,180.0,1.0,Semiurban,Y
LP105194,Female,Yes,1,Not Graduate,No,5530,992.0,137.0,360.0,1.0,Urban,Y
LP105195,Male,Yes,0,Graduate,No,24961,1871.0,55.0,360.0,1.0,Semiurban,Y
LP105196,Female,Yes,1,Graduate,Yes,6905,712.0,229.0,84.0,1.0,Urban,Y
LP105197,Female,Yes,3+,Not Graduate,No,8827,594.0,194.0,360.0,1.0,Urban,Y
LP105198,Female,No,0,Graduate,No,3103,0.0,119.0,300.0,1.0,Semiurban,Y
LP105199,Female,Yes,2,Graduate,Yes,12474,6951.0,45.0,120.0,1.0,Urban,Y
LP105200,Male,No,0,Graduate,No,3244,0.0,160.0,300.0,1.0,Semiurban,Y
LP105201,Male,Yes,0,Graduate,No,2919,2867.0,97.0,360.0,1.0,Urban,Y
LP105202,Female,Yes,1,Graduate,No,11939,2613.0,96.0,60.0,1.0,Urban,Y
LP105203,Female,Yes,2,Graduate,No,3353,997.0,128.0,180.0,1.0,Semiurban,Y
LP105204,Male,No,1,Graduate,No,4903,0.0,321.0,300.0,1.0,Urban,Y
LP105205,Male,No,2,Graduate,No,13039,0.0,146.0,12.0,1.0,Rural,Y
LP105206,Male,No,3+,Not Graduate,No,2839,0.0,125.0,120.0,1.0,Urban,N
LP105207,Male,Yes,,Not Graduate,No,4263,1603.0,98.0,180.0,1.0,Rural,Y
LP105208,Male,Yes,0,Graduate,No,3407,1485.0,136.0,360.0,1.0,Rural,Y
LP105209,Male,No,2,Not Graduate,No,4035,0.0,134.0,300.0,1.0,Semiurban,Y
LP105210,Female,No,1,Not Graduate,Yes,5031,0.0,192.0,360.0,1.0,Semiurban,Y
LP105211,Male,No,2,Not Graduate,Yes,10982,0.0,97.0,12.0,1.0,Rural,Y
LP105212,Male,Yes,1,Graduate,No,13165,2057.0,82.0,240.0,1.0,Urban,Y
LP105213,Male,No,0,Not Graduate,No,5396,0.0,102.0,300.0,1.0,Urban,Y
LP105214,Male,Yes,1,Not Graduate,No,3178,1068.0,127.0,360.0,1.0,Urban,Y
LP105215,Female,Yes,,Graduate,No,7382,1169.0,132.0,120.0,1.0,Semiurban,Y
LP105216,Female,Yes,1,Graduate,No,4930,4990.0,133.0,60.0,1.0,Urban,Y
LP105217,Male,Yes,3+,Not Graduate,Yes,5027,600.0,74.0,360.0,1.0,Rural,Y
LP105218,Female,No,3+,Graduate,No,2646,0.0,127.0,120.0,1.0,Semiurban,Y
LP105219,Female,No,1,Graduate,No,1862,0.0,202.0,360.0,1.0,Rural,N
LP105220,Female,No,,Graduate,Yes,4859,0.0,288.0,84.0,0.0,Urban,N
LP105221,Male,Yes,1,Not Graduate,No,2587,1138.0,242.0,360.0,1.0,Semiurban,Y
LP105222,Female,Yes,1,Not Graduate,No,3575,493.0,129.0,240.0,1.0,Semiurban,Y
LP105223,Male,No,3+,Graduate,No,11963,0.0,122.0,360.0,1.0,Semiurban,Y
LP105224,Male,Yes,2,Not Graduate,No,4712,5020.0,283.0,120.0,1.0,Rural,Y
LP105225,Male,No,0,Graduate,No,9549,0.0,125.0,60.0,1.0,Semiurban,Y
LP105226,Male,No,1,Not Graduate,Yes,5870,0.0,225.0,300.0,1.0,Urban,Y
LP105227,Male,No,2,Graduate,No,6976,0.0,131.0,360.0,1.0,Rural,Y
LP105228,Male,Yes,2,Not Graduate,Yes,3533,3931.0,31.0,120.0,1.0,Semiurban,Y
LP105229,Male,No,1,Graduate,Yes,9815,0.0,200.0,360.0,1.0,Urban,Y
LP105230,Female,Yes,0,Graduate,No,5922,1828.0,239.0,240.0,1.0,Urban,Y
LP105231,Female,Yes,0,Graduate,No,4193,3357.0,110.0,84.0,1.0,Semiurban,Y
LP105232,Male,No,0,Not Graduate,No,5920,0.0,67.0,300.0,1.0,Semiurban,Y
LP105233,Female,Yes,1,Not Graduate,No,3199,5799.0,334.0,300.0,0.0,Semiurban,N
LP105234,Female,No,0,Graduate,No,4120,0.0,123.0,360.0,1.0,Semiurban,Y
LP105235,Female,Yes,2,Graduate,No,4754,2846.0,109.0,84.0,1.0,Urban,Y
LP105236,Male,Yes,0,Not Graduate,No,3585,1027.0,175.0,360.0,1.0,Urban,Y
LP105237,Female,No,3+,Not Graduate,No,12521,0.0,693.0,360.0,1.0,Semiurban,Y
LP105238,Female,Yes,0,Graduate,No,3831,2407.0,179.0,480.0,,Semiurban,Y
LP105239,Female,Yes,0,Graduate,Yes,17145,427.0,149.0,240.0,1.0,Urban,Y
LP105240,Male,Yes,1,Graduate,Yes,5117,10090.0,140.0,36.0,1.0,Urban,Y
LP105241,Male,Yes,0,Graduate,No,4270,1361.0,362.0,240.0,1.0,Rural,Y
LP105242,Male,No,3+,Graduate,No,3631,0.0,184.0,300.0,1.0,Rural,Y
LP105243,Male,Yes,0,Graduate,No,6332,1410.0,225.0,240.0,1.0,Semiurban,Y
LP105244,Male,No,1,Graduate,No,8404,0.0,161.0,360.0,1.0,Urban,Y
LP105245,Male,No,3+,Not Graduate,No,1500,0.0,185.0,180.0,1.0,Semiurban,N
LP105246,Female,Yes,1,Not Graduate,No,4929,923.0,113.0,120.0,1.0,Urban,Y
LP105247,Female,No,0,Not Graduate,No,1500,0.0,148.0,300.0,1.0,Semiurban,Y
LP105248,Male,Yes,0,Not Graduate,No,8858,749.0,88.0,360.0,1.0,Semiurban,Y
LP105249,Female,Yes,1,Not Graduate,No,8953,1226.0,99.0,360.0,1.0,Semiurban,Y
LP105250,Male,Yes,0,Graduate,No,5037,2262.0,180.0,360.0,1.0,Urban,Y
LP105251,Female,Yes,1,Graduate,No,5569,2094.0,88.0,240.0,1.0,Semiurban,Y
LP105252,Female,No,2,Graduate,No,2084,0.0,145.0,360.0,1.0,Rural,Y
LP105253,Female,Yes,3+,Not Graduate,No,3539,485.0,107.0,120.0,1.0,Semiurban,Y
LP105254,Female,Yes,0,Not Graduate,No,3403,885.0,68.0,360.0,1.0,Semiurban,Y
LP105255,Male,No,0,Not Graduate,No,3754,0.0,153.0,300.0,1.0,Urban,Y
LP105256,Female,No,0,Graduate,No,8294,0.0,213.0,180.0,0.0,Semiurban,Y
LP105257,Male,Yes,1,Not Graduate,No,10604,15937.0,60.0,360.0,1.0,Semiurban,Y
LP105258,Female,No,1,Not Graduate,No,7089,0.0,193.0,240.0,1.0,Urban,Y
LP105259,Female,Yes,2,Graduate,No,4047,4329.0,68.0,360.0,1.0,Semiurban,Y
LP105260,Female,No,2,Not Graduate,No,3141,0.0,302.0,360.0,0.0,Semiurban,N
LP105261,Male,Yes,0,Graduate,No,5189,2821.0,188.0,240.0,0.0,Semiurban,Y
LP105262,Female,No,2,Not Graduate,No,5871,0.0,60.0,480.0,1.0,Urban,Y
LP105263,Male,Yes,0,Graduate,No,4304,5345.0,224.0,300.0,1.0,Urban,Y
LP105264,Male,Yes,0,Graduate,No,3309,305.0,92.0,480.0,0.0,Rural,N
LP105265,Female,Yes,0,Not Graduate,No,7109,631.0,75.0,180.0,0.0,Semiurban,N
LP105266,Male,Yes,0,Graduate,No,7541,1457.0,207.0,120.0,1.0,Urban,Y
LP105267,Female,No,2,Graduate,No,2236,0.0,277.0,360.0,1.0,Rural,Y
LP105268,Male,Yes,1,Graduate,Yes,3904,1845.0,178.0,300.0,1.0,Urban,Y
LP105269,Male,No,0,Not Graduate,No,7838,0.0,107.0,300.0,1.0,Semiurban,Y
LP105270,Female,No,3+,Graduate,No,8894,0.0,148.0,480.0,1.0,Urban,Y
LP105271,Male,No,1,Not Graduate,Yes,5108,0.0,94.0,12.0,1.0,Rural,N
LP105272,Male,Yes,0,Not Graduate,,6119,1512.0,120.0,300.0,0.0,Urban,N
LP105273,Female,No,0,Graduate,No,5718,0.0,171.0,180.0,1.0,Semiurban,Y
LP105274,Male,No,1,Graduate,Yes,8713,0.0,57.0,240.0,1.0,Semiurban,Y
LP105275,Male,No,3+,Graduate,No,2526,0.0,175.0,360.0,1.0,Urban,Y
LP105276,Male,Yes,1,Graduate,No,5770,5314.0,57.0,360.0,1.0,Semiurban,Y
LP105277,Female,Yes,3+,Graduate,No,2883,1880.0,62.0,120.0,0.0,Semiurban,N
LP105278,Female,Yes,1,Graduate,No,9441,4958.0,198.0,360.0,1.0,Rural,Y
LP105279,Female,Yes,1,Graduate,Yes,2604,1374.0,80.0,300.0,1.0,Rural,Y
LP105280,Male,Yes,1,Graduate,No,6279,904.0,74.0,240.0,1.0,Rural,Y
LP105281,Female,Yes,2,Not Graduate,Yes,2892,1927.0,112.0,240.0,1.0,Urban,Y
LP105282,Female,Yes,1,Graduate,No,7719,14060.0,94.0,360.0,1.0,Urban,Y
LP105283,Female,Yes,3+,Not Graduate,No,6396,606.0,154.0,300.0,1.0,Semiurban,Y
LP105284,Male,Yes,0,Graduate,No,5674,3108.0,149.0,300.0,1.0,Semiurban,Y
LP105285,Female,No,1,Graduate,No,15939,0.0,74.0,360.0,1.0,Semiurban,Y
LP105286,Female,Yes,1,Graduate,No,3224,2497.0,48.0,360.0,1.0,Rural,Y
LP105287,Male,No,2,Graduate,No,8566,0.0,118.0,240.0,1.0,Rural,Y
LP105288,Male,Yes,0,Not Graduate,No,9928,2606.0,259.0,240.0,,Urban,N
LP105289,Female,Yes,1,Graduate,No,8568,2290.0,129.0,360.0,1.0,Rural,Y
LP105290,Male,Yes,1,Graduate,Yes,3273,551.0,109.0,84.0,1.0,Semiurban,Y
LP105291,Female,No,2,Graduate,No,4269,0.0,379.0,360.0,1.0,Semiurban,Y
LP105292,Female,Yes,2,Graduate,No,3416,1488.0,210.0,240.0,1.0,Semiurban,Y
LP105293,Male,No,2,Graduate,No,4111,0.0,47.0,240.0,0.0,Rural,N
LP105294,Male,Yes,0,Graduate,No,2966,1743.0,113.0,180.0,1.0,Semiurban,Y
LP105295,Male,Yes,3+,Graduate,No,3952,4316.0,153.0,84.0,1.0,Urban,Y
LP105296,Female,No,2,Graduate,No,11855,0.0,70.0,360.0,1.0,Semiurban,Y
LP105297,Male,Yes,0,Graduate,Yes,4058,784.0,112.0,360.0,1.0,Rural,Y
LP105298,Female,No,0,Not Graduate,No,5236,0.0,136.0,300.0,1.0,Rural,Y
LP105299,Male,Yes,0,Graduate,No,3180,1745.0,117.0,120.0,0.0,Urban,N
LP105300,Male,Yes,1,Graduate,Yes,4870,1104.0,64.0,180.0,1.0,Semiurban,Y
LP105301,Male,No,3+,Graduate,No,8070,0.0,324.0,60.0,0.0,Urban,N
LP105302,Male,No,2,Graduate,No,6592,0.0,157.0,360.0,1.0,Urban,Y
LP105303,Female,Yes,3+,Graduate,No,11510,1145.0,80.0,300.0,0.0,Semiurban,Y
LP105304,Male,No,0,Graduate,No,2378,0.0,227.0,480.0,1.0,Semiurban,Y
LP105305,Male,Yes,1,Graduate,No,3121,764.0,127.0,360.0,0.0,Urban,N
LP105306,Male,No,0,Graduate,No,3836,0.0,243.0,360.0,1.0,Semiurban,Y
LP105307,Male,No,0,Not Graduate,No,12270,0.0,126.0,240.0,1.0,Rural,Y
LP105308,Male,Yes,2,Not Graduate,No,5879,2790.0,55.0,240.0,0.0,Semiurban,N
LP105309,Female,Yes,0,Graduate,No,2100,5100.0,70.0,180.0,1.0,Urban,Y
LP105310,Male,Yes,2,Graduate,No,9464,1258.0,266.0,480.0,1.0,Urban,Y
LP105311,Male,Yes,2,Graduate,No,5248,1162.0,249.0,180.0,0.0,Urban,N
LP105312,Male,Yes,2,Not Graduate,No,8384,4699.0,60.0,120.0,1.0,Urban,Y
LP105313,Female,Yes,0,Not Graduate,No,12709,2040.0,309.0,300.0,1.0,Rural,Y
LP105314,Male,No,2,Graduate,No,2733,0.0,248.0,,1.0,Semiurban,Y
LP105315,Male,Yes,3+,Graduate,No,12707,1923.0,91.0,120.0,1.0,Urban,Y
LP105316,Female,Yes,3+,Not Graduate,No,4700,680.0,128.0,240.0,1.0,Urban,Y
LP105317,Male,Yes,2,Not Graduate,No,3833,1559.0,35.0,180.0,1.0,Rural,N
LP105318,Male,No,2,Graduate,No,5392,0.0,88.0,360.0,1.0,Semiurban,Y
LP105319,Male,Yes,1,Not Graduate,No,2403,5811.0,118.0,300.0,1.0,Semiurban,Y
LP105320,Female,Yes,2,Graduate,No,4856,2255.0,161.0,360.0,1.0,Semiurban,Y
LP105321,Male,Yes,2,Graduate,Yes,4248,5273.0,125.0,84.0,0.0,Urban,N
LP105322,Female,Yes,2,Graduate,No,2799,1251.0,145.0,180.0,0.0,Rural,N
LP105323,Male,Yes,2,Graduate,No,3334,7048.0,75.0,180.0,1.0,Urban,Y
LP105324,Male,Yes,1,Not Graduate,No,9729,1013.0,163.0,300.0,1.0,Semiurban,Y
LP105325,Male,Yes,0,Not Graduate,No,4417,946.0,368.0,240.0,0.0,Urban,N
LP105326,Male,Yes,1,Not Graduate,,2728,1250.0,174.0,180.0,1.0,Semiurban,Y
LP105327,Female,Yes,0,Graduate,Yes,6431,994.0,137.0,360.0,1.0,Rural,Y
LP105328,Male,Yes,1,Graduate,No,7785,2735.0,86.0,360.0,1.0,Semiurban,Y
LP105329,Male,Yes,,Graduate,No,4908,4923.0,108.0,360.0,1.0,Urban,Y
LP105330,Male,No,1,Graduate,No,2343,0.0,61.0,360.0,0.0,Semiurban,N
LP105331,Female,No,2,Not Graduate,No,1500,0.0,56.0,300.0,0.0,Urban,N
LP105332,Male,Yes,1,Graduate,No,2862,598.0,128.0,240.0,1.0,Rural,Y
LP105333,Female,Yes,0,Graduate,No,9251,1952.0,187.0,360.0,0.0,Semiurban,Y
LP105334,Male,Yes,1,Graduate,No,8757,7454.0,80.0,,1.0,Urban,Y
LP105335,Male,Yes,0,Graduate,No,3048,5597.0,275.0,360.0,1.0,Urban,Y
LP105336,Male,Yes,1,Graduate,No,4266,753.0,95.0,,1.0,Urban,Y
LP105337,Male,Yes,1,Graduate,No,7470,1273.0,,240.0,1.0,Rural,Y
LP105338,Male,No,3+,Not Graduate,No,4522,0.0,236.0,60.0,1.0,Semiurban,N
LP105339,Male,No,0,Not Graduate,Yes,8619,0.0,111.0,240.0,1.0,Urban,Y
LP105340,Female,Yes,2,Graduate,No,4636,6076.0,195.0,240.0,1.0,Rural,Y
LP105341,Female,Yes,3+,Graduate,No,6561,6470.0,189.0,300.0,1.0,Urban,Y
LP105342,Female,No,3+,Not Graduate,No,4049,0.0,89.0,300.0,1.0,Urban,N
LP105343,Male,No,0,Graduate,,3070,0.0,91.0,360.0,1.0,Urban,Y
LP105344,Male,No,1,Not Graduate,No,9891,0.0,279.0,300.0,1.0,Urban,Y
LP105345,Male,Yes,0,Graduate,No,1995,7283.0,296.0,360.0,1.0,Semiurban,Y
LP105346,Female,Yes,1,Graduate,No,3429,8688.0,195.0,84.0,1.0,Semiurban,Y
LP105347,Female,No,0,Not Graduate,No,4644,0.0,79.0,300.0,1.0,Urban,Y
LP105348,Male,Yes,2,Graduate,No,8227,28373.0,226.0,300.0,1.0,Urban,Y
LP105349,Male,Yes,0,Graduate,No,2900,2069.0,113.0,120.0,1.0,Urban,Y
LP105350,Male,Yes,1,Graduate,No,5303,2998.0,62.0,180.0,0.0,Urban,N
LP105351,Male,No,1,Graduate,Yes,2138,0.0,91.0,300.0,0.0,Urban,N
LP105352,Male,No,3+,Graduate,Yes,6401,0.0,117.0,300.0,1.0,Urban,Y
LP105353,Male,Yes,2,Graduate,No,14679,322.0,257.0,360.0,1.0,Urban,Y
LP105354,Female,No,0,Graduate,No,1516,0.0,82.0,120.0,1.0,Rural,Y
LP105355,Male,Yes,0,Not Graduate,No,3176,1161.0,75.0,180.0,1.0,Urban,Y
LP105356,Male,No,0,Graduate,No,8120,0.0,100.0,180.0,1.0,Semiurban,Y
LP105357,Female,Yes,2,Graduate,No,28744,2086.0,124.0,360.0,1.0,Urban,Y
LP105358,Male,Yes,2,Graduate,No,6994,2891.0,201.0,120.0,1.0,Semiurban,Y
LP105359,Male,Yes,2,Graduate,No,3172,4898.0,189.0,360.0,1.0,Rural,Y
LP105360,Male,Yes,0,Graduate,No,4495,809.0,34.0,360.0,1.0,Semiurban,Y
LP105361,Male,Yes,2,Graduate,Yes,2354,1535.0,108.0,84.0,1.0,Urban,Y
LP105362,Male,Yes,2,Not Graduate,No,7967,919.0,144.0,120.0,1.0,Urban,Y
LP105363,Female,No,3+,Graduate,No,9206,0.0,79.0,240.0,1.0,Rural,Y
LP105364,Male,Yes,1,Graduate,No,11427,8485.0,,360.0,1.0,Semiurban,Y
LP105365,Male,Yes,0,Not Graduate,No,4031,655.0,,84.0,0.0,Urban,N
LP105366,Female,Yes,1,Graduate,No,3027,936.0,202.0,240.0,1.0,Rural,Y
LP105367,Male,Yes,0,Not Graduate,No,12051,10460.0,120.0,360.0,1.0,Semiurban,Y
LP105368,Female,Yes,2,Graduate,No,11254,1633.0,170.0,360.0,1.0,Rural,Y
LP105369,Female,No,2,Not Graduate,No,2716,0.0,177.0,240.0,1.0,Urban,N
LP105370,Male,Yes,0,Not Graduate,Yes,3923,2490.0,69.0,360.0,0.0,Urban,N
LP105371,Female,Yes,0,Not Graduate,No,7892,689.0,70.0,240.0,1.0,Semiurban,Y
LP105372,Male,No,0,Graduate,Yes,4224,0.0,106.0,360.0,0.0,Semiurban,N
LP105373,Female,Yes,3+,Not Graduate,No,5008,1104.0,88.0,360.0,1.0,Urban,Y
LP105374,Male,Yes,0,Graduate,No,2035,4162.0,93.0,360.0,1.0,Semiurban,Y
LP105375,Female,No,0,Not Graduate,No,2506,0.0,126.0,240.0,1.0,Semiurban,Y
LP105376,Female,Yes,0,Graduate,No,4652,1092.0,127.0,240.0,1.0,Urban,Y
LP105377,Male,Yes,1,Graduate,No,3231,1624.0,28.0,240.0,1.0,Semiurban,Y
LP105378,Male,No,2,Graduate,No,2468,0.0,142.0,60.0,1.0,Semiurban,Y
LP105379,Female,Yes,3+,Graduate,No,4070,268.0,115.0,360.0,1.0,Semiurban,Y
LP105380,Female,Yes,0,Graduate,Yes,2902,2302.0,153.0,360.0,,Urban,Y
LP105381,Male,No,2,Graduate,No,4998,0.0,,360.0,1.0,Semiurban,Y
LP105382,Female,Yes,1,Graduate,Yes,8915,867.0,91.0,360.0,1.0,Urban,Y
LP105383,Male,Yes,3+,Not Graduate,No,4102,3041.0,106.0,360.0,1.0,Rural,Y
LP105384,Male,No,0,Graduate,Yes,3806,0.0,254.0,300.0,1.0,Semiurban,Y
LP105385,Male,No,0,Graduate,No,9360,0.0,104.0,360.0,1.0,Semiurban,Y
LP105386,Male,Yes,1,Graduate,No,7632,1189.0,261.0,12.0,0.0,Rural,N
LP105387,Female,Yes,0,Graduate,No,7933,2900.0,241.0,300.0,,Urban,Y
LP105388,Male,No,0,Graduate,No,1500,0.0,109.0,36.0,1.0,Semiurban,Y
LP105389,Female,No,2,Not Graduate,No,3755,0.0,98.0,300.0,1.0,Semiurban,N
LP105390,Male,Yes,2,Graduate,No,3487,3471.0,100.0,120.0,1.0,Rural,Y
LP105391,Male,Yes,1,Not Graduate,No,2994,1187.0,123.0,12.0,1.0,Rural,N
LP105392,Male,Yes,2,Graduate,,9247,4427.0,96.0,360.0,0.0,Semiurban,Y
LP105393,Male,No,1,Not Graduate,No,3547,0.0,208.0,360.0,1.0,Urban,N
LP105394,Male,No,2,Graduate,No,2134,0.0,91.0,240.0,1.0,Urban,Y
LP105395,Male,No,1,Not Graduate,Yes,5697,0.0,225.0,60.0,1.0,Urban,Y
LP105396,Male,No,2,Graduate,Yes,4892,0.0,76.0,480.0,1.0,Semiurban,N
LP105397,Male,Yes,0,Graduate,No,2825,1076.0,49.0,120.0,1.0,Urban,Y
LP105398,Male,,0,Graduate,No,9051,4361.0,45.0,300.0,1.0,Urban,Y
LP105399,Male,No,1,Graduate,No,6758,0.0,97.0,180.0,1.0,Semiurban,Y
LP105400,Female,No,1,Graduate,No,6745,0.0,82.0,84.0,1.0,Rural,Y
LP105401,Female,Yes,2,Graduate,No,6570,1247.0,80.0,300.0,1.0,Urban,Y
LP105402,Male,Yes,1,Not Graduate,No,9449,577.0,242.0,120.0,1.0,Rural,Y
LP105403,Male,No,0,Graduate,Yes,4477,0.0,86.0,240.0,0.0,Urban,N
LP105404,Male,Yes,0,Graduate,No,2333,676.0,41.0,360.0,1.0,Urban,Y
LP105405,Female,Yes,,Graduate,No,4340,1465.0,188.0,240.0,0.0,Rural,N
LP105406,Male,Yes,2,Not Graduate,No,1820,2419.0,299.0,300.0,1.0,Semiurban,Y
LP105407,Male,No,1,Graduate,No,2598,0.0,,180.0,0.0,Rural,N
LP105408,Male,Yes,2,Graduate,Yes,12983,6350.0,89.0,360.0,0.0,Semiurban,Y
LP105409,Male,No,1,Graduate,No,2539,0.0,148.0,360.0,,Rural,Y
LP105410,Male,Yes,3+,Graduate,Yes,2429,946.0,,360.0,1.0,Urban,Y
LP105411,Female,Yes,3+,Graduate,No,7344,976.0,74.0,240.0,,Semiurban,Y
LP105412,Male,Yes,2,Not Graduate,,8249,1273.0,119.0,360.0,1.0,Rural,Y
LP105413,Male,No,3+,Graduate,No,1808,0.0,129.0,360.0,0.0,Urban,N
LP105414,Male,No,1,Graduate,No,5705,0.0,118.0,84.0,1.0,Urban,Y
LP105415,Male,No,3+,Not Graduate,No,3536,0.0,366.0,480.0,1.0,Urban,N
LP105416,Female,No,2,Graduate,No,5992,0.0,137.0,300.0,1.0,Rural,Y
LP105417,Male,Yes,3+,Graduate,No,4098,876.0,238.0,360.0,1.0,Semiurban,Y
LP105418,Female,Yes,2,Not Graduate,No,2166,2703.0,512.0,240.0,0.0,Semiurban,N
LP105419,Male,Yes,2,Not Graduate,No,3681,1883.0,101.0,300.0,1.0,Rural,Y
LP105420,Male,Yes,1,Graduate,No,7154,2550.0,146.0,360.0,1.0,Rural,Y
LP105421,Female,No,0,Graduate,No,15775,0.0,219.0,360.0,1.0,Semiurban,Y
LP105422,Male,No,1,Not Graduate,No,6209,0.0,144.0,360.0,1.0,Rural,Y
LP105423,Female,No,3+,Graduate,No,3887,0.0,113.0,480.0,1.0,Semiurban,Y
LP105424,Male,Yes,0,Graduate,No,2421,779.0,547.0,360.0,1.0,Semiurban,Y
LP105425,Female,Yes,1,Graduate,No,4469,7356.0,275.0,60.0,0.0,Urban,N
LP105426,Male,Yes,1,Graduate,No,3916,1748.0,38.0,300.0,0.0,Urban,N
LP105427,Male,Yes,1,Not Graduate,No,5904,605.0,303.0,120.0,,Rural,N
LP105428,Female,Yes,3+,Not Graduate,No,4742,5466.0,350.0,360.0,1.0,Urban,Y
LP105429,Female,Yes,3+,Graduate,No,6553,460.0,275.0,240.0,1.0,Urban,Y
LP105430,Female,Yes,1,Not Graduate,Yes,3960,523.0,210.0,300.0,0.0,Semiurban,N
LP105431,Female,Yes,0,Graduate,Yes,13704,1404.0,340.0,360.0,1.0,Semiurban,Y
LP105432,Female,Yes,1,Not Graduate,No,6976,1167.0,228.0,360.0,1.0,Urban,Y
LP105433,Male,Yes,1,Graduate,No,3216,2320.0,190.0,360.0,0.0,Semiurban,N
LP105434,Male,Yes,1,Graduate,No,8961,387.0,145.0,36.0,1.0,Semiurban,Y
LP105435,Male,Yes,0,Graduate,No,2456,2346.0,70.0,120.0,1.0,Rural,Y
LP105436,Male,Yes,1,Graduate,No,2943,5027.0,58.0,360.0,1.0,Semiurban,Y
LP105437,Male,Yes,0,Graduate,No,3039,824.0,,360.0,1.0,Semiurban,Y
LP105438,Male,Yes,2,Graduate,No,10905,1335.0,211.0,120.0,0.0,Urban,Y
LP105439,Male,Yes,0,Not Graduate,No,4414,952.0,130.0,300.0,,Urban,N
LP105440,Female,Yes,1,Not Graduate,No,3370,2336.0,80.0,300.0,0.0,Urban,N
LP105441,Male,No,0,Graduate,No,5423,0.0,68.0,360.0,1.0,Urban,Y
LP105442,Male,Yes,3+,Not Graduate,No,6803,691.0,108.0,360.0,1.0,Rural,Y
LP105443,Male,No,1,Not Graduate,No,12752,0.0,204.0,360.0,1.0,Rural,Y
LP105444,Female,Yes,0,Not Graduate,No,2001,2367.0,514.0,360.0,1.0,Semiurban,Y
LP105445,Female,Yes,1,Graduate,Yes,10488,2039.0,132.0,360.0,1.0,Urban,Y
LP105446,Male,No,3+,Not Graduate,No,1500,0.0,159.0,120.0,1.0,Urban,N
LP105447,Male,Yes,2,Graduate,No,8465,3086.0,263.0,360.0,0.0,Urban,Y
LP105448,Male,No,2,Graduate,No,9877,0.0,129.0,300.0,1.0,Rural,Y
LP105449,Male,Yes,0,Graduate,Yes,10188,709.0,167.0,480.0,1.0,Semiurban,Y
LP105450,Male,Yes,2,Graduate,Yes,6913,212.0,219.0,360.0,1.0,Rural,Y
LP105451,Male,No,2,Not Graduate,No,2593,0.0,260.0,240.0,1.0,Semiurban,Y
LP105452,Male,Yes,1,Not Graduate,No,7694,1472.0,138.0,360.0,1.0,Semiurban,Y
LP105453,Male,Yes,3+,Not Graduate,No,2590,744.0,100.0,180.0,,Semiurban,N
LP105454,Female,Yes,0,Not Graduate,No,2798,6636.0,151.0,300.0,1.0,Urban,Y
LP105455,Female,Yes,0,Graduate,No,3737,6580.0,48.0,60.0,1.0,Semiurban,Y
LP105456,Male,Yes,3+,Not Graduate,Yes,3945,5008.0,160.0,360.0,1.0,Rural,N
LP105457,Male,Yes,2,Graduate,No,5678,2166.0,,300.0,0.0,Semiurban,N
LP105458,Male,No,0,Graduate,No,3238,0.0,372.0,300.0,0.0,Semiurban,N
LP105459,Male,No,1,Not Graduate,No,5989,0.0,233.0,120.0,1.0,Semiurban,Y
LP105460,Female,Yes,3+,Graduate,No,2157,865.0,28.0,300.0,0.0,Semiurban,N
LP105461,Male,No,0,Not Graduate,No,5030,0.0,309.0,300.0,1.0,Semiurban,Y
LP105462,Female,Yes,0,Graduate,No,4173,3712.0,323.0,36.0,1.0,Urban,Y
LP105463,Male,Yes,0,Not Graduate,Yes,9029,9186.0,77.0,120.0,1.0,Rural,Y
LP105464,Female,No,3+,Graduate,No,9591,0.0,105.0,360.0,0.0,Urban,N
LP105465,Male,No,3+,Graduate,No,4438,0.0,318.0,360.0,1.0,Semiurban,N
LP105466,Female,No,1,Graduate,No,1516,0.0,138.0,84.0,1.0,Urban,Y
LP105467,Male,Yes,1,Graduate,No,2029,746.0,94.0,480.0,0.0,Urban,N
LP105468,Male,Yes,0,Graduate,No,9645,493.0,85.0,300.0,0.0,Semiurban,N
LP105469,Male,No,0,Graduate,No,4509,0.0,652.0,360.0,1.0,Rural,Y
LP105470,Male,Yes,2,Not Graduate,No,14037,2340.0,215.0,300.0,1.0,Semiurban,Y
LP105471,Female,No,0,Graduate,No,8417,0.0,113.0,360.0,,Urban,Y
LP105472,Female,Yes,1,Graduate,Yes,5727,1739.0,316.0,360.0,1.0,Semiurban,Y
LP105473,Female,No,2,Graduate,,5308,0.0,127.0,60.0,1.0,Urban,Y
LP105474,Male,Yes,0,Not Graduate,No,2466,3734.0,277.0,360.0,1.0,Semiurban,Y
LP105475,Female,Yes,1,Not Graduate,No,3365,2988.0,190.0,360.0,1.0,Urban,Y
LP105476,Male,Yes,1,Graduate,No,6309,1352.0,109.0,180.0,1.0,Rural,Y
LP105477,Male,No,2,Graduate,No,3995,0.0,181.0,180.0,0.0,Urban,N
LP105478,Male,No,0,Graduate,No,6509,0.0,185.0,360.0,1.0,Urban,Y
LP105479,Male,Yes,0,Graduate,No,9113,3434.0,217.0,360.0,0.0,Rural,Y
LP105480,Male,No,1,Graduate,No,4412,0.0,356.0,60.0,1.0,Rural,Y
LP105481,Male,Yes,3+,Graduate,No,3793,6401.0,506.0,360.0,0.0,Urban,N
LP105482,Male,Yes,0,Graduate,No,2870,1859.0,171.0,360.0,0.0,Urban,N
LP105483,Female,Yes,3+,Graduate,No,8110,743.0,42.0,480.0,0.0,Semiurban,N
LP105484,Male,Yes,2,Graduate,No,7724,4312.0,227.0,240.0,1.0,Semiurban,Y
LP105485,Male,Yes,2,Graduate,Yes,18255,1932.0,114.0,60.0,1.0,Rural,Y
LP105486,Male,Yes,0,Not Graduate,No,5464,647.0,48.0,360.0,0.0,Semiurban,N
LP105487,Male,No,0,Not Graduate,No,4637,0.0,203.0,360.0,0.0,Urban,N
LP105488,Male,No,0,Not Graduate,No,6505,0.0,174.0,12.0,1.0,Urban,Y
LP105489,Male,Yes,1,Graduate,No,4134,2456.0,82.0,300.0,1.0,Semiurban,Y
LP105490,Male,Yes,3+,Graduate,No,2889,5649.0,65.0,12.0,1.0,Semiurban,Y
LP105491,Female,No,0,Graduate,No,5183,0.0,310.0,240.0,1.0,Rural,Y
LP105492,Male,No,1,Graduate,Yes,6468,0.0,181.0,360.0,0.0,Rural,N
LP105493,Female,Yes,0,Graduate,Yes,6730,3581.0,83.0,360.0,0.0,Urban,Y
LP105494,Male,No,2,Not Graduate,No,6415,0.0,199.0,360.0,1.0,Semiurban,Y
LP105495,Male,Yes,0,Not Graduate,No,9305,4741.0,104.0,300.0,1.0,Rural,Y
LP105496,Female,Yes,0,Not Graduate,No,6716,2072.0,186.0,360.0,1.0,Rural,Y
LP105497,Male,Yes,0,Not Graduate,No,5781,4793.0,162.0,300.0,1.0,Semiurban,Y
LP105498,Male,Yes,2,Graduate,No,2299,2995.0,28.0,300.0,1.0,Semiurban,Y
LP105499,Female,No,0,Not Graduate,No,5696,0.0,143.0,360.0,1.0,Semiurban,Y
LP105500,Male,Yes,0,Not Graduate,No,4435,367.0,121.0,120.0,1.0,Semiurban,Y
LP105501,Female,Yes,0,Graduate,No,2507,3379.0,86.0,360.0,1.0,Urban,Y
LP105502,Male,No,3+,Graduate,No,6637,0.0,62.0,360.0,1.0,Semiurban,Y
LP105503,Female,No,1,Graduate,Yes,6707,0.0,117.0,120.0,1.0,Semiurban,Y
LP105504,Male,No,2,Graduate,No,6343,0.0,108.0,240.0,1.0,Urban,Y
LP105505,Male,Yes,2,Graduate,No,6859,5499.0,198.0,360.0,1.0,Semiurban,Y
LP105506,Male,Yes,0,Not Graduate,No,5294,1026.0,123.0,180.0,1.0,Semiurban,Y
LP105507,Male,No,1,Graduate,No,4238,0.0,141.0,360.0,1.0,Semiurban,Y
LP105508,Male,Yes,0,Not Graduate,No,14214,3930.0,163.0,360.0,1.0,Semiurban,Y
LP105509,Male,Yes,1,Graduate,No,5371,5003.0,101.0,360.0,1.0,Semiurban,Y
LP105510,Male,Yes,1,Graduate,No,1500,1005.0,73.0,120.0,0.0,Semiurban,N
LP105511,Male,Yes,1,Graduate,No,1500,3358.0,506.0,360.0,1.0,Urban,Y
LP105512,Male,Yes,0,Not Graduate,No,10127,2357.0,128.0,36.0,1.0,Urban,Y
LP105513,Female,Yes,0,Graduate,No,1635,1656.0,118.0,240.0,1.0,Urban,Y
LP105514,Male,Yes,2,Not Graduate,No,3545,2876.0,313.0,180.0,1.0,Urban,Y
LP105515,Male,Yes,2,Not Graduate,No,2369,1209.0,416.0,360.0,1.0,Semiurban,N
LP105516,Male,Yes,0,Not Graduate,No,4098,749.0,319.0,360.0,1.0,Rural,Y
LP105517,Male,Yes,0,Not Graduate,No,6196,2501.0,106.0,240.0,0.0,Urban,N
LP105518,Female,No,3+,Not Graduate,Yes,3298,0.0,165.0,360.0,0.0,Rural,N
LP105519,Male,No,2,Graduate,Yes,3012,0.0,190.0,300.0,1.0,Semiurban,Y
LP105520,Female,Yes,3+,Not Graduate,,7612,702.0,513.0,360.0,1.0,Urban,Y
LP105521,Male,Yes,0,Graduate,No,23840,1055.0,172.0,360.0,1.0,Urban,Y
LP105522,Female,Yes,1,Graduate,No,6797,2751.0,177.0,84.0,1.0,Semiurban,Y
LP105523,Male,Yes,0,Graduate,No,2840,534.0,73.0,360.0,1.0,Semiurban,Y
LP105524,Female,Yes,2,Graduate,No,8288,1400.0,63.0,360.0,1.0,Urban,Y
LP105525,Male,Yes,0,Graduate,No,13995,8519.0,302.0,36.0,,Urban,Y
LP105526,Male,No,0,Graduate,No,9302,0.0,165.0,120.0,0.0,Rural,N
LP105527,Male,Yes,0,Not Graduate,No,1946,2004.0,175.0,300.0,0.0,Urban,N
LP105528,Male,Yes,2,Graduate,No,6748,1721.0,255.0,,1.0,Rural,Y
LP105529,Female,Yes,1,Graduate,Yes,3731,3966.0,223.0,240.0,,Urban,Y
LP105530,Male,No,2,Not Graduate,Yes,5072,0.0,207.0,360.0,1.0,Semiurban,Y
LP105531,Male,Yes,3+,Graduate,No,3926,1516.0,196.0,84.0,1.0,Semiurban,Y
LP105532,Female,No,2,Graduate,No,7674,0.0,145.0,84.0,1.0,Semiurban,Y
LP105533,Male,Yes,1,Not Graduate,Yes,3976,5221.0,152.0,84.0,1.0,Urban,Y
LP105534,Female,No,3+,Graduate,Yes,11506,0.0,232.0,300.0,1.0,Urban,Y
LP105535,Female,No,1,Graduate,No,4906,0.0,76.0,180.0,1.0,Semiurban,Y
LP105536,Male,No,0,Not Graduate,Yes,4298,0.0,71.0,360.0,1.0,Urban,N
LP105537,Female,Yes,3+,Graduate,No,6926,1190.0,141.0,300.0,1.0,Semiurban,Y
LP105538,Male,Yes,0,Graduate,No,6089,139.0,146.0,360.0,1.0,Rural,Y
LP105539,Male,Yes,1,Not Graduate,No,7046,2586.0,207.0,180.0,1.0,Rural,Y
LP105540,Male,No,0,Graduate,No,4537,0.0,117.0,300.0,1.0,Urban,Y
LP105541,Male,Yes,1,Graduate,No,10945,1099.0,84.0,240.0,0.0,Semiurban,Y
LP105542,Female,Yes,1,Graduate,No,8903,1458.0,192.0,300.0,0.0,Semiurban,N
LP105543,Female,Yes,0,Not Graduate,Yes,4878,4946.0,301.0,360.0,1.0,Urban,Y
LP105544,Male,Yes,1,Not Graduate,No,8051,2599.0,167.0,300.0,,Semiurban,Y
LP105545,Male,Yes,2,Not Graduate,No,4197,5882.0,56.0,60.0,1.0,Urban,Y
LP105546,Female,Yes,0,Graduate,No,6919,2241.0,158.0,240.0,1.0,Semiurban,Y
LP105547,Male,Yes,1,Not Graduate,No,8064,1598.0,42.0,360.0,1.0,Rural,Y
LP105548,Male,Yes,0,Not Graduate,Yes,5709,3185.0,131.0,360.0,1.0,Rural,Y
LP105549,Male,No,2,Graduate,No,3004,0.0,40.0,360.0,1.0,Semiurban,Y
LP105550,Female,No,2,Not Graduate,No,2401,0.0,103.0,120.0,1.0,Semiurban,Y
LP105551,Male,No,3+,Not Graduate,No,5861,0.0,182.0,60.0,0.0,Rural,N
LP105552,Female,Yes,0,Graduate,No,3183,1144.0,113.0,360.0,1.0,Semiurban,Y
LP105553,Female,No,0,Not Graduate,No,9251,0.0,267.0,360.0,1.0,Semiurban,Y
LP105554,,Yes,0,Not Graduate,No,1987,2740.0,153.0,300.0,1.0,Rural,Y
LP105555,Male,Yes,0,Graduate,No,10832,3039.0,68.0,360.0,1.0,Urban,Y
LP105556,Female,Yes,1,Not Graduate,No,5067,220.0,230.0,360.0,,Urban,Y
LP105557,Male,Yes,3+,Not Graduate,No,2943,1006.0,203.0,84.0,1.0,Rural,N
LP105558,Female,Yes,1,Not Graduate,No,3748,506.0,288.0,120.0,1.0,Rural,Y
LP105559,Female,No,3+,Graduate,No,4349,0.0,205.0,300.0,1.0,Urban,Y
LP105560,Male,Yes,0,Graduate,No,6567,1115.0,178.0,360.0,1.0,Semiurban,Y
LP105561,Female,Yes,3+,Graduate,No,2356,2035.0,74.0,360.0,1.0,Semiurban,Y
LP105562,Female,Yes,0,Not Graduate,No,2764,2097.0,218.0,180.0,1.0,Semiurban,Y
LP105563,Female,Yes,3+,Graduate,No,4045,9939.0,122.0,360.0,1.0,Urban,Y
LP105564,Male,Yes,0,Graduate,No,4824,2436.0,217.0,300.0,1.0,Rural,Y
LP105565,Male,Yes,3+,Graduate,,7554,3013.0,511.0,36.0,0.0,Rural,N
LP105566,Male,No,0,Graduate,No,5776,0.0,277.0,360.0,1.0,Semiurban,Y
LP105567,Female,Yes,0,Not Graduate,No,3890,1383.0,159.0,300.0,0.0,Rural,N
LP105568,Male,Yes,1,Not Graduate,No,5663,760.0,140.0,360.0,1.0,Rural,Y
LP105569,Female,No,1,Graduate,Yes,5427,0.0,104.0,360.0,1.0,Semiurban,Y
LP105570,Male,No,2,Graduate,No,4225,0.0,33.0,300.0,1.0,Rural,Y
LP105571,Male,No,3+,Graduate,No,5269,0.0,,360.0,1.0,Rural,Y
LP105572,Male,Yes,2,Graduate,No,1500,3886.0,98.0,360.0,1.0,Urban,Y
LP105573,Female,Yes,2,Not Graduate,No,8604,1457.0,162.0,180.0,0.0,Urban,N
LP105574,Male,Yes,0,Graduate,No,6827,5256.0,98.0,300.0,1.0,Urban,Y
LP105575,Male,No,2,Graduate,Yes,12073,0.0,153.0,360.0,1.0,Semiurban,Y
LP105576,Male,No,1,Not Graduate,No,3021,0.0,283.0,360.0,1.0,Urban,N
LP105577,Female,Yes,3+,Not Graduate,Yes,6925,4406.0,147.0,180.0,1.0,Urban,Y
LP105578,Male,Yes,1,Not Graduate,No,1567,1978.0,,360.0,1.0,Rural,N
LP105579,Male,No,2,Not Graduate,No,1703,0.0,81.0,360.0,0.0,Semiurban,N
LP105580,Female,Yes,0,Not Graduate,No,4263,2479.0,203.0,120.0,1.0,Rural,Y
LP105581,Female,Yes,0,Not Graduate,No,3473,507.0,210.0,120.0,1.0,Rural,Y
LP105582,Female,Yes,1,Not Graduate,No,9213,1175.0,79.0,300.0,0.0,Urban,N
LP105583,Male,Yes,0,Not Graduate,No,9966,2525.0,131.0,240.0,1.0,Semiurban,Y
LP105584,Male,No,0,Not Graduate,No,10616,0.0,231.0,84.0,1.0,Urban,Y
LP105585,Female,Yes,0,Graduate,No,7035,4283.0,377.0,60.0,1.0,Semiurban,Y
LP105586,Male,Yes,2,Graduate,No,7219,1314.0,149.0,360.0,1.0,Urban,Y
LP105587,Female,Yes,0,Graduate,Yes,2277,1992.0,119.0,120.0,1.0,Urban,Y
LP105588,Male,Yes,3+,Not Graduate,No,11382,1642.0,107.0,240.0,1.0,Urban,Y
LP105589,Male,Yes,0,Not Graduate,Yes,10416,532.0,146.0,300.0,1.0,Semiurban,Y
LP105590,Male,Yes,0,Not Graduate,No,2147,2474.0,309.0,60.0,1.0,Rural,Y
LP105591,Male,Yes,1,Graduate,,6508,2330.0,146.0,84.0,1.0,Urban,Y
LP105592,Male,No,1,Graduate,No,3540,0.0,181.0,300.0,1.0,Semiurban,Y
LP105593,Male,No,1,Not Graduate,No,14909,0.0,57.0,360.0,1.0,Semiurban,Y
LP105594,Female,Yes,1,Graduate,No,2738,1257.0,349.0,360.0,0.0,Semiurban,N
LP105595,Male,Yes,0,Graduate,Yes,5195,4839.0,299.0,360.0,1.0,Rural,Y
LP105596,Female,No,2,Not Graduate,No,5494,0.0,112.0,300.0,1.0,Urban,Y
LP105597,Female,Yes,1,Graduate,No,4759,421.0,126.0,180.0,,Urban,N
LP105598,Male,No,0,Graduate,No,17836,0.0,272.0,300.0,1.0,Semiurban,Y
LP105599,Male,Yes,2,Graduate,No,13556,4578.0,700.0,360.0,0.0,Semiurban,Y
LP105600,Female,No,2,Graduate,No,1839,0.0,48.0,180.0,0.0,Urban,N
LP105601,Male,No,1,Graduate,No,6583,0.0,98.0,360.0,1.0,Urban,Y
LP105602,Female,No,2,Graduate,Yes,4881,0.0,106.0,120.0,1.0,Rural,N
LP105603,Female,No,3+,Graduate,No,8107,0.0,250.0,180.0,1.0,Urban,Y
LP105604,Female,No,1,Graduate,No,5584,0.0,,360.0,,Semiurban,Y
LP105605,Male,Yes,0,Not Graduate,No,3018,1961.0,98.0,300.0,0.0,Rural,N
LP105606,Male,Yes,3+,Graduate,No,2637,1868.0,57.0,120.0,1.0,Semiurban,Y
LP105607,Male,Yes,0,Graduate,Yes,3861,10840.0,246.0,360.0,1.0,Semiurban,Y
LP105608,Male,No,0,Graduate,No,4571,0.0,119.0,180.0,1.0,Urban,Y
LP105609,Female,No,0,Graduate,No,5521,0.0,67.0,36.0,0.0,Semiurban,N
LP105610,Male,Yes,2,Graduate,,3490,1201.0,89.0,360.0,1.0,Semiurban,Y
LP105611,Male,Yes,3+,Graduate,No,13678,15137.0,104.0,240.0,,Rural,Y
LP105612,Female,No,2,Not Graduate,No,6776,0.0,112.0,360.0,1.0,Semiurban,Y
LP105613,Male,Yes,3+,Not Graduate,No,8303,5148.0,71.0,360.0,1.0,Rural,Y
LP105614,Male,Yes,0,Graduate,No,4522,519.0,72.0,300.0,1.0,Urban,Y
LP105615,Male,No,0,Graduate,No,2637,0.0,556.0,84.0,0.0,Urban,N
LP105616,Female,Yes,2,Graduate,No,8349,1955.0,163.0,240.0,0.0,Semiurban,N
LP105617,Male,Yes,3+,Graduate,No,2707,1032.0,104.0,180.0,1.0,Urban,Y
LP105618,Female,Yes,1,Not Graduate,No,1500,3210.0,168.0,360.0,1.0,Rural,Y
LP105619,Male,Yes,0,Graduate,No,6900,953.0,147.0,240.0,1.0,Semiurban,Y
LP105620,Female,Yes,0,Not Graduate,,3123,496.0,77.0,240.0,1.0,Semiurban,Y
LP105621,Female,Yes,0,Not Graduate,No,4021,1409.0,42.0,360.0,1.0,Semiurban,Y
LP105622,Male,Yes,0,Graduate,Yes,7453,867.0,97.0,36.0,1.0,Semiurban,Y
LP105623,Male,Yes,0,Graduate,No,2812,2224.0,120.0,84.0,1.0,Semiurban,Y
LP105624,Male,Yes,3+,Graduate,No,1879,1438.0,125.0,360.0,1.0,Semiurban,Y
LP105625,Female,Yes,1,Graduate,No,10215,6318.0,44.0,360.0,0.0,Semiurban,Y
LP105626,Male,No,2,Not Graduate,No,4745,0.0,594.0,360.0,1.0,Rural,N
LP105627,Male,Yes,0,Graduate,Yes,10450,2254.0,,120.0,1.0,Rural,Y
LP105628,Male,No,0,Graduate,No,7155,0.0,175.0,240.0,1.0,Urban,Y
LP105629,Male,No,1,Not Graduate,No,7283,0.0,136.0,84.0,1.0,Rural,Y
LP105630,Male,Yes,3+,Graduate,No,5421,871.0,95.0,360.0,1.0,Rural,Y
LP105631,Male,No,1,Graduate,No,5418,0.0,190.0,360.0,1.0,Semiurban,Y
LP105632,Male,Yes,3+,Graduate,Yes,9708,986.0,125.0,360.0,0.0,Semiurban,N
LP105633,Female,No,2,Not Graduate,No,8011,0.0,284.0,360.0,0.0,Semiurban,N
LP105634,Female,Yes,0,Graduate,No,3451,2296.0,232.0,360.0,1.0,Urban,Y
LP105635,Male,No,,Not Graduate,Yes,6606,0.0,80.0,60.0,1.0,Urban,Y
LP105636,Female,Yes,2,Graduate,Yes,3389,5584.0,88.0,360.0,0.0,Rural,N
LP105637,Female,No,1,Graduate,No,4074,0.0,240.0,360.0,1.0,Semiurban,Y
LP105638,Female,Yes,0,Graduate,No,6912,881.0,203.0,360.0,1.0,Urban,Y
LP105639,Male,No,1,Not Graduate,No,3358,0.0,68.0,360.0,1.0,Semiurban,Y
LP105640,Male,Yes,1,Graduate,Yes,5369,919.0,102.0,360.0,0.0,Urban,N
LP105641,Male,No,3+,Graduate,No,6173,0.0,122.0,360.0,1.0,Rural,Y
LP105642,Female,Yes,0,Not Graduate,Yes,4009,3140.0,131.0,240.0,,Semiurban,Y
LP105643,Male,Yes,0,Not Graduate,No,7568,2022.0,128.0,360.0,1.0,Semiurban,Y
LP105644,Male,Yes,1,Not Graduate,No,3775,2065.0,230.0,180.0,1.0,Urban,Y
LP105645,Male,No,2,Graduate,No,8652,0.0,146.0,84.0,1.0,Rural,Y
LP105646,Male,Yes,2,Graduate,Yes,5315,4328.0,140.0,60.0,0.0,Rural,N
LP105647,Male,No,3+,Graduate,No,5451,0.0,85.0,84.0,0.0,Rural,N
LP105648,Male,Yes,2,Not Graduate,Yes,2866,1088.0,148.0,300.0,1.0,Semiurban,Y
LP105649,Male,No,1,Graduate,No,4269,0.0,131.0,360.0,0.0,Rural,N
LP105650,Male,Yes,0,Graduate,No,5524,806.0,100.0,360.0,1.0,Urban,Y
LP105651,Female,Yes,1,Graduate,No,9087,3390.0,67.0,300.0,1.0,Urban,Y
LP105652,Female,No,2,Graduate,No,4052,0.0,288.0,120.0,1.0,Semiurban,Y
LP105653,Female,Yes,2,Not Graduate,,9067,746.0,390.0,360.0,1.0,Urban,Y
LP105654,Female,Yes,3+,Not Graduate,No,3123,5285.0,155.0,120.0,1.0,Urban,Y
LP105655,Male,Yes,2,Not Graduate,No,6005,1787.0,317.0,360.0,1.0,Semiurban,Y
LP105656,Male,Yes,1,Graduate,No,3626,993.0,154.0,360.0,1.0,Semiurban,Y
LP105657,Female,Yes,0,Not Graduate,No,12413,4511.0,58.0,240.0,1.0,Rural,Y
LP105658,,No,,Graduate,No,11138,0.0,160.0,240.0,1.0,Urban,Y
LP105659,Male,Yes,0,Graduate,No,5833,399.0,109.0,360.0,1.0,Rural,Y
LP105660,Male,Yes,0,Graduate,No,3565,4384.0,178.0,480.0,1.0,Urban,Y
LP105661,Male,Yes,1,Graduate,No,1977,2051.0,,180.0,1.0,Semiurban,Y
LP105662,Male,Yes,0,Graduate,No,6167,3932.0,99.0,360.0,1.0,Urban,Y
LP105663,Male,Yes,2,Graduate,No,5566,1712.0,169.0,60.0,1.0,Semiurban,Y
LP105664,Male,No,1,Not Graduate,Yes,8224,0.0,225.0,60.0,1.0,Rural,Y
LP105665,Female,No,1,Not Graduate,No,2038,0.0,302.0,300.0,1.0,Semiurban,Y
LP105666,Male,Yes,1,Graduate,No,5350,3999.0,242.0,12.0,1.0,Urban,Y
LP105667,,No,0,Graduate,No,6357,0.0,68.0,360.0,1.0,Semiurban,Y
LP105668,Male,Yes,3+,Graduate,Yes,2860,4109.0,68.0,240.0,1.0,Semiurban,Y
LP105669,Female,No,0,Graduate,No,5270,0.0,212.0,240.0,1.0,Urban,Y
LP105670,Male,Yes,3+,Graduate,No,3177,3312.0,106.0,240.0,1.0,Rural,Y
LP105671,Male,No,0,Graduate,No,2995,0.0,74.0,180.0,1.0,Semiurban,Y
LP105672,Male,Yes,1,Not Graduate,Yes,3574,2535.0,273.0,84.0,1.0,Semiurban,Y
LP105673,Male,Yes,0,Graduate,No,4189,2769.0,107.0,360.0,1.0,Urban,Y
LP105674,Female,Yes,0,Graduate,No,10334,7970.0,357.0,180.0,0.0,Urban,Y
LP105675,Female,Yes,1,Not Graduate,No,4051,3159.0,103.0,240.0,1.0,Rural,Y
LP105676,Male,Yes,2,Not Graduate,Yes,2958,1129.0,85.0,240.0,0.0,Urban,N
LP105677,Male,Yes,0,Graduate,Yes,8004,1092.0,129.0,240.0,1.0,Semiurban,Y
LP105678,Female,Yes,1,Graduate,No,9105,3323.0,211.0,360.0,,Semiurban,Y
LP105679,Male,No,0,Not Graduate,No,8035,0.0,160.0,300.0,0.0,Urban,N
LP105680,Male,Yes,1,Not Graduate,No,11176,1193.0,417.0,300.0,1.0,Semiurban,Y
LP105681,Male,Yes,3+,Graduate,No,5515,909.0,148.0,360.0,1.0,Semiurban,Y
LP105682,Female,Yes,3+,Graduate,Yes,5395,2011.0,120.0,180.0,0.0,Rural,N
LP105683,Male,No,1,Graduate,Yes,3221,0.0,332.0,360.0,1.0,Semiurban,Y
LP105684,Male,No,0,Graduate,No,11377,0.0,191.0,120.0,1.0,Rural,Y
LP105685,Female,Yes,0,Graduate,No,4650,7016.0,104.0,360.0,1.0,Semiurban,Y
LP105686,Male,Yes,3+,Graduate,No,4096,2855.0,154.0,120.0,1.0,Urban,Y
LP105687,Male,Yes,0,Not Graduate,No,3882,7380.0,153.0,360.0,1.0,Urban,Y
LP105688,Female,No,2,Graduate,No,7200,0.0,118.0,300.0,1.0,Rural,Y
LP105689,Male,Yes,1,Graduate,Yes,5167,1006.0,149.0,60.0,1.0,Semiurban,Y
LP105690,Male,,3+,Graduate,No,5506,815.0,62.0,360.0,1.0,Urban,Y
LP105691,Male,Yes,1,Graduate,No,4045,1638.0,108.0,360.0,1.0,Rural,Y
LP105692,Male,Yes,1,Graduate,No,4363,3303.0,173.0,120.0,1.0,Urban,Y
LP105693,Male,Yes,2,Graduate,No,4496,1425.0,97.0,360.0,1.0,Semiurban,Y
LP105694,Male,No,3+,Not Graduate,No,11532,0.0,78.0,180.0,1.0,Semiurban,Y
LP105695,Male,Yes,3+,Graduate,Yes,1667,5556.0,131.0,180.0,1.0,Semiurban,Y
LP105696,Female,Yes,2,Not Graduate,Yes,6431,948.0,101.0,360.0,1.0,Urban,Y
LP105697,Male,Yes,2,Not Graduate,No,9441,750.0,60.0,120.0,0.0,Semiurban,N
LP105698,Male,Yes,1,Graduate,No,1630,3860.0,61.0,360.0,1.0,Urban,Y
LP105699,Male,Yes,2,Not Graduate,No,4708,2242.0,171.0,360.0,1.0,Semiurban,Y
LP105700,Female,No,3+,Not Graduate,Yes,8859,0.0,141.0,360.0,1.0,Semiurban,Y
LP105701,Male,Yes,1,Graduate,No,3128,3158.0,,84.0,1.0,Rural,Y
LP105702,Male,Yes,2,Not Graduate,No,5774,533.0,112.0,360.0,1.0,Urban,Y
LP105703,Male,Yes,1,Graduate,No,2809,2573.0,54.0,300.0,1.0,Rural,Y
LP105704,Male,Yes,1,Graduate,No,5013,2088.0,79.0,360.0,0.0,Semiurban,Y
LP105705,Male,Yes,3+,Graduate,No,10578,2616.0,110.0,60.0,,Semiurban,Y
LP105706,Female,Yes,1,Not Graduate,Yes,13593,842.0,174.0,360.0,1.0,Semiurban,Y
LP105707,Male,Yes,0,Graduate,No,5728,1928.0,47.0,360.0,0.0,Urban,Y
LP105708,Male,Yes,1,Not Graduate,Yes,2281,1227.0,33.0,300.0,1.0,Semiurban,Y
LP105709,Male,Yes,0,Not Graduate,Yes,4079,4167.0,320.0,360.0,1.0,Rural,Y
LP105710,Female,Yes,1,Graduate,No,1655,1686.0,192.0,360.0,1.0,Semiurban,Y
LP105711,Male,Yes,3+,Graduate,No,4119,1118.0,79.0,180.0,1.0,Rural,Y
LP105712,Male,No,2,Graduate,No,8767,0.0,116.0,60.0,1.0,Semiurban,Y
LP105713,Male,Yes,3+,Graduate,No,2169,3634.0,104.0,360.0,1.0,Rural,Y
LP105714,Male,Yes,0,Not Graduate,No,4340,3963.0,159.0,300.0,1.0,Urban,Y
LP105715,Male,Yes,3+,Graduate,,3011,8423.0,99.0,60.0,0.0,Semiurban,N
LP105716,Male,Yes,2,Graduate,Yes,14417,1397.0,67.0,60.0,1.0,Rural,Y
LP105717,Male,Yes,0,Graduate,No,6242,804.0,180.0,180.0,1.0,Rural,Y
LP105718,Male,No,2,Not Graduate,No,8186,0.0,398.0,12.0,1.0,Rural,Y
LP105719,Male,No,3+,Graduate,No,5857,0.0,184.0,300.0,1.0,Urban,Y
LP105720,Male,Yes,0,Not Graduate,Yes,7758,1093.0,140.0,240.0,0.0,Semiurban,N
LP105721,Male,Yes,1,Not Graduate,Yes,9399,2642.0,118.0,36.0,1.0,Urban,Y
LP105722,Female,Yes,3+,Not Graduate,No,5029,4331.0,83.0,180.0,1.0,Urban,Y
LP105723,Female,Yes,0,Graduate,Yes,3573,2516.0,,360.0,0.0,Urban,N
LP105724,Female,No,2,Graduate,No,2804,0.0,169.0,360.0,1.0,Urban,Y
LP105725,Female,No,1,Graduate,Yes,14118,0.0,273.0,12.0,0.0,Semiurban,N
LP105726,Male,No,0,Graduate,Yes,8041,0.0,281.0,84.0,,Semiurban,Y
LP105727,Female,Yes,2,Not Graduate,No,1500,5767.0,148.0,480.0,1.0,Urban,Y
LP105728,Male,Yes,0,Graduate,No,4243,19916.0,150.0,360.0,1.0,Semiurban,Y
LP105729,Male,No,2,Graduate,No,6308,0.0,138.0,360.0,1.0,Urban,Y
LP105730,Male,No,0,Graduate,No,13404,0.0,189.0,240.0,1.0,Urban,Y
LP105731,Male,No,0,Graduate,No,2536,0.0,138.0,300.0,1.0,Semiurban,Y
LP105732,Female,Yes,1,Graduate,No,6347,2756.0,139.0,300.0,1.0,Urban,Y
LP105733,Male,Yes,1,Graduate,No,3866,5060.0,80.0,240.0,0.0,Semiurban,N
LP105734,Male,Yes,0,Not Graduate,No,2396,2401.0,79.0,,1.0,Urban,Y
LP105735,Female,Yes,2,Graduate,Yes,11017,3038.0,88.0,300.0,1.0,Semiurban,Y
LP105736,Male,Yes,3+,Graduate,No,2755,1930.0,155.0,360.0,1.0,Urban,Y
LP105737,Male,Yes,3+,Graduate,No,8799,2022.0,111.0,12.0,1.0,Urban,Y
LP105738,Female,Yes,1,Graduate,No,1887,3007.0,632.0,360.0,1.0,Semiurban,Y
LP105739,Male,Yes,3+,Not Graduate,No,3662,2532.0,169.0,360.0,1.0,Rural,Y
LP105740,Male,Yes,3+,Not Graduate,Yes,6927,782.0,344.0,120.0,1.0,Urban,Y
LP105741,Male,Yes,1,Graduate,,7555,2717.0,,180.0,1.0,Urban,Y
LP105742,Male,No,0,Graduate,No,6387,0.0,173.0,60.0,1.0,Urban,Y
LP105743,Female,Yes,0,Graduate,No,8877,1158.0,,180.0,1.0,Semiurban,Y
LP105744,Male,Yes,1,Not Graduate,No,4133,3928.0,78.0,360.0,1.0,Urban,Y
LP105745,Male,No,3+,Not Graduate,No,11332,0.0,93.0,120.0,1.0,Urban,Y
LP105746,Male,No,1,Graduate,No,6087,0.0,222.0,360.0,1.0,Rural,Y
LP105747,Male,Yes,2,Not Graduate,No,7637,770.0,157.0,360.0,1.0,Urban,Y
LP105748,Female,No,0,Graduate,No,6112,0.0,91.0,36.0,1.0,Semiurban,Y
LP105749,Male,Yes,0,Not Graduate,Yes,6600,12262.0,118.0,300.0,1.0,Rural,Y
LP105750,Male,Yes,1,Not Graduate,No,2695,980.0,163.0,12.0,1.0,Urban,Y
LP105751,Male,Yes,3+,Graduate,No,2793,1601.0,136.0,360.0,,Semiurban,N
LP105752,Female,Yes,1,Graduate,No,3552,5506.0,116.0,240.0,1.0,Urban,Y
LP105753,Female,No,3+,Not Graduate,No,6691,0.0,129.0,360.0,1.0,Rural,Y
LP105754,Male,No,0,Graduate,No,3452,0.0,31.0,360.0,1.0,Rural,N
LP105755,Male,No,2,Not Graduate,No,4114,0.0,135.0,300.0,0.0,Semiurban,N
LP105756,Male,No,2,Graduate,No,4705,0.0,71.0,360.0,0.0,Urban,N
LP105757,Female,Yes,3+,Not Graduate,No,11507,1395.0,167.0,360.0,1.0,Semiurban,Y
LP105758,Male,No,0,Graduate,Yes,7056,0.0,145.0,84.0,1.0,Rural,Y
LP105759,Female,No,0,Graduate,No,2045,0.0,210.0,240.0,0.0,Urban,N
LP105760,Male,No,0,Not Graduate,No,5408,0.0,211.0,240.0,1.0,Rural,Y
LP105761,Female,No,3+,Not Graduate,No,4096,0.0,376.0,180.0,1.0,Rural,N
LP105762,Male,No,0,Graduate,No,4285,0.0,40.0,360.0,1.0,Urban,Y
LP105763,Male,Yes,0,Graduate,No,4916,1593.0,124.0,180.0,1.0,Rural,Y
LP105764,Male,No,1,Not Graduate,No,9657,0.0,39.0,240.0,1.0,Urban,Y
LP105765,Male,No,1,Not Graduate,No,3016,0.0,180.0,60.0,1.0,Semiurban,N
LP105766,Female,No,2,Not Graduate,No,5554,0.0,121.0,300.0,1.0,Urban,Y
LP105767,Female,Yes,3+,Graduate,No,5851,2749.0,101.0,84.0,0.0,Semiurban,N
LP105768,Female,Yes,1,Graduate,No,4303,406.0,157.0,360.0,0.0,Semiurban,N
LP105769,Male,,3+,Not Graduate,No,3350,0.0,71.0,360.0,1.0,Semiurban,N
LP105770,Male,Yes,2,Not Graduate,No,3123,1622.0,406.0,180.0,1.0,Semiurban,N
LP105771,Female,Yes,0,Graduate,No,3818,2776.0,115.0,12.0,1.0,Semiurban,Y
LP105772,Male,Yes,3+,Graduate,No,7650,1505.0,140.0,60.0,1.0,Rural,Y
LP105773,Male,Yes,2,Graduate,No,3963,1209.0,124.0,120.0,1.0,Semiurban,Y
LP105774,Male,Yes,1,Not Graduate,Yes,4630,822.0,233.0,300.0,1.0,Semiurban,Y
LP105775,Male,Yes,2,Not Graduate,,2454,3753.0,65.0,,1.0,Semiurban,Y
LP105776,Male,Yes,1,Not Graduate,No,3697,1957.0,220.0,84.0,1.0,Urban,N
LP105777,Male,Yes,0,Graduate,No,5639,6935.0,98.0,360.0,1.0,Urban,Y
LP105778,Male,Yes,2,Graduate,No,1807,639.0,98.0,300.0,1.0,Semiurban,Y
LP105779,Female,Yes,2,Not Graduate,No,9199,3143.0,227.0,360.0,1.0,Semiurban,Y
LP105780,Male,Yes,2,Graduate,No,3443,2802.0,114.0,360.0,1.0,Semiurban,Y
LP105781,Male,Yes,0,Graduate,No,14154,3560.0,194.0,360.0,1.0,Rural,Y
LP105782,Male,Yes,3+,Graduate,No,6323,3502.0,,360.0,1.0,Semiurban,Y
LP105783,Female,No,0,Not Graduate,No,1634,0.0,108.0,360.0,1.0,Semiurban,Y
LP105784,Male,Yes,0,Graduate,No,5805,1564.0,154.0,360.0,1.0,Rural,Y
LP105785,Male,Yes,0,Graduate,No,4061,2065.0,100.0,360.0,1.0,Semiurban,Y
LP105786,Male,No,0,Graduate,,5848,0.0,132.0,12.0,1.0,Semiurban,Y
LP105787,Male,Yes,1,Graduate,No,12965,4127.0,178.0,480.0,1.0,Rural,Y
LP105788,Male,No,2,Graduate,No,7502,0.0,75.0,360.0,1.0,Semiurban,Y
LP105789,Female,No,3+,Graduate,No,4292,0.0,174.0,300.0,1.0,Rural,Y
LP105790,Female,Yes,3+,Not Graduate,No,2125,472.0,162.0,300.0,1.0,Rural,N
LP105791,Male,Yes,2,Graduate,No,8297,4358.0,54.0,180.0,1.0,Semiurban,Y
LP105792,Male,Yes,1,Graduate,,6673,2148.0,85.0,300.0,1.0,Urban,Y
LP105793,Female,Yes,2,Not Graduate,No,9845,1180.0,88.0,360.0,1.0,Rural,Y
LP105794,Male,Yes,2,Graduate,No,4511,1952.0,102.0,180.0,1.0,Rural,Y
LP105795,Female,Yes,1,Graduate,No,5866,2233.0,75.0,360.0,1.0,Urban,Y
LP105796,Male,No,2,Graduate,No,4239,0.0,235.0,120.0,1.0,Semiurban,Y
LP105797,Female,Yes,1,Not Graduate,No,5177,2031.0,253.0,360.0,0.0,Semiurban,Y
LP105798,Female,Yes,1,Not Graduate,No,1980,5491.0,83.0,300.0,1.0,Rural,Y
LP105799,Female,No,1,Graduate,No,5948,0.0,67.0,360.0,0.0,Urban,N
LP105800,Female,Yes,2,Graduate,No,6182,3578.0,133.0,240.0,1.0,Semiurban,Y
LP105801,Male,Yes,2,Not Graduate,No,3632,2223.0,298.0,240.0,1.0,Semiurban,Y
LP105802,Female,Yes,1,Graduate,Yes,7072,3788.0,489.0,360.0,1.0,Semiurban,Y
LP105803,Male,Yes,1,Not Graduate,No,8296,3179.0,89.0,240.0,1.0,Rural,Y
LP105804,Male,No,3+,Graduate,No,11385,0.0,34.0,360.0,1.0,Rural,Y
LP105805,Female,Yes,3+,Graduate,No,2665,870.0,55.0,360.0,1.0,Urban,Y
LP105806,Female,Yes,0,Graduate,No,7343,3004.0,46.0,240.0,1.0,Urban,Y
LP105807,Female,Yes,0,Graduate,No,10968,1059.0,172.0,120.0,,Urban,Y
LP105808,Male,Yes,2,Graduate,No,3981,796.0,142.0,300.0,1.0,Semiurban,Y
LP105809,Female,Yes,1,Graduate,No,11349,5072.0,152.0,360.0,1.0,Semiurban,Y
LP105810,Female,No,0,Graduate,No,3179,0.0,263.0,360.0,0.0,Semiurban,N
LP105811,Male,No,0,Graduate,No,5124,0.0,356.0,360.0,1.0,Urban,Y
LP105812,Male,Yes,2,Graduate,No,1743,690.0,222.0,180.0,0.0,Urban,N
LP105813,Male,Yes,2,Graduate,No,1603,1262.0,208.0,180.0,0.0,Urban,N
LP105814,Male,Yes,1,Not Graduate,No,1935,1373.0,55.0,300.0,1.0,Semiurban,Y
LP105815,Female,Yes,1,Not Graduate,No,11513,876.0,98.0,84.0,1.0,Semiurban,Y
LP105816,Male,Yes,1,Graduate,No,3086,683.0,308.0,360.0,1.0,Urban,Y
LP105817,Female,Yes,0,Graduate,Yes,3090,7319.0,96.0,60.0,1.0,Urban,Y
LP105818,Female,Yes,1,Graduate,No,6278,5583.0,260.0,300.0,0.0,Rural,Y
LP105819,Male,Yes,0,Graduate,No,3145,1662.0,144.0,480.0,1.0,Rural,Y
LP105820,Female,No,1,Not Graduate,No,10127,0.0,214.0,360.0,1.0,Urban,Y
LP105821,Male,No,0,Graduate,No,15035,0.0,79.0,360.0,1.0,Semiurban,Y
LP105822,Female,Yes,2,Not Graduate,No,1500,1259.0,212.0,360.0,,Urban,Y
LP105823,Male,Yes,2,Graduate,No,6715,298.0,91.0,360.0,,Urban,Y
LP105824,Female,No,1,Graduate,Yes,1500,0.0,154.0,360.0,1.0,Semiurban,Y
LP105825,Male,Yes,0,Not Graduate,No,2173,358.0,131.0,120.0,1.0,Urban,Y
LP105826,Male,No,0,Graduate,,6545,0.0,274.0,180.0,1.0,Semiurban,Y
LP105827,Female,Yes,2,Graduate,No,2789,2115.0,221.0,360.0,,Rural,Y
LP105828,Male,Yes,0,Graduate,No,5747,1557.0,46.0,180.0,1.0,Semiurban,Y
LP105829,Male,Yes,0,Not Graduate,No,5007,10274.0,,240.0,1.0,Semiurban,Y
LP105830,Male,No,2,Graduate,No,1828,0.0,91.0,36.0,1.0,Urban,Y
LP105831,Female,Yes,2,Graduate,No,7291,7217.0,203.0,360.0,1.0,Urban,Y
LP105832,Male,Yes,0,Not Graduate,No,5880,2291.0,99.0,60.0,1.0,Semiurban,Y
LP105833,Male,Yes,1,Graduate,No,5030,9047.0,69.0,300.0,,Urban,Y
LP105834,Male,No,3+,Not Graduate,No,3331,0.0,59.0,120.0,0.0,Urban,N
LP105835,Male,No,3+,Graduate,No,6209,0.0,207.0,36.0,0.0,Urban,N
LP105836,Male,No,0,Not Graduate,No,2261,0.0,38.0,180.0,1.0,Urban,N
LP105837,Male,No,2,Not Graduate,No,2684,0.0,252.0,360.0,0.0,Semiurban,N
LP105838,Male,Yes,1,Graduate,No,5958,1493.0,62.0,60.0,1.0,Rural,Y
LP105839,Male,Yes,3+,Graduate,Yes,9118,1049.0,102.0,360.0,1.0,Rural,Y
LP105840,Male,Yes,1,Not Graduate,No,3691,2937.0,66.0,360.0,1.0,Semiurban,Y
LP105841,Female,Yes,2,Not Graduate,Yes,6465,3732.0,77.0,60.0,1.0,Urban,Y
LP105842,Male,No,2,Graduate,No,5557,0.0,117.0,240.0,1.0,Urban,Y
LP105843,Male,No,1,Not Graduate,Yes,6301,0.0,123.0,360.0,1.0,Urban,Y
LP105844,Female,Yes,2,Graduate,No,3245,7015.0,53.0,360.0,1.0,Urban,Y
LP105845,Male,Yes,0,Graduate,No,4493,4910.0,105.0,360.0,1.0,Semiurban,Y
LP105846,Female,No,0,Graduate,No,4803,0.0,142.0,360.0,1.0,Rural,Y
LP105847,Male,Yes,1,Graduate,,12076,3837.0,177.0,360.0,0.0,Semiurban,Y
LP105848,Male,Yes,3+,Graduate,Yes,2533,913.0,39.0,300.0,1.0,Rural,Y
LP105849,Male,Yes,1,Graduate,No,2116,1760.0,100.0,360.0,1.0,Semiurban,Y
LP105850,Female,Yes,2,Not Graduate,Yes,29721,773.0,39.0,300.0,1.0,Semiurban,Y
LP105851,Female,Yes,2,Graduate,No,5915,3946.0,98.0,360.0,1.0,Rural,Y
LP105852,,Yes,0,Graduate,No,6830,1170.0,103.0,360.0,1.0,Semiurban,Y
LP105853,Male,Yes,1,Not Graduate,No,7224,459.0,195.0,360.0,1.0,Semiurban,Y
LP105854,Female,No,2,Graduate,No,7809,0.0,,84.0,1.0,Urban,Y
LP105855,Male,Yes,3+,Graduate,Yes,8428,4447.0,72.0,360.0,1.0,Urban,Y
LP105856,Male,Yes,0,Not Graduate,No,7831,600.0,160.0,36.0,1.0,Rural,Y
LP105857,Female,No,1,Not Graduate,No,9664,0.0,198.0,360.0,1.0,Urban,Y
LP105858,Female,Yes,0,Graduate,No,5434,1160.0,85.0,180.0,1.0,Semiurban,Y
LP105859,Male,Yes,0,Graduate,No,9351,3995.0,213.0,360.0,1.0,Semiurban,Y
LP105860,Female,No,1,Graduate,No,15293,0.0,,12.0,1.0,Semiurban,Y
LP105861,Female,Yes,1,Not Graduate,Yes,5527,4482.0,113.0,180.0,1.0,Urban,Y
LP105862,Male,No,0,Graduate,No,6558,0.0,146.0,60.0,1.0,Urban,Y
LP105863,Male,Yes,0,Graduate,No,3470,1590.0,52.0,360.0,1.0,Semiurban,Y
LP105864,Male,Yes,2,Not Graduate,No,4451,3593.0,146.0,120.0,0.0,Semiurban,N
LP105865,Female,Yes,3+,Graduate,No,6073,5902.0,80.0,360.0,1.0,Urban,Y
LP105866,Female,Yes,0,Graduate,No,3891,1883.0,136.0,240.0,0.0,Rural,N
LP105867,Male,No,2,Graduate,Yes,5195,0.0,105.0,360.0,1.0,Rural,Y
LP105868,Female,Yes,0,Graduate,No,6031,1181.0,159.0,360.0,1.0,Semiurban,Y
LP105869,Male,No,,Not Graduate,No,12238,0.0,274.0,360.0,1.0,Semiurban,Y
LP105870,Male,No,2,Graduate,No,2926,0.0,144.0,300.0,1.0,Urban,Y
LP105871,Male,Yes,2,Graduate,No,6323,2352.0,244.0,360.0,1.0,Rural,Y
LP105872,Male,No,0,Graduate,Yes,3420,0.0,72.0,240.0,1.0,Rural,Y
LP105873,Female,Yes,1,Graduate,Yes,7782,3318.0,317.0,180.0,1.0,Semiurban,Y
LP105874,Male,No,1,Not Graduate,No,8162,0.0,73.0,360.0,1.0,Semiurban,Y
LP105875,Female,No,0,Not Graduate,Yes,13446,0.0,63.0,240.0,1.0,Semiurban,Y
LP105876,Male,Yes,0,Graduate,No,3806,1208.0,113.0,300.0,1.0,Semiurban,Y
LP105877,Male,Yes,1,Graduate,No,5363,1190.0,102.0,120.0,1.0,Semiurban,Y
LP105878,Female,Yes,2,Graduate,No,7962,599.0,51.0,360.0,1.0,Semiurban,Y
LP105879,Male,Yes,0,Graduate,No,7296,2710.0,68.0,360.0,1.0,Urban,Y
LP105880,Male,Yes,1,Not Graduate,No,1500,2138.0,15.0,300.0,1.0,Semiurban,Y
LP105881,Male,Yes,0,Not Graduate,No,3253,559.0,59.0,300.0,1.0,Semiurban,Y
LP105882,Female,Yes,0,Graduate,No,6919,1307.0,90.0,360.0,1.0,Urban,Y
LP105883,Male,Yes,2,Graduate,No,4333,1450.0,328.0,120.0,1.0,Rural,Y
LP105884,Male,Yes,0,Graduate,No,7997,1131.0,205.0,240.0,1.0,Semiurban,Y
LP105885,Male,Yes,1,Graduate,No,9184,1642.0,163.0,120.0,1.0,Semiurban,Y
LP105886,Male,Yes,1,Graduate,No,4323,1659.0,492.0,300.0,1.0,Urban,Y
LP105887,Female,No,2,Graduate,Yes,7047,0.0,45.0,360.0,1.0,Semiurban,Y
LP105888,Male,Yes,1,Graduate,No,11774,1801.0,128.0,360.0,1.0,Semiurban,Y
LP105889,Male,Yes,3+,Graduate,No,9055,2907.0,455.0,360.0,0.0,Semiurban,N
LP105890,Male,Yes,1,Graduate,No,3095,594.0,99.0,360.0,1.0,Semiurban,Y
LP105891,Male,No,2,Not Graduate,No,4398,0.0,81.0,360.0,1.0,Semiurban,Y
LP105892,Female,Yes,0,Not Graduate,No,4996,602.0,219.0,360.0,1.0,Semiurban,Y
LP105893,Male,No,1,Graduate,No,2804,0.0,96.0,300.0,1.0,Urban,N
LP105894,Female,No,1,Graduate,No,9339,0.0,285.0,36.0,1.0,Urban,Y
LP105895,Male,No,0,Graduate,No,3337,0.0,221.0,36.0,,Semiurban,Y
LP105896,Male,No,1,Not Graduate,No,4624,0.0,119.0,360.0,1.0,Semiurban,Y
LP105897,Female,Yes,0,Not Graduate,No,9349,3566.0,241.0,180.0,1.0,Semiurban,Y
LP105898,Male,Yes,0,Not Graduate,No,3749,929.0,116.0,240.0,0.0,Urban,N
LP105899,Female,No,0,Not Graduate,No,4015,0.0,,300.0,1.0,Urban,Y
LP105900,Female,No,2,Graduate,No,6019,0.0,190.0,36.0,1.0,Urban,Y
LP105901,Male,No,2,Graduate,No,3845,0.0,106.0,360.0,1.0,Urban,Y
LP105902,Male,No,0,Graduate,No,12327,0.0,332.0,84.0,1.0,Semiurban,Y
LP105903,Female,No,1,Graduate,No,2837,0.0,140.0,360.0,1.0,Urban,Y
LP105904,Male,Yes,0,Graduate,No,1500,1180.0,159.0,360.0,1.0,Semiurban,Y
LP105905,Male,No,0,Not Graduate,No,8150,0.0,60.0,360.0,1.0,Rural,Y
LP105906,Male,No,2,Not Graduate,Yes,3965,0.0,91.0,60.0,0.0,Urban,N
LP105907,Male,No,2,Graduate,No,3027,0.0,148.0,300.0,1.0,Rural,N
LP105908,Female,Yes,0,Not Graduate,No,6187,1803.0,226.0,360.0,1.0,Semiurban,Y
LP105909,Male,No,0,Graduate,No,6321,0.0,313.0,360.0,1.0,Rural,Y
LP105910,Male,No,2,Not Graduate,No,3111,0.0,71.0,300.0,0.0,Urban,N
LP105911,Male,Yes,0,Not Graduate,No,10017,1307.0,81.0,360.0,1.0,Rural,Y
LP105912,Male,Yes,0,Graduate,No,8243,541.0,64.0,120.0,1.0,Rural,Y
LP105913,Male,Yes,2,Graduate,No,16070,1032.0,180.0,360.0,1.0,Rural,Y
LP105914,Female,No,1,Graduate,No,3732,0.0,313.0,180.0,1.0,Rural,Y
LP105915,Male,Yes,1,Not Graduate,No,5397,1763.0,122.0,180.0,1.0,Urban,Y
LP105916,Female,Yes,3+,Graduate,No,5653,1291.0,139.0,360.0,,Urban,N
LP105917,Female,Yes,0,Not Graduate,No,4039,555.0,145.0,36.0,1.0,Rural,Y
LP105918,Male,No,2,Graduate,No,6259,0.0,101.0,,,Urban,N
LP105919,Male,Yes,0,Not Graduate,No,6548,1531.0,64.0,12.0,1.0,Urban,Y
LP105920,Male,Yes,2,Not Graduate,No,6550,4315.0,253.0,360.0,1.0,Urban,Y
LP105921,Male,No,3+,Not Graduate,No,4040,0.0,147.0,36.0,1.0,Semiurban,N
LP105922,Female,No,1,Graduate,No,4334,0.0,96.0,,1.0,Semiurban,Y
LP105923,Female,Yes,2,Graduate,Yes,3497,6819.0,700.0,360.0,0.0,Rural,N
LP105924,Male,No,2,Graduate,No,3132,0.0,134.0,300.0,1.0,Rural,N
LP105925,Male,No,0,Graduate,Yes,4729,0.0,48.0,,1.0,Semiurban,Y
LP105926,Female,Yes,2,Graduate,Yes,12208,6317.0,198.0,240.0,1.0,Semiurban,Y
LP105927,Female,Yes,3+,Graduate,No,16704,3523.0,44.0,360.0,1.0,Semiurban,Y
LP105928,Male,Yes,1,Not Graduate,No,10810,1028.0,177.0,60.0,0.0,Urban,N
LP105929,Male,No,0,Graduate,No,3720,0.0,174.0,360.0,1.0,Rural,Y
LP105930,Male,Yes,0,Not Graduate,No,6276,6075.0,307.0,180.0,1.0,Semiurban,Y
LP105931,Female,Yes,0,Graduate,No,1500,287.0,73.0,300.0,1.0,Semiurban,Y
LP105932,Male,No,0,Graduate,No,4478,0.0,112.0,360.0,0.0,Urban,N
LP105933,Male,Yes,1,Graduate,No,3892,945.0,128.0,360.0,1.0,Semiurban,Y
LP105934,Male,No,0,Graduate,No,15132,0.0,225.0,180.0,1.0,Semiurban,Y
LP105935,Male,No,0,Graduate,No,5745,0.0,174.0,480.0,1.0,Urban,Y
LP105936,Male,Yes,1,Graduate,Yes,5066,2739.0,183.0,360.0,,Rural,Y
LP105937,Female,No,1,Not Graduate,No,4717,0.0,279.0,180.0,1.0,Urban,Y
LP105938,Male,Yes,1,Graduate,No,4127,745.0,117.0,360.0,0.0,Semiurban,N
LP105939,Male,Yes,2,Graduate,,6761,688.0,322.0,300.0,1.0,Rural,Y
LP105940,Male,Yes,0,Graduate,No,3302,4927.0,127.0,360.0,1.0,Rural,Y
LP105941,Male,Yes,0,Not Graduate,No,6835,1964.0,229.0,84.0,1.0,Rural,Y
LP105942,Male,No,0,Not Graduate,No,11603,0.0,99.0,360.0,1.0,Rural,Y
LP105943,Male,Yes,1,Not Graduate,No,5258,1033.0,191.0,120.0,,Urban,Y
LP105944,Male,Yes,0,Graduate,Yes,4070,776.0,269.0,180.0,1.0,Rural,Y
LP105945,Male,No,2,Graduate,No,4697,0.0,70.0,300.0,0.0,Urban,N
LP105946,Male,Yes,0,Graduate,No,10101,3431.0,236.0,120.0,1.0,Urban,Y
LP105947,Male,No,3+,Not Graduate,No,5342,0.0,149.0,360.0,1.0,Urban,Y
LP105948,Female,Yes,1,Graduate,No,3409,2788.0,456.0,240.0,1.0,Rural,Y
LP105949,Female,No,1,Graduate,No,7983,0.0,114.0,120.0,1.0,Semiurban,Y
LP105950,Male,Yes,2,Graduate,Yes,3208,3010.0,160.0,60.0,1.0,Urban,Y
LP105951,Male,Yes,2,Graduate,Yes,4272,2944.0,122.0,360.0,1.0,Urban,Y
LP105952,Female,Yes,2,Graduate,No,5639,357.0,,360.0,1.0,Urban,Y
LP105953,Male,Yes,3+,Graduate,No,3028,1366.0,36.0,60.0,0.0,Semiurban,N
LP105954,Female,No,1,Graduate,No,1682,0.0,57.0,300.0,1.0,Urban,Y
LP105955,Female,Yes,2,Not Graduate,No,6436,4387.0,200.0,360.0,0.0,Semiurban,N
LP105956,Male,Yes,1,Graduate,No,1500,1689.0,136.0,360.0,1.0,Semiurban,Y
LP105957,Male,Yes,2,Graduate,No,2818,2037.0,40.0,36.0,0.0,Semiurban,N
LP105958,Female,No,0,Graduate,No,7839,0.0,91.0,240.0,1.0,Rural,Y
LP105959,Male,No,0,Not Graduate,Yes,6320,0.0,106.0,84.0,1.0,Urban,Y
LP105960,Male,Yes,2,Graduate,No,4470,604.0,100.0,240.0,1.0,Urban,Y
LP105961,Male,Yes,0,Graduate,No,2871,1113.0,234.0,240.0,1.0,Semiurban,Y
LP105962,Male,Yes,0,Graduate,No,3794,303.0,285.0,360.0,0.0,Rural,N
LP105963,Female,Yes,0,Graduate,No,6945,1269.0,35.0,360.0,1.0,Semiurban,Y
LP105964,Female,Yes,2,Graduate,No,4539,2687.0,124.0,360.0,1.0,Rural,Y
LP105965,Female,Yes,3+,Graduate,No,2342,959.0,143.0,120.0,1.0,Semiurban,Y
LP105966,Male,Yes,2,Not Graduate,No,2898,1478.0,55.0,360.0,1.0,Urban,Y
LP105967,Male,No,2,Not Graduate,No,3786,0.0,284.0,360.0,1.0,Semiurban,Y
LP105968,Male,Yes,1,Not Graduate,No,6125,15962.0,167.0,300.0,1.0,Urban,Y
LP105969,Male,No,0,Graduate,Yes,5232,0.0,223.0,360.0,1.0,Semiurban,Y
LP105970,Male,Yes,0,Graduate,Yes,2326,3214.0,102.0,240.0,1.0,Urban,Y
LP105971,Female,No,1,Not Graduate,No,11028,0.0,84.0,36.0,1.0,Urban,Y
LP105972,Female,Yes,0,Not Graduate,No,3147,2403.0,95.0,120.0,1.0,Rural,Y
LP105973,,Yes,0,Graduate,Yes,6403,1767.0,125.0,120.0,1.0,Urban,Y
LP105974,Male,No,1,Graduate,No,2783,0.0,104.0,360.0,,Urban,Y
LP105975,Male,Yes,2,Not Graduate,No,21788,1537.0,231.0,360.0,0.0,Rural,N
LP105976,Male,Yes,1,Graduate,No,10883,4903.0,664.0,240.0,1.0,Semiurban,Y
LP105977,Female,Yes,2,Not Graduate,No,3088,2278.0,190.0,360.0,0.0,Semiurban,N
LP105978,Male,No,2,Graduate,No,5182,0.0,41.0,180.0,1.0,Rural,Y
LP105979,Female,Yes,2,Graduate,Yes,2650,1287.0,147.0,300.0,1.0,Semiurban,Y
LP105980,Male,No,3+,Graduate,No,3969,0.0,65.0,360.0,1.0,Urban,Y
LP105981,Male,Yes,0,Graduate,No,6334,3796.0,105.0,360.0,1.0,Semiurban,Y
LP105982,Female,Yes,2,Graduate,No,8160,984.0,131.0,240.0,1.0,Semiurban,Y
LP105983,Male,Yes,3+,Not Graduate,No,2337,3602.0,114.0,360.0,1.0,Rural,Y
LP105984,Male,Yes,1,Not Graduate,Yes,3136,3949.0,72.0,180.0,0.0,Urban,N
LP105985,Male,Yes,2,Not Graduate,No,8647,2029.0,183.0,240.0,1.0,Urban,Y
LP105986,Male,No,1,Graduate,No,10876,0.0,40.0,120.0,1.0,Urban,Y
LP105987,Female,Yes,1,Graduate,Yes,3090,1210.0,169.0,360.0,1.0,Semiurban,Y
LP105988,Male,Yes,0,Graduate,No,8726,3566.0,78.0,84.0,1.0,Urban,Y
LP105989,Female,No,3+,Not Graduate,Yes,2341,0.0,158.0,360.0,1.0,Rural,N
LP105990,Male,No,2,Graduate,No,4111,0.0,59.0,360.0,,Rural,N
LP105991,Male,No,3+,Graduate,,2473,0.0,154.0,360.0,1.0,Semiurban,Y
LP105992,Female,No,2,Not Graduate,No,3852,0.0,306.0,360.0,0.0,Rural,N
LP105993,Male,Yes,0,Graduate,No,15453,7074.0,93.0,300.0,1.0,Urban,Y
LP105994,Male,No,0,Not Graduate,Yes,4755,0.0,92.0,60.0,1.0,Rural,N
LP105995,Male,Yes,3+,Not Graduate,No,4149,1673.0,174.0,360.0,0.0,Semiurban,N
LP105996,Male,Yes,1,Graduate,No,3502,702.0,152.0,240.0,0.0,Urban,N
LP105997,Male,No,0,Graduate,Yes,4105,0.0,58.0,36.0,1.0,Urban,Y
LP105998,Male,No,1,Not Graduate,No,3025,0.0,261.0,300.0,1.0,Semiurban,Y
LP105999,Male,No,1,Graduate,No,5335,0.0,218.0,240.0,1.0,Rural,Y
LP106000,Male,Yes,2,Graduate,No,4819,1834.0,289.0,360.0,1.0,Rural,Y
LP106001,Female,Yes,1,Graduate,Yes,3735,3211.0,186.0,300.0,1.0,Semiurban,Y
LP106002,Male,Yes,2,Graduate,No,3543,1892.0,416.0,60.0,1.0,Semiurban,Y
LP106003,Female,No,3+,Not Graduate,No,5484,0.0,43.0,180.0,1.0,Urban,Y
LP106004,Male,Yes,0,Not Graduate,No,3172,3645.0,335.0,180.0,1.0,Semiurban,Y
LP106005,Male,No,0,Not Graduate,No,4255,0.0,106.0,360.0,1.0,Semiurban,Y
LP106006,Female,Yes,1,Not Graduate,No,3749,969.0,96.0,60.0,0.0,Urban,N
LP106007,Male,No,3+,Graduate,No,1500,0.0,87.0,240.0,1.0,Rural,Y
LP106008,Female,No,1,Not Graduate,Yes,8234,0.0,182.0,360.0,1.0,Semiurban,Y
LP106009,Male,Yes,1,Graduate,No,1636,2157.0,217.0,360.0,1.0,Rural,Y
LP106010,Male,Yes,2,Graduate,No,1701,1142.0,101.0,360.0,1.0,Semiurban,Y
LP106011,Male,No,1,Not Graduate,No,8410,0.0,158.0,300.0,1.0,Rural,Y
LP106012,Male,Yes,3+,Graduate,No,2527,1740.0,700.0,120.0,1.0,Urban,N
LP106013,Female,No,3+,Not Graduate,No,1500,0.0,89.0,360.0,1.0,Semiurban,N
LP106014,Male,Yes,1,Graduate,Yes,10964,693.0,105.0,360.0,0.0,Urban,N
LP106015,Female,Yes,2,Not Graduate,No,3351,381.0,314.0,36.0,1.0,Urban,N
LP106016,Female,No,0,Graduate,No,10186,0.0,52.0,240.0,1.0,Urban,Y
LP106017,Male,Yes,2,Graduate,No,2837,565.0,155.0,180.0,0.0,Semiurban,N
LP106018,Male,No,2,Graduate,No,1833,0.0,31.0,120.0,0.0,Rural,N
LP106019,Female,Yes,,Graduate,No,4052,1690.0,58.0,180.0,1.0,Semiurban,Y
LP106020,Female,No,0,Graduate,No,2380,0.0,65.0,36.0,1.0,Semiurban,Y
LP106021,Male,Yes,3+,Not Graduate,Yes,6263,1580.0,79.0,360.0,1.0,Rural,Y
LP106022,Male,Yes,1,Not Graduate,Yes,7373,2409.0,63.0,360.0,1.0,Semiurban,Y
LP106023,Male,Yes,2,Graduate,Yes,8585,2491.0,151.0,300.0,1.0,Urban,Y
LP106024,Female,No,0,Graduate,No,4076,0.0,311.0,180.0,0.0,Urban,N
LP106025,Male,Yes,1,Graduate,No,11250,1941.0,,480.0,0.0,Urban,Y
LP106026,Female,No,2,Graduate,No,2816,0.0,72.0,360.0,1.0,Urban,Y
LP106027,Male,Yes,1,Graduate,No,5326,621.0,207.0,360.0,1.0,Urban,Y
LP106028,Male,No,2,Graduate,No,4523,0.0,277.0,180.0,1.0,Semiurban,Y
LP106029,Male,No,0,Not Graduate,No,16051,0.0,144.0,360.0,1.0,Urban,Y
LP106030,Male,Yes,1,Graduate,No,10144,11794.0,205.0,12.0,0.0,Semiurban,Y
LP106031,Male,Yes,3+,Graduate,No,5010,2823.0,176.0,360.0,1.0,Semiurban,Y
LP106032,Male,Yes,,Graduate,No,5536,2407.0,176.0,360.0,1.0,Semiurban,Y
LP106033,Male,Yes,3+,Graduate,No,12349,4245.0,86.0,180.0,1.0,Rural,Y
LP106034,Male,Yes,3+,Not Graduate,Yes,3130,6066.0,40.0,480.0,1.0,Rural,N
LP106035,Male,No,3+,Graduate,No,1500,0.0,108.0,300.0,1.0,Semiurban,Y
LP106036,Female,Yes,3+,Graduate,Yes,2750,18442.0,84.0,240.0,1.0,Semiurban,Y
LP106037,Male,No,0,Graduate,Yes,3832,0.0,113.0,120.0,0.0,Semiurban,N
LP106038,Male,No,3+,Not Graduate,No,11119,0.0,239.0,120.0,1.0,Semiurban,Y
LP106039,Male,Yes,0,Not Graduate,Yes,9149,813.0,317.0,120.0,1.0,Semiurban,Y
LP106040,Female,Yes,0,Graduate,Yes,4787,17214.0,147.0,300.0,0.0,Semiurban,N
LP106041,Male,Yes,0,Graduate,Yes,6502,4144.0,65.0,300.0,0.0,Semiurban,N
LP106042,Female,No,0,Graduate,Yes,3212,0.0,106.0,300.0,1.0,Rural,Y
LP106043,Female,Yes,2,Graduate,No,17207,1926.0,84.0,360.0,0.0,Urban,Y
LP106044,Male,Yes,1,Not Graduate,No,10176,3305.0,144.0,12.0,,Semiurban,Y
LP106045,Male,No,0,Graduate,No,5075,0.0,101.0,180.0,1.0,Semiurban,Y
LP106046,Female,Yes,1,Not Graduate,No,4702,5402.0,230.0,360.0,0.0,Semiurban,N
LP106047,Male,No,1,Graduate,No,7486,0.0,,84.0,1.0,Urban,Y
LP106048,Male,Yes,2,Graduate,No,4749,2262.0,497.0,120.0,1.0,Semiurban,Y
LP106049,Female,Yes,0,Not Graduate,No,1647,1351.0,55.0,240.0,1.0,Semiurban,Y
LP106050,Male,No,0,Graduate,Yes,12332,0.0,161.0,360.0,,Semiurban,Y
LP106051,Female,Yes,0,Graduate,No,9908,828.0,51.0,300.0,1.0,Semiurban,Y
LP106052,Male,No,0,Not Graduate,No,6143,0.0,251.0,300.0,1.0,Semiurban,Y
LP106053,Female,Yes,1,Not Graduate,Yes,3820,2381.0,138.0,360.0,1.0,Semiurban,Y
LP106054,Male,No,1,Not Graduate,No,4943,0.0,151.0,300.0,1.0,Semiurban,N
LP106055,Male,Yes,0,Not Graduate,,1500,9293.0,78.0,360.0,,Rural,Y
LP106056,Male,Yes,1,Not Graduate,Yes,2528,1036.0,257.0,84.0,1.0,Semiurban,N
LP106057,Female,Yes,1,Graduate,,14189,910.0,197.0,240.0,1.0,Urban,Y
LP106058,Male,Yes,3+,Not Graduate,No,6703,1767.0,96.0,360.0,1.0,Semiurban,Y
LP106059,Male,Yes,0,Not Graduate,No,1526,271.0,132.0,120.0,0.0,Urban,N
LP106060,Male,Yes,2,Graduate,Yes,2991,2414.0,,120.0,0.0,Semiurban,N
LP106061,Male,Yes,2,Graduate,Yes,1548,818.0,75.0,240.0,1.0,Semiurban,Y
LP106062,Male,Yes,0,Graduate,No,3077,388.0,92.0,360.0,1.0,Rural,Y
LP106063,Male,Yes,3+,Not Graduate,Yes,4451,2027.0,113.0,120.0,1.0,Urban,Y
LP106064,Male,Yes,2,Graduate,Yes,12848,2025.0,134.0,360.0,1.0,Semiurban,Y
LP106065,Male,Yes,2,Not Graduate,No,7871,8571.0,130.0,360.0,1.0,Urban,Y
LP106066,Male,No,1,Graduate,Yes,4099,0.0,79.0,300.0,0.0,Rural,N
LP106067,Male,Yes,1,Graduate,No,4222,2075.0,211.0,12.0,0.0,Semiurban,N
LP106068,Female,Yes,0,Graduate,No,3040,1868.0,258.0,300.0,1.0,Semiurban,Y
LP106069,Male,Yes,0,Graduate,No,9453,229.0,232.0,240.0,1.0,Semiurban,Y
LP106070,Male,No,2,Graduate,No,10155,0.0,205.0,360.0,,Urban,Y
LP106071,Male,Yes,3+,Graduate,No,2201,1739.0,29.0,300.0,1.0,Rural,Y
LP106072,Female,No,0,Graduate,No,1750,0.0,73.0,480.0,1.0,Semiurban,Y
LP106073,Female,Yes,2,Graduate,No,4059,927.0,54.0,84.0,1.0,Semiurban,Y
LP106074,Female,Yes,2,Graduate,No,4369,2841.0,46.0,360.0,1.0,Semiurban,Y
LP106075,Male,No,0,Graduate,No,5739,0.0,266.0,240.0,1.0,Rural,Y
LP106076,Male,Yes,1,Not Graduate,Yes,1799,3178.0,371.0,300.0,1.0,Urban,Y
LP106077,Male,Yes,1,Not Graduate,Yes,3199,2466.0,134.0,360.0,1.0,Semiurban,Y
LP106078,Male,No,2,Not Graduate,No,4677,0.0,178.0,360.0,1.0,Rural,Y
LP106079,Male,Yes,2,Graduate,No,3080,1247.0,108.0,360.0,1.0,Urban,Y
LP106080,Female,No,0,Graduate,No,8223,0.0,270.0,480.0,0.0,Semiurban,Y
LP106081,Female,Yes,1,Graduate,No,15079,2142.0,158.0,360.0,1.0,Semiurban,Y
LP106082,Female,No,2,Not Graduate,No,3557,0.0,98.0,300.0,0.0,Urban,N
LP106083,Male,No,2,Graduate,No,8379,0.0,188.0,180.0,1.0,Semiurban,Y
LP106084,Female,Yes,0,Not Graduate,No,3966,2481.0,120.0,180.0,0.0,Rural,N
LP106085,Male,No,1,Graduate,No,2812,0.0,151.0,180.0,1.0,Semiurban,Y
LP106086,Male,Yes,3+,Graduate,,3205,1768.0,203.0,360.0,0.0,Urban,N
LP106087,Female,Yes,0,Graduate,No,7794,3367.0,700.0,360.0,1.0,Urban,Y
LP106088,Male,Yes,1,Not Graduate,Yes,3344,1764.0,392.0,360.0,0.0,Rural,N
LP106089,Male,Yes,2,Graduate,No,3760,2330.0,146.0,360.0,1.0,Urban,Y
LP106090,Male,No,0,Graduate,No,2474,0.0,76.0,360.0,1.0,Urban,Y
LP106091,Female,Yes,3+,Not Graduate,No,7189,2836.0,34.0,120.0,0.0,Rural,N
LP106092,Female,No,0,Not Graduate,No,6469,0.0,290.0,360.0,1.0,Rural,Y
LP106093,Male,Yes,0,Graduate,No,11766,1307.0,262.0,360.0,1.0,Semiurban,Y
LP106094,Female,Yes,0,Graduate,No,7028,2023.0,92.0,360.0,1.0,Urban,Y
LP106095,Male,Yes,0,Graduate,No,6296,9869.0,127.0,360.0,0.0,Urban,Y
LP106096,Male,Yes,0,Graduate,Yes,6974,621.0,,240.0,1.0,Urban,Y
LP106097,Female,No,2,Not Graduate,No,4215,0.0,191.0,360.0,1.0,Semiurban,Y
LP106098,Female,No,0,Graduate,Yes,5250,0.0,362.0,360.0,1.0,Semiurban,Y
LP106099,Female,No,3+,Not Graduate,No,8593,0.0,61.0,180.0,1.0,Urban,Y
LP106100,Male,No,1,Graduate,No,3004,0.0,201.0,300.0,1.0,Urban,Y
LP106101,Female,Yes,1,Graduate,No,13643,456.0,153.0,180.0,,Rural,Y
LP106102,Male,Yes,1,Not Graduate,No,7206,6058.0,98.0,60.0,1.0,Rural,Y
LP106103,Female,No,2,Graduate,No,16526,0.0,217.0,360.0,1.0,Semiurban,Y
LP106104,Male,Yes,1,Not Graduate,No,2427,843.0,125.0,300.0,1.0,Urban,Y
LP106105,Female,Yes,0,Not Graduate,No,2427,2209.0,127.0,240.0,1.0,Rural,Y
LP106106,Male,Yes,3+,Graduate,No,6143,5663.0,162.0,120.0,0.0,Semiurban,N
LP106107,Male,Yes,1,Graduate,No,5292,2499.0,102.0,120.0,1.0,Semiurban,Y
LP106108,Male,Yes,0,Graduate,No,3735,1350.0,198.0,180.0,1.0,Rural,Y
LP106109,Male,No,1,Not Graduate,No,2294,0.0,105.0,480.0,1.0,Urban,Y
LP106110,Male,Yes,2,Graduate,No,4185,1987.0,370.0,360.0,1.0,Semiurban,Y
LP106111,Female,Yes,0,Graduate,Yes,5598,1243.0,154.0,360.0,1.0,Rural,Y
LP106112,Male,Yes,2,Graduate,No,2241,1907.0,89.0,60.0,1.0,Urban,Y
LP106113,Male,No,2,Graduate,No,3842,0.0,161.0,360.0,0.0,Urban,N
LP106114,Male,No,2,Graduate,No,6182,0.0,243.0,360.0,1.0,Rural,Y
LP106115,Male,No,1,Graduate,No,7884,0.0,52.0,360.0,1.0,Urban,Y
LP106116,Male,Yes,3+,Not Graduate,No,4139,1318.0,287.0,300.0,1.0,Semiurban,Y
LP106117,Male,No,0,Graduate,No,3039,0.0,164.0,300.0,1.0,Semiurban,Y
LP106118,Male,No,1,Graduate,No,5266,0.0,131.0,300.0,,Semiurban,Y
LP106119,Male,No,0,Not Graduate,Yes,4341,0.0,88.0,300.0,1.0,Semiurban,N
LP106120,Male,No,2,Not Graduate,No,2040,0.0,165.0,180.0,1.0,Urban,Y
LP106121,Male,Yes,0,Graduate,No,3750,1130.0,79.0,120.0,1.0,Urban,Y
LP106122,Male,Yes,0,Graduate,No,3450,1302.0,40.0,360.0,0.0,Rural,N
LP106123,Male,Yes,2,Graduate,No,4982,2117.0,87.0,360.0,1.0,Rural,Y
LP106124,Male,Yes,1,Graduate,No,3164,5496.0,114.0,360.0,1.0,Urban,Y
LP106125,Female,No,0,Not Graduate,No,3536,0.0,194.0,360.0,1.0,Semiurban,Y
LP106126,Female,No,2,Graduate,No,4405,0.0,117.0,300.0,1.0,Semiurban,Y
LP106127,Female,No,2,Not Graduate,No,7208,0.0,67.0,300.0,1.0,Urban,Y
LP106128,Male,Yes,0,Graduate,No,5196,435.0,90.0,480.0,1.0,Semiurban,Y
LP106129,Female,Yes,0,Not Graduate,No,24317,1055.0,135.0,480.0,1.0,Urban,Y
LP106130,Female,Yes,3+,Graduate,No,2300,750.0,197.0,360.0,1.0,Rural,Y
LP106131,Female,Yes,1,Not Graduate,No,8493,1888.0,218.0,240.0,1.0,Urban,Y
LP106132,Male,Yes,1,Graduate,Yes,4689,6869.0,59.0,240.0,0.0,Rural,N
LP106133,Male,Yes,2,Not Graduate,No,2129,1317.0,138.0,360.0,1.0,Semiurban,Y
LP106134,Female,Yes,1,Graduate,No,3916,565.0,213.0,180.0,0.0,Semiurban,N
LP106135,Male,No,0,Graduate,No,1982,0.0,79.0,480.0,0.0,Rural,N
LP106136,Male,Yes,0,Not Graduate,Yes,5164,1270.0,395.0,360.0,1.0,Urban,Y
LP106137,Male,No,1,Graduate,No,4092,0.0,99.0,120.0,1.0,Semiurban,Y
LP106138,Male,Yes,3+,Graduate,Yes,3258,400.0,247.0,240.0,1.0,Semiurban,Y
LP106139,Male,Yes,0,Not Graduate,No,2601,817.0,203.0,180.0,1.0,Semiurban,Y
LP106140,Male,No,0,Not Graduate,Yes,9045,0.0,88.0,60.0,1.0,Semiurban,Y
LP106141,Male,No,3+,Graduate,No,4465,0.0,135.0,360.0,1.0,Urban,Y
LP106142,Male,Yes,0,Graduate,No,5573,2861.0,304.0,,1.0,Urban,Y
LP106143,Male,Yes,2,Graduate,Yes,5465,1061.0,97.0,240.0,1.0,Semiurban,Y
LP106144,,Yes,0,Not Graduate,Yes,5244,4109.0,149.0,360.0,1.0,Urban,Y
LP106145,Male,No,2,Graduate,No,4040,0.0,54.0,120.0,1.0,Rural,Y
LP106146,Female,No,1,Not Graduate,Yes,12216,0.0,166.0,360.0,1.0,Semiurban,Y
LP106147,Female,Yes,0,Graduate,No,18803,2919.0,105.0,120.0,1.0,Semiurban,Y
LP106148,Male,Yes,1,Graduate,No,11716,1835.0,183.0,360.0,,Urban,Y
LP106149,Male,No,2,Graduate,Yes,4978,0.0,80.0,360.0,1.0,Semiurban,N
LP106150,Male,Yes,,Not Graduate,No,4776,1191.0,162.0,84.0,1.0,Urban,Y
LP106151,Female,No,2,Graduate,No,9467,0.0,108.0,84.0,1.0,Semiurban,Y
LP106152,Male,Yes,1,Graduate,No,3119,905.0,27.0,84.0,1.0,Urban,Y
LP106153,Male,Yes,,Graduate,No,13714,326.0,141.0,240.0,0.0,Semiurban,Y
LP106154,Male,Yes,,Graduate,No,7901,11737.0,286.0,360.0,1.0,Semiurban,Y
LP106155,Male,Yes,2,Graduate,Yes,4155,1770.0,69.0,300.0,1.0,Semiurban,Y
LP106156,Female,Yes,2,Graduate,No,5820,2769.0,91.0,180.0,1.0,Urban,Y
LP106157,Female,No,1,Not Graduate,No,7159,0.0,297.0,360.0,0.0,Urban,N
LP106158,Male,No,0,Graduate,Yes,3802,0.0,187.0,300.0,1.0,Urban,Y
LP106159,Male,No,0,Graduate,Yes,9141,0.0,110.0,240.0,1.0,Semiurban,Y
LP106160,Male,Yes,0,Not Graduate,No,10548,3823.0,160.0,240.0,1.0,Urban,Y
LP106161,Male,Yes,3+,Graduate,No,4198,1692.0,92.0,240.0,1.0,Urban,Y
LP106162,Male,Yes,2,Not Graduate,No,3694,4073.0,591.0,300.0,1.0,Urban,Y
LP106163,Male,No,1,Graduate,No,4613,0.0,228.0,240.0,1.0,Semiurban,Y
LP106164,Male,Yes,0,Graduate,Yes,2455,2438.0,374.0,180.0,1.0,Semiurban,Y
LP106165,Male,Yes,0,Graduate,No,1807,1879.0,141.0,240.0,1.0,Rural,Y
LP106166,Female,Yes,3+,Graduate,Yes,3789,706.0,62.0,120.0,1.0,Semiurban,Y
LP106167,Male,Yes,3+,Graduate,No,2762,418.0,181.0,120.0,1.0,Urban,Y
LP106168,Female,Yes,0,Graduate,No,14220,1423.0,285.0,180.0,,Semiurban,Y
LP106169,Female,No,2,Not Graduate,No,3737,0.0,292.0,480.0,1.0,Semiurban,Y
LP106170,Male,No,1,Graduate,No,6460,0.0,48.0,120.0,1.0,Semiurban,Y
LP106171,Female,No,0,Graduate,No,3371,0.0,152.0,300.0,0.0,Rural,N
LP106172,Male,No,2,Graduate,No,14318,0.0,51.0,360.0,1.0,Semiurban,Y
LP106173,Male,No,2,Not Graduate,Yes,4374,0.0,94.0,12.0,1.0,Semiurban,N
LP106174,Male,Yes,2,Graduate,No,2330,2892.0,190.0,360.0,0.0,Semiurban,N
LP106175,Female,Yes,0,Graduate,No,7347,1696.0,298.0,360.0,1.0,Semiurban,Y
LP106176,Male,No,0,Not Graduate,No,5742,0.0,153.0,120.0,1.0,Semiurban,Y
LP106177,Male,Yes,0,Not Graduate,Yes,10115,2549.0,67.0,360.0,0.0,Urban,Y
LP106178,Female,Yes,0,Graduate,No,4480,2022.0,192.0,360.0,1.0,Rural,Y
LP106179,Male,Yes,1,Not Graduate,Yes,5243,2904.0,80.0,360.0,1.0,Urban,Y
LP106180,Female,Yes,0,Graduate,No,1989,1875.0,112.0,60.0,1.0,Urban,Y
LP106181,Female,Yes,1,Not Graduate,Yes,8113,1216.0,141.0,60.0,1.0,Rural,Y
LP106182,Female,Yes,1,Graduate,No,5103,2228.0,89.0,120.0,1.0,Rural,Y
LP106183,Female,Yes,2,Not Graduate,Yes,4561,1496.0,196.0,480.0,1.0,Urban,Y
LP106184,Female,No,2,Not Graduate,No,4283,0.0,210.0,360.0,1.0,Urban,N
LP106185,Male,Yes,2,Graduate,No,4149,1284.0,248.0,300.0,1.0,Semiurban,Y
LP106186,Female,No,0,Graduate,No,8179,0.0,315.0,300.0,1.0,Urban,Y
LP106187,Male,Yes,,Graduate,No,2820,6712.0,123.0,180.0,0.0,Urban,N
LP106188,Male,Yes,0,Graduate,Yes,7677,730.0,64.0,120.0,1.0,Rural,Y
LP106189,Male,Yes,0,Graduate,No,1875,4921.0,68.0,180.0,1.0,Semiurban,Y
LP106190,Female,Yes,0,Not Graduate,No,1556,1635.0,380.0,360.0,1.0,Semiurban,Y
LP106191,Female,No,0,Graduate,Yes,11457,0.0,353.0,360.0,1.0,Semiurban,Y
LP106192,Female,No,2,Graduate,No,2660,0.0,299.0,300.0,1.0,Semiurban,Y
LP106193,Male,No,3+,Graduate,,5236,0.0,94.0,360.0,1.0,Rural,Y
LP106194,Male,No,0,Graduate,No,4184,0.0,369.0,60.0,1.0,Semiurban,N
LP106195,Male,Yes,2,Graduate,No,6042,3303.0,121.0,36.0,1.0,Semiurban,Y
LP106196,Female,Yes,0,Graduate,No,5068,1348.0,164.0,360.0,1.0,Rural,Y
LP106197,Female,Yes,2,Not Graduate,Yes,9189,304.0,220.0,240.0,1.0,Rural,Y
LP106198,Male,Yes,2,Not Graduate,No,2084,3908.0,,360.0,1.0,Semiurban,Y
LP106199,Male,Yes,3+,Not Graduate,No,7350,2429.0,185.0,240.0,1.0,Rural,Y
LP106200,Male,Yes,0,Not Graduate,No,4765,1774.0,306.0,240.0,1.0,Urban,Y
LP106201,Male,Yes,0,Graduate,No,1959,1998.0,135.0,36.0,1.0,Urban,Y
LP106202,Female,Yes,0,Not Graduate,No,3576,10836.0,118.0,300.0,1.0,Urban,Y
LP106203,Male,Yes,1,Graduate,No,1877,4064.0,110.0,36.0,1.0,Urban,Y
LP106204,Male,No,3+,Graduate,No,1800,0.0,67.0,240.0,1.0,Urban,N
LP106205,Male,Yes,2,Graduate,No,3782,1995.0,25.0,84.0,1.0,Urban,Y
LP106206,Male,No,2,Graduate,No,10014,0.0,250.0,120.0,1.0,Rural,Y
LP106207,Female,No,1,Graduate,No,5928,0.0,116.0,360.0,1.0,Urban,Y
LP106208,Male,Yes,3+,Graduate,No,10717,543.0,209.0,360.0,1.0,Semiurban,Y
LP106209,Male,Yes,1,Graduate,No,5143,1210.0,192.0,36.0,1.0,Rural,Y
LP106210,Male,Yes,0,Graduate,No,12454,729.0,147.0,360.0,1.0,Urban,Y
LP106211,Female,No,2,Not Graduate,No,11707,0.0,236.0,360.0,1.0,Urban,Y
LP106212,Female,No,0,Graduate,No,2779,0.0,255.0,300.0,1.0,Urban,Y
LP106213,Female,Yes,0,Not Graduate,No,5128,6271.0,75.0,300.0,1.0,Urban,Y
LP106214,Male,Yes,,Graduate,No,3186,5096.0,336.0,240.0,1.0,Rural,Y
LP106215,Male,No,2,Not Graduate,Yes,4505,0.0,225.0,360.0,0.0,Rural,N
LP106216,Male,Yes,2,Not Graduate,No,13292,657.0,79.0,120.0,1.0,Rural,Y
LP106217,Female,No,0,Not Graduate,No,3344,0.0,90.0,60.0,1.0,Rural,Y
LP106218,Male,Yes,2,Graduate,,2412,2593.0,63.0,480.0,1.0,Urban,Y
LP106219,Male,Yes,2,Graduate,Yes,2509,3575.0,195.0,360.0,0.0,Rural,N
LP106220,Female,No,3+,Graduate,No,3876,0.0,120.0,240.0,1.0,Semiurban,Y
LP106221,Female,No,1,Graduate,Yes,46500,0.0,30.0,60.0,1.0,Rural,Y
LP106222,Male,,2,Graduate,No,11892,0.0,96.0,360.0,1.0,Urban,Y
LP106223,Male,Yes,2,Not Graduate,,1500,359.0,106.0,60.0,1.0,Semiurban,Y
LP106224,Male,,0,Graduate,Yes,4810,331.0,143.0,12.0,1.0,Urban,Y
LP106225,Female,No,0,Graduate,No,3369,0.0,53.0,180.0,1.0,Urban,Y
LP106226,Female,Yes,1,Graduate,No,8882,700.0,144.0,360.0,1.0,Semiurban,Y
LP106227,Male,Yes,0,Graduate,No,2422,2209.0,330.0,360.0,1.0,Urban,Y
LP106228,Male,No,0,Not Graduate,No,2638,0.0,150.0,300.0,0.0,Semiurban,N
LP106229,Female,Yes,1,Not Graduate,No,3488,949.0,191.0,300.0,0.0,Semiurban,N
LP106230,Female,Yes,0,Graduate,No,3245,2132.0,343.0,12.0,1.0,Urban,Y
LP106231,Male,No,0,Graduate,No,7265,0.0,126.0,240.0,0.0,Urban,N
LP106232,Male,No,1,Not Graduate,No,4020,0.0,124.0,60.0,1.0,Rural,Y
LP106233,Male,Yes,2,Graduate,No,8972,1327.0,165.0,120.0,1.0,Rural,Y
LP106234,Male,Yes,2,Graduate,No,3022,1210.0,,60.0,1.0,Semiurban,Y
LP106235,Female,No,1,Not Graduate,No,8262,0.0,88.0,360.0,1.0,Rural,Y
LP106236,Female,No,1,Graduate,No,2454,0.0,39.0,360.0,1.0,Urban,Y
LP106237,Female,No,1,Graduate,No,7107,0.0,530.0,300.0,1.0,Urban,Y
LP106238,Male,Yes,0,Graduate,No,3641,1258.0,221.0,360.0,1.0,Urban,Y
LP106239,Female,Yes,,Not Graduate,No,8391,731.0,76.0,120.0,0.0,Semiurban,N
LP106240,Male,Yes,2,Graduate,No,1500,1303.0,248.0,360.0,1.0,Semiurban,Y
LP106241,Male,No,1,Graduate,No,3071,0.0,82.0,60.0,1.0,Urban,Y
LP106242,Male,No,2,Not Graduate,No,9906,0.0,139.0,360.0,1.0,Urban,Y
LP106243,Male,Yes,2,Not Graduate,No,4354,3199.0,,240.0,1.0,Rural,Y
LP106244,Female,Yes,0,Graduate,No,1770,1094.0,102.0,84.0,,Semiurban,N
LP106245,Male,Yes,1,Graduate,No,3215,1334.0,82.0,360.0,1.0,Rural,Y
LP106246,Male,No,1,Graduate,No,6186,0.0,277.0,360.0,1.0,Urban,Y
LP106247,Male,No,1,Graduate,No,3021,0.0,141.0,360.0,1.0,Semiurban,Y
LP106248,Male,Yes,1,Graduate,Yes,9863,1043.0,368.0,180.0,0.0,Rural,N
LP106249,Male,Yes,3+,Not Graduate,Yes,9424,3915.0,71.0,360.0,0.0,Rural,N
LP106250,Male,Yes,2,Graduate,No,7336,3742.0,101.0,360.0,1.0,Urban,Y
LP106251,Female,Yes,3+,Graduate,,9122,3538.0,130.0,300.0,1.0,Urban,Y
LP106252,Male,No,0,Graduate,Yes,3607,0.0,260.0,240.0,1.0,Urban,Y
LP106253,Male,No,0,Graduate,No,11995,0.0,83.0,240.0,1.0,Semiurban,Y
LP106254,Male,Yes,0,Not Graduate,No,9371,765.0,189.0,480.0,1.0,Semiurban,Y
LP106255,Female,Yes,0,Not Graduate,No,4549,597.0,164.0,360.0,0.0,Semiurban,N
LP106256,Male,No,1,Not Graduate,No,1852,0.0,316.0,360.0,1.0,Urban,Y
LP106257,Male,Yes,2,Graduate,No,1500,1828.0,181.0,300.0,1.0,Semiurban,Y
LP106258,Male,Yes,1,Not Graduate,Yes,8899,1467.0,45.0,360.0,1.0,Urban,Y
LP106259,Male,No,3+,Graduate,No,1869,0.0,73.0,300.0,0.0,Rural,N
LP106260,Male,No,3+,Graduate,No,2827,0.0,75.0,120.0,1.0,Semiurban,Y
LP106261,,No,0,Graduate,Yes,6543,0.0,102.0,360.0,1.0,Semiurban,Y
LP106262,Male,Yes,3+,Graduate,No,2253,746.0,297.0,360.0,1.0,Semiurban,Y
LP106263,Male,Yes,1,Graduate,No,21175,2277.0,114.0,36.0,1.0,Urban,Y
LP106264,Female,Yes,1,Graduate,No,5667,1884.0,137.0,180.0,1.0,Semiurban,Y
LP106265,Female,Yes,2,Graduate,,11930,3102.0,117.0,360.0,1.0,Urban,Y
LP106266,Male,No,0,Graduate,No,9187,0.0,185.0,180.0,1.0,Semiurban,Y
LP106267,Male,Yes,3+,Not Graduate,No,1500,10408.0,87.0,240.0,1.0,Semiurban,Y
LP106268,Male,No,2,Graduate,No,7682,0.0,121.0,240.0,0.0,Urban,N
LP106269,Male,Yes,3+,Not Graduate,No,4867,1866.0,120.0,180.0,1.0,Urban,Y
LP106270,Female,Yes,3+,Graduate,No,4733,1352.0,128.0,240.0,0.0,Urban,N
LP106271,Female,No,1,Graduate,No,4840,0.0,95.0,360.0,1.0,Urban,Y
LP106272,Female,Yes,0,Graduate,No,9254,978.0,60.0,240.0,0.0,Rural,N
LP106273,Male,Yes,0,Graduate,No,13190,3491.0,235.0,360.0,1.0,Semiurban,Y
LP106274,Male,Yes,0,Not Graduate,No,2403,1463.0,125.0,180.0,1.0,Semiurban,Y
LP106275,Male,Yes,0,Graduate,No,5148,619.0,264.0,120.0,1.0,Semiurban,Y
LP106276,Female,Yes,2,Graduate,No,11397,7132.0,179.0,360.0,1.0,Semiurban,Y
LP106277,Male,Yes,0,Graduate,No,4339,448.0,182.0,84.0,1.0,Urban,Y
LP106278,Male,No,3+,Graduate,No,5551,0.0,264.0,360.0,0.0,Urban,N
LP106279,Female,No,2,Graduate,No,5599,0.0,638.0,360.0,1.0,Semiurban,Y
LP106280,Female,Yes,0,Graduate,No,17480,1417.0,293.0,300.0,1.0,Semiurban,Y
LP106281,Female,Yes,1,Graduate,No,7700,2553.0,228.0,300.0,,Rural,Y
LP106282,Male,Yes,1,Not Graduate,No,17023,1797.0,160.0,300.0,1.0,Urban,Y
LP106283,Female,Yes,1,Not Graduate,No,13990,2923.0,285.0,84.0,1.0,Urban,Y
LP106284,,Yes,1,Graduate,No,4288,1427.0,85.0,180.0,1.0,Rural,Y
LP106285,Male,No,0,Graduate,No,5886,0.0,190.0,12.0,1.0,Semiurban,Y
LP106286,Male,Yes,2,Not Graduate,No,16836,3807.0,288.0,360.0,1.0,Rural,Y
LP106287,Male,No,1,Not Graduate,No,2477,0.0,237.0,360.0,0.0,Semiurban,N
LP106288,Female,No,2,Graduate,No,7759,0.0,128.0,360.0,1.0,Semiurban,Y
LP106289,Male,No,2,Graduate,No,7806,0.0,176.0,360.0,1.0,Urban,Y
LP106290,Male,Yes,0,Graduate,No,4163,3155.0,110.0,360.0,,Urban,Y
LP106291,Male,Yes,0,Graduate,No,3911,2524.0,84.0,360.0,1.0,Urban,Y
LP106292,Female,No,2,Graduate,No,4247,0.0,320.0,240.0,0.0,Urban,N
LP106293,Male,Yes,3+,Graduate,No,7491,627.0,103.0,180.0,1.0,Semiurban,Y
LP106294,Male,No,1,Not Graduate,No,11893,0.0,102.0,240.0,0.0,Rural,N
LP106295,Male,Yes,0,Graduate,No,7657,2942.0,104.0,300.0,1.0,Urban,Y
LP106296,Female,Yes,0,Graduate,No,2310,7756.0,88.0,180.0,1.0,Urban,Y
LP106297,Male,No,0,Graduate,No,12130,0.0,86.0,180.0,1.0,Rural,Y
LP106298,Male,No,0,Not Graduate,No,10054,0.0,47.0,360.0,1.0,Urban,Y
LP106299,Female,No,1,Graduate,No,4241,0.0,52.0,120.0,1.0,Semiurban,Y
LP106300,Male,No,2,Graduate,No,3318,0.0,119.0,360.0,1.0,Rural,Y
LP106301,Female,Yes,0,Graduate,Yes,2850,7740.0,176.0,180.0,1.0,Urban,Y
LP106302,Male,Yes,0,Graduate,No,9363,770.0,,240.0,0.0,Rural,N
LP106303,Male,No,1,Graduate,No,1591,0.0,149.0,180.0,1.0,Semiurban,Y
LP106304,Male,Yes,3+,Graduate,No,9502,3714.0,289.0,360.0,1.0,Urban,Y
LP106305,Male,No,1,Graduate,No,3748,0.0,101.0,240.0,0.0,Rural,N
LP106306,Female,Yes,3+,Graduate,No,5830,2233.0,74.0,480.0,1.0,Semiurban,Y
LP106307,Male,Yes,1,Graduate,No,1500,2099.0,129.0,360.0,1.0,Semiurban,Y
LP106308,Female,Yes,0,Graduate,No,1695,775.0,183.0,12.0,1.0,Semiurban,Y
LP106309,Male,Yes,0,Graduate,No,3269,2428.0,96.0,360.0,1.0,Urban,Y
LP106310,Male,No,2,Graduate,No,2842,0.0,237.0,360.0,1.0,Urban,Y
LP106311,Male,No,1,Not Graduate,Yes,7746,0.0,177.0,180.0,1.0,Urban,Y
LP106312,Female,Yes,2,Not Graduate,Yes,5895,5644.0,379.0,180.0,1.0,Urban,Y
LP106313,Male,Yes,2,Not Graduate,No,15684,3404.0,48.0,300.0,1.0,Urban,Y
LP106314,Male,Yes,2,Graduate,No,6687,286.0,57.0,360.0,1.0,Urban,Y
LP106315,Male,Yes,0,Graduate,Yes,3327,2149.0,104.0,360.0,1.0,Urban,Y
LP106316,Male,Yes,2,Graduate,No,10239,4242.0,60.0,120.0,0.0,Urban,Y
LP106317,Male,Yes,1,Graduate,Yes,3722,667.0,345.0,120.0,1.0,Semiurban,Y
LP106318,Female,Yes,1,Graduate,No,3596,906.0,154.0,360.0,1.0,Urban,Y
LP106319,Male,Yes,1,Graduate,No,4921,4024.0,110.0,180.0,1.0,Semiurban,Y
LP106320,Female,Yes,2,Graduate,No,12984,1257.0,341.0,180.0,1.0,Semiurban,Y
LP106321,Male,Yes,0,Graduate,No,9233,371.0,160.0,360.0,1.0,Rural,Y
LP106322,Female,Yes,1,Not Graduate,No,9062,4721.0,118.0,60.0,1.0,Semiurban,Y
LP106323,Female,Yes,0,Graduate,No,15935,1572.0,84.0,300.0,,Rural,Y
LP106324,Male,Yes,1,Graduate,No,8934,2438.0,187.0,360.0,1.0,Semiurban,Y
LP106325,Female,No,0,Graduate,No,2351,0.0,183.0,240.0,1.0,Urban,Y
LP106326,Male,Yes,0,Not Graduate,No,6788,4432.0,202.0,84.0,1.0,Semiurban,Y
LP106327,Female,No,0,Not Graduate,Yes,13015,0.0,217.0,240.0,,Semiurban,Y
LP106328,Female,Yes,1,Graduate,Yes,1976,3075.0,320.0,240.0,1.0,Semiurban,Y
LP106329,Male,No,3+,Graduate,No,4869,0.0,81.0,120.0,1.0,Semiurban,Y
LP106330,Male,Yes,0,Not Graduate,No,2589,614.0,513.0,300.0,1.0,Semiurban,Y
LP106331,Male,No,1,Graduate,No,5308,0.0,395.0,240.0,1.0,Urban,Y
LP106332,Male,Yes,0,Not Graduate,No,9712,6739.0,376.0,360.0,0.0,Rural,N
LP106333,Male,No,2,Graduate,No,10999,0.0,118.0,60.0,1.0,Semiurban,Y
LP106334,Male,Yes,0,Graduate,Yes,4400,938.0,87.0,360.0,,Semiurban,N
LP106335,Male,Yes,0,Not Graduate,No,7308,684.0,143.0,360.0,1.0,Rural,Y
LP106336,Female,No,0,Graduate,No,1993,0.0,159.0,360.0,1.0,Rural,Y
LP106337,Male,Yes,3+,Graduate,No,1721,2353.0,224.0,300.0,0.0,Semiurban,N
LP106338,Male,No,1,Graduate,No,9621,0.0,121.0,84.0,,Rural,Y
LP106339,Male,Yes,0,Not Graduate,Yes,1500,11692.0,233.0,360.0,1.0,Semiurban,Y
LP106340,Male,Yes,0,Graduate,No,3253,3033.0,109.0,300.0,1.0,Semiurban,Y
LP106341,Male,No,0,Graduate,No,7377,0.0,138.0,360.0,1.0,Rural,Y
LP106342,Male,Yes,0,Graduate,Yes,5610,4213.0,207.0,360.0,1.0,Urban,Y
LP106343,Female,Yes,2,Not Graduate,Yes,1500,1894.0,144.0,36.0,1.0,Semiurban,N
LP106344,Female,No,1,Graduate,No,6737,0.0,89.0,480.0,1.0,Urban,Y
LP106345,Male,No,2,Graduate,No,2931,0.0,78.0,300.0,1.0,Semiurban,Y
LP106346,Female,No,0,Graduate,No,5284,0.0,254.0,360.0,1.0,Urban,Y
LP106347,Male,Yes,1,Not Graduate,Yes,3379,2148.0,180.0,120.0,1.0,Semiurban,Y
LP106348,Female,Yes,0,Not Graduate,No,3244,827.0,308.0,360.0,1.0,Urban,Y
LP106349,Female,Yes,0,Graduate,Yes,1669,1979.0,266.0,300.0,1.0,Urban,Y
LP106350,Male,Yes,2,Not Graduate,Yes,3962,841.0,113.0,84.0,1.0,Rural,Y
LP106351,Male,No,0,Graduate,No,10318,0.0,245.0,36.0,1.0,Urban,Y
LP106352,Male,Yes,2,Graduate,No,3813,3306.0,165.0,120.0,0.0,Urban,N
LP106353,Male,Yes,3+,Not Graduate,No,3919,371.0,125.0,12.0,1.0,Urban,N
LP106354,Female,Yes,0,Graduate,No,3220,3204.0,658.0,360.0,1.0,Semiurban,Y
LP106355,Male,No,3+,Graduate,No,2271,0.0,548.0,180.0,,Rural,N
LP106356,Female,No,0,Not Graduate,No,2700,0.0,198.0,360.0,1.0,Rural,Y
LP106357,Female,No,0,Graduate,No,5613,0.0,80.0,360.0,1.0,Urban,Y
LP106358,Male,Yes,2,Graduate,No,21494,766.0,100.0,360.0,0.0,Semiurban,Y
LP106359,Female,No,1,Not Graduate,No,8824,0.0,97.0,240.0,1.0,Semiurban,Y
LP106360,Female,Yes,0,Graduate,No,7129,3566.0,218.0,180.0,1.0,Semiurban,Y
LP106361,Female,Yes,2,Graduate,No,16234,5093.0,169.0,360.0,1.0,Semiurban,Y
LP106362,Female,Yes,3+,Graduate,No,6507,910.0,111.0,300.0,1.0,Semiurban,Y
LP106363,Female,Yes,0,Graduate,,9365,7623.0,463.0,480.0,1.0,Urban,Y
LP106364,Male,Yes,3+,Not Graduate,No,5587,1714.0,103.0,360.0,1.0,Urban,Y
LP106365,Female,No,1,Graduate,Yes,6445,0.0,410.0,360.0,1.0,Semiurban,Y
LP106366,Male,Yes,3+,Graduate,Yes,2110,763.0,271.0,180.0,1.0,Semiurban,Y
LP106367,Female,Yes,0,Not Graduate,No,4080,781.0,197.0,240.0,,Semiurban,Y
LP106368,Female,No,2,Graduate,Yes,3508,0.0,84.0,180.0,1.0,Semiurban,N
LP106369,Male,No,0,Graduate,No,3398,0.0,351.0,360.0,1.0,Urban,Y
LP106370,Male,No,3+,Not Graduate,No,3280,0.0,438.0,360.0,1.0,Semiurban,N
LP106371,Male,Yes,2,Not Graduate,No,11598,14485.0,154.0,360.0,0.0,Urban,Y
LP106372,Male,Yes,1,Graduate,,3939,1483.0,283.0,360.0,1.0,Semiurban,Y
LP106373,Male,Yes,0,Graduate,No,4506,1506.0,142.0,240.0,0.0,Urban,N
LP106374,Female,Yes,2,Graduate,No,19126,409.0,331.0,360.0,1.0,Semiurban,Y
LP106375,Female,Yes,2,Graduate,No,7826,862.0,76.0,360.0,1.0,Rural,Y
LP106376,Female,Yes,1,Graduate,No,4938,494.0,243.0,360.0,1.0,Semiurban,Y
LP106377,Male,Yes,1,Not Graduate,Yes,9274,3466.0,29.0,240.0,1.0,Urban,Y
LP106378,Female,Yes,2,Graduate,No,3289,8490.0,66.0,360.0,1.0,Urban,Y
LP106379,Female,Yes,0,Not Graduate,No,3809,761.0,71.0,480.0,1.0,Urban,Y
LP106380,Male,Yes,0,Not Graduate,No,3956,1536.0,135.0,,1.0,Urban,Y
LP106381,Male,Yes,3+,Graduate,No,5708,1482.0,79.0,360.0,1.0,Urban,Y
LP106382,Male,Yes,1,Graduate,No,6503,3123.0,79.0,360.0,1.0,Semiurban,Y
LP106383,Female,Yes,0,Not Graduate,No,2780,1966.0,120.0,360.0,1.0,Rural,Y
LP106384,Male,Yes,0,Not Graduate,No,6274,9813.0,124.0,120.0,1.0,Urban,Y
LP106385,Female,Yes,3+,Not Graduate,No,7063,992.0,67.0,240.0,0.0,Urban,N
LP106386,Male,Yes,0,Graduate,No,3712,3713.0,59.0,360.0,1.0,Rural,Y
LP106387,Female,No,2,Graduate,Yes,4450,0.0,80.0,300.0,1.0,Semiurban,Y
LP106388,Male,No,3+,Not Graduate,No,2484,0.0,244.0,360.0,1.0,Semiurban,N
LP106389,Male,Yes,0,Graduate,No,1987,5660.0,653.0,180.0,0.0,Rural,N
LP106390,Male,No,2,Not Graduate,No,2469,0.0,322.0,120.0,1.0,Semiurban,Y
LP106391,Male,Yes,1,Graduate,No,7573,2509.0,108.0,36.0,,Semiurban,Y
LP106392,Female,Yes,2,Not Graduate,No,6726,1092.0,172.0,36.0,1.0,Semiurban,Y
LP106393,Male,No,1,Graduate,No,15623,0.0,134.0,240.0,1.0,Urban,Y
LP106394,Female,Yes,2,Not Graduate,No,5028,2831.0,123.0,36.0,1.0,Semiurban,Y
LP106395,Male,No,0,Graduate,No,5069,0.0,143.0,180.0,1.0,Urban,Y
LP106396,Male,Yes,0,Not Graduate,No,6016,3631.0,158.0,300.0,1.0,Semiurban,Y
LP106397,Male,Yes,3+,Graduate,No,2591,1294.0,47.0,360.0,1.0,Urban,Y
LP106398,Male,Yes,0,Graduate,Yes,8451,1272.0,92.0,300.0,1.0,Semiurban,Y
LP106399,Female,Yes,2,Graduate,No,6181,766.0,130.0,300.0,1.0,Urban,Y
LP106400,Male,Yes,0,Not Graduate,No,2783,572.0,561.0,180.0,1.0,Urban,N
LP106401,Female,Yes,1,Graduate,No,6142,1725.0,196.0,12.0,1.0,Urban,Y
LP106402,Female,Yes,2,Graduate,No,7747,2114.0,260.0,84.0,1.0,Semiurban,Y
LP106403,Male,No,0,Graduate,No,2210,0.0,125.0,480.0,1.0,Semiurban,Y
LP106404,Male,No,3+,Graduate,No,9268,0.0,318.0,360.0,1.0,Rural,Y
LP106405,Female,Yes,1,Graduate,No,3751,1896.0,159.0,180.0,1.0,Rural,Y
LP106406,Female,Yes,1,Graduate,No,1500,3204.0,,240.0,1.0,Urban,Y
LP106407,Female,No,2,Not Graduate,No,8805,0.0,149.0,360.0,1.0,Semiurban,Y
LP106408,Male,Yes,,Graduate,No,10999,1269.0,187.0,60.0,1.0,Semiurban,Y
LP106409,Female,Yes,0,Graduate,No,2504,5924.0,100.0,120.0,1.0,Semiurban,Y
LP106410,Male,Yes,2,Not Graduate,No,1803,3933.0,402.0,84.0,0.0,Rural,N
LP106411,Female,No,,Not Graduate,,10902,0.0,100.0,360.0,1.0,Semiurban,Y
LP106412,Female,Yes,0,Not Graduate,No,3393,1335.0,76.0,12.0,0.0,Semiurban,N
LP106413,Male,Yes,2,Graduate,No,11014,854.0,147.0,12.0,1.0,Rural,Y
LP106414,Male,Yes,2,Graduate,No,1677,1183.0,413.0,360.0,1.0,Urban,Y
LP106415,Male,Yes,1,Graduate,Yes,11419,3010.0,89.0,360.0,0.0,Semiurban,Y
LP106416,Male,Yes,1,Graduate,Yes,9358,370.0,120.0,300.0,1.0,Urban,Y
LP106417,Female,Yes,2,Graduate,No,6797,7600.0,156.0,360.0,1.0,Urban,Y
LP106418,Male,Yes,1,Not Graduate,No,1500,4871.0,60.0,300.0,1.0,Urban,Y
LP106419,Male,Yes,1,Graduate,No,3954,4782.0,58.0,300.0,1.0,Semiurban,Y
LP106420,Male,Yes,3+,Graduate,No,8995,2956.0,263.0,240.0,1.0,Rural,Y
LP106421,Female,No,0,Graduate,Yes,1786,0.0,140.0,360.0,1.0,Urban,Y
LP106422,Male,No,1,Graduate,No,3592,0.0,71.0,240.0,1.0,Semiurban,Y
LP106423,Male,Yes,3+,Graduate,,6234,1349.0,111.0,360.0,1.0,Urban,Y
LP106424,Male,Yes,2,Graduate,,2451,9840.0,96.0,360.0,1.0,Urban,Y
LP106425,Female,Yes,3+,Graduate,Yes,10724,1618.0,134.0,120.0,1.0,Rural,Y
LP106426,Female,Yes,0,Graduate,No,9523,1235.0,151.0,360.0,1.0,Urban,Y
LP106427,Male,No,0,Not Graduate,No,5683,0.0,37.0,360.0,1.0,Urban,Y
LP106428,Male,Yes,3+,Not Graduate,No,6376,1013.0,298.0,360.0,1.0,Urban,Y
LP106429,Male,No,1,Not Graduate,No,3553,0.0,140.0,360.0,1.0,Urban,Y
LP106430,Male,No,2,Graduate,No,7001,0.0,,120.0,1.0,Urban,Y
LP106431,Male,No,0,Not Graduate,No,3433,0.0,228.0,300.0,1.0,Urban,Y
LP106432,Female,Yes,2,Graduate,No,4367,5266.0,,300.0,1.0,Semiurban,Y
LP106433,Male,Yes,1,Not Graduate,No,3657,4258.0,111.0,240.0,1.0,Semiurban,Y
LP106434,Female,Yes,0,Graduate,No,11629,797.0,64.0,240.0,1.0,Semiurban,Y
LP106435,Male,No,1,Graduate,No,10139,0.0,209.0,480.0,1.0,Rural,Y
LP106436,Female,No,2,Graduate,No,2691,0.0,274.0,36.0,1.0,Urban,Y
LP106437,Female,Yes,0,Graduate,Yes,10966,544.0,169.0,360.0,1.0,Semiurban,Y
LP106438,Male,Yes,2,Graduate,No,3044,1392.0,119.0,300.0,1.0,Urban,Y
LP106439,Male,Yes,1,Not Graduate,No,14938,2285.0,62.0,300.0,1.0,Urban,Y
LP106440,Male,Yes,0,Graduate,No,12614,1510.0,102.0,360.0,1.0,Rural,Y
LP106441,Male,Yes,2,Graduate,No,18318,2568.0,,300.0,1.0,Semiurban,Y
LP106442,Male,Yes,0,Graduate,Yes,5859,1337.0,95.0,480.0,1.0,Urban,Y
LP106443,Male,Yes,0,Graduate,Yes,4153,348.0,102.0,360.0,1.0,Urban,Y
LP106444,Female,No,1,Not Graduate,,4098,0.0,68.0,120.0,1.0,Urban,Y
LP106445,Male,Yes,2,Graduate,No,6155,535.0,85.0,360.0,0.0,Rural,N
LP106446,Female,Yes,3+,Not Graduate,No,2674,1812.0,55.0,300.0,1.0,Semiurban,N
LP106447,Male,Yes,0,Graduate,No,1500,663.0,158.0,240.0,1.0,Semiurban,Y
LP106448,Female,No,1,Not Graduate,No,3866,0.0,138.0,240.0,1.0,Urban,N
LP106449,Male,Yes,0,Graduate,No,5036,5344.0,142.0,120.0,1.0,Semiurban,Y
LP106450,Female,No,2,Not Graduate,Yes,6858,0.0,108.0,300.0,1.0,Rural,Y
LP106451,Male,Yes,1,Graduate,No,6237,353.0,94.0,360.0,1.0,Semiurban,Y
LP106452,Male,No,2,Not Graduate,No,5348,0.0,112.0,360.0,1.0,Urban,Y
LP106453,Male,No,0,Graduate,No,9913,0.0,103.0,180.0,1.0,Urban,Y
LP106454,Male,Yes,2,Graduate,No,2911,2048.0,147.0,360.0,1.0,Urban,Y
LP106455,Male,No,1,Graduate,No,3283,0.0,403.0,300.0,0.0,Urban,N
LP106456,Male,Yes,3+,Graduate,No,17422,764.0,119.0,180.0,1.0,Semiurban,Y
LP106457,Male,Yes,0,Graduate,No,1500,3225.0,94.0,360.0,1.0,Urban,Y
LP106458,Female,Yes,1,Graduate,,9618,6185.0,115.0,360.0,1.0,Rural,Y
LP106459,Male,Yes,2,Graduate,No,6891,405.0,99.0,360.0,1.0,Semiurban,Y
LP106460,Male,No,2,Not Graduate,Yes,4910,0.0,99.0,180.0,1.0,Semiurban,Y
LP106461,Female,No,0,Not Graduate,No,8414,0.0,94.0,480.0,1.0,Semiurban,Y
LP106462,Male,Yes,3+,Graduate,No,7563,1113.0,202.0,300.0,1.0,Urban,Y
LP106463,Male,Yes,0,Graduate,No,2047,1552.0,200.0,300.0,1.0,Urban,Y
LP106464,Male,Yes,0,Graduate,No,2739,1758.0,230.0,360.0,1.0,Rural,Y
LP106465,Female,No,1,Not Graduate,No,3683,0.0,262.0,120.0,1.0,Semiurban,Y
LP106466,Female,Yes,1,Not Graduate,No,1500,4348.0,107.0,300.0,1.0,Urban,Y
LP106467,Female,No,2,Not Graduate,No,4889,0.0,52.0,84.0,1.0,Urban,Y
LP106468,Male,Yes,1,Not Graduate,No,7204,462.0,437.0,360.0,1.0,Urban,Y
LP106469,Female,Yes,1,Not Graduate,No,9891,856.0,34.0,36.0,1.0,Urban,Y
LP106470,Male,No,1,Not Graduate,Yes,5150,0.0,109.0,480.0,1.0,Urban,Y
LP106471,Male,Yes,1,Graduate,No,3134,2922.0,57.0,12.0,,Urban,N
LP106472,Male,Yes,3+,Not Graduate,No,5621,2564.0,171.0,360.0,1.0,Semiurban,Y
LP106473,Male,Yes,3+,Not Graduate,No,4688,3156.0,75.0,360.0,1.0,Rural,Y
LP106474,Male,Yes,1,Graduate,No,7871,1952.0,264.0,360.0,0.0,Urban,N
LP106475,Male,No,0,Graduate,No,4782,0.0,154.0,240.0,1.0,Semiurban,Y
LP106476,Male,Yes,3+,Graduate,No,8380,1393.0,332.0,180.0,0.0,Urban,N
LP106477,Male,Yes,,Not Graduate,No,4201,1506.0,142.0,120.0,1.0,Urban,Y
LP106478,Female,Yes,0,Graduate,No,10658,1675.0,269.0,300.0,1.0,Semiurban,Y
LP106479,Male,Yes,0,Graduate,No,5467,1305.0,70.0,180.0,1.0,Rural,Y
LP106480,Female,No,0,Not Graduate,Yes,3433,0.0,242.0,360.0,,Urban,N
LP106481,,No,2,Graduate,Yes,4024,0.0,123.0,36.0,1.0,Semiurban,N
LP106482,Female,,1,Not Graduate,Yes,7602,0.0,154.0,60.0,1.0,Rural,Y
LP106483,Male,Yes,3+,Not Graduate,Yes,2292,1536.0,234.0,120.0,1.0,Semiurban,Y
LP106484,Male,Yes,0,Not Graduate,,4547,1838.0,169.0,60.0,0.0,Urban,N
LP106485,Male,Yes,1,Graduate,No,9334,6149.0,83.0,360.0,1.0,Urban,Y
LP106486,Male,No,3+,Not Graduate,No,6701,0.0,100.0,12.0,1.0,Rural,N
LP106487,Female,Yes,2,Graduate,No,2463,1953.0,71.0,360.0,1.0,Urban,Y
LP106488,Male,Yes,2,Graduate,Yes,5923,1700.0,206.0,300.0,0.0,Semiurban,N
LP106489,Male,No,0,Graduate,No,2196,0.0,,360.0,0.0,Urban,N
LP106490,Female,Yes,2,Graduate,No,5496,695.0,,240.0,1.0,Semiurban,Y
LP106491,Female,Yes,0,Not Graduate,No,11247,964.0,151.0,360.0,1.0,Urban,Y
LP106492,,Yes,1,Graduate,No,5136,914.0,116.0,360.0,1.0,Semiurban,Y
LP106493,Male,Yes,2,Not Graduate,Yes,2492,1828.0,270.0,240.0,1.0,Urban,N
LP106494,Male,Yes,2,Graduate,Yes,4382,547.0,215.0,84.0,1.0,Semiurban,Y
LP106495,Male,Yes,2,Graduate,Yes,5523,5837.0,207.0,240.0,0.0,Urban,N
LP106496,Male,Yes,2,Graduate,No,9464,2521.0,104.0,360.0,1.0,Urban,Y
LP106497,Female,Yes,0,Graduate,No,9413,2887.0,205.0,360.0,0.0,Semiurban,Y
LP106498,Male,No,1,Not Graduate,Yes,2556,0.0,181.0,240.0,1.0,Rural,N
LP106499,Male,Yes,2,Not Graduate,No,4046,1373.0,64.0,360.0,,Rural,Y
LP106500,Male,,0,Graduate,No,6224,0.0,115.0,240.0,1.0,Urban,Y
LP106501,Female,Yes,0,Not Graduate,No,3419,2880.0,121.0,120.0,1.0,Semiurban,Y
LP106502,Female,Yes,0,Graduate,Yes,6627,6195.0,329.0,360.0,1.0,Semiurban,Y
LP106503,Male,No,1,Graduate,No,2188,0.0,104.0,300.0,1.0,Semiurban,Y
LP106504,Female,Yes,3+,Graduate,No,5749,1203.0,179.0,240.0,1.0,Semiurban,Y
LP106505,Male,Yes,0,Graduate,No,9103,2538.0,293.0,180.0,1.0,Rural,Y
LP106506,Male,No,1,Not Graduate,No,5076,0.0,77.0,360.0,1.0,Urban,Y
LP106507,Male,Yes,2,Graduate,Yes,5461,1244.0,158.0,300.0,1.0,Semiurban,Y
LP106508,Male,Yes,0,Graduate,No,8156,1788.0,454.0,120.0,1.0,Urban,Y
LP106509,Male,Yes,3+,Graduate,No,3765,1558.0,52.0,180.0,1.0,Rural,N
LP106510,Female,No,1,Graduate,Yes,7138,0.0,93.0,240.0,0.0,Semiurban,N
LP106511,Male,No,3+,Graduate,No,4825,0.0,158.0,300.0,1.0,Semiurban,N
LP106512,Female,Yes,0,Graduate,No,2850,2291.0,167.0,360.0,1.0,Rural,Y
LP106513,Male,Yes,0,Not Graduate,No,8445,2426.0,147.0,120.0,1.0,Semiurban,Y
LP106514,Male,Yes,0,Graduate,No,11390,2418.0,186.0,360.0,1.0,Semiurban,Y
LP106515,Male,Yes,0,Graduate,,9848,8306.0,286.0,360.0,1.0,Rural,Y
LP106516,Male,Yes,,Graduate,No,8445,529.0,138.0,240.0,1.0,Urban,Y
LP106517,Male,Yes,0,Graduate,No,6676,6263.0,128.0,240.0,1.0,Rural,Y
LP106518,Male,Yes,2,Not Graduate,No,6110,13274.0,191.0,300.0,1.0,Urban,Y
LP106519,Male,Yes,0,Graduate,No,4645,7413.0,443.0,360.0,1.0,Semiurban,Y
LP106520,Male,No,2,Graduate,No,3302,0.0,192.0,84.0,1.0,Urban,Y
LP106521,Female,Yes,2,Graduate,No,1500,2597.0,,240.0,1.0,Urban,Y
LP106522,Male,Yes,1,Not Graduate,No,1919,975.0,52.0,36.0,1.0,Semiurban,Y
LP106523,Male,Yes,0,Not Graduate,No,4957,1052.0,120.0,300.0,1.0,Urban,Y
LP106524,Male,No,2,Graduate,No,2285,0.0,64.0,,1.0,Rural,Y
LP106525,Female,No,0,Graduate,Yes,6300,0.0,135.0,120.0,1.0,Urban,Y
LP106526,Female,No,0,Graduate,No,14022,0.0,316.0,180.0,1.0,Urban,Y
LP106527,Male,Yes,2,Not Graduate,Yes,1500,736.0,61.0,360.0,1.0,Rural,N
LP106528,Male,No,3+,Graduate,Yes,2742,0.0,380.0,360.0,1.0,Semiurban,Y
LP106529,Male,Yes,3+,Graduate,No,18242,4204.0,133.0,360.0,0.0,Semiurban,Y
LP106530,Female,Yes,1,Graduate,No,8107,2533.0,229.0,180.0,1.0,Urban,Y
LP106531,Female,Yes,1,Graduate,No,4596,1424.0,248.0,60.0,1.0,Semiurban,Y
LP106532,Male,No,3+,Graduate,No,3571,0.0,444.0,180.0,,Urban,N
LP106533,Male,No,1,Graduate,Yes,6984,0.0,190.0,360.0,1.0,Rural,Y
LP106534,Male,No,1,Graduate,No,8844,0.0,79.0,180.0,0.0,Semiurban,N
LP106535,Female,No,3+,Graduate,No,2294,0.0,246.0,360.0,0.0,Rural,N
LP106536,Male,Yes,0,Graduate,No,12029,2917.0,27.0,360.0,1.0,Semiurban,Y
LP106537,Male,Yes,0,Graduate,No,6242,1242.0,77.0,36.0,1.0,Semiurban,Y
LP106538,Male,Yes,2,Graduate,Yes,8629,1617.0,94.0,60.0,1.0,Semiurban,Y
LP106539,Female,No,0,Not Graduate,No,9085,0.0,38.0,180.0,1.0,Semiurban,Y
LP106540,Female,Yes,1,Graduate,,5927,5679.0,368.0,300.0,0.0,Urban,N
LP106541,Female,No,1,Graduate,Yes,6420,0.0,298.0,360.0,1.0,Urban,Y
LP106542,Male,Yes,1,Not Graduate,No,6705,1674.0,176.0,84.0,1.0,Urban,Y
LP106543,,Yes,3+,Graduate,No,3966,1638.0,241.0,360.0,1.0,Semiurban,Y
LP106544,Male,Yes,0,Graduate,No,7252,2276.0,167.0,300.0,1.0,Semiurban,Y
LP106545,Male,Yes,1,Graduate,No,4205,5189.0,225.0,240.0,1.0,Semiurban,Y
LP106546,Male,No,0,Graduate,,4916,0.0,286.0,360.0,1.0,Rural,Y
LP106547,Female,Yes,2,Graduate,Yes,12560,1141.0,56.0,360.0,0.0,Semiurban,N
LP106548,Male,Yes,2,Graduate,No,4809,689.0,232.0,240.0,1.0,Urban,Y
LP106549,Female,Yes,1,Not Graduate,No,6298,1688.0,264.0,360.0,1.0,Urban,Y
LP106550,Female,Yes,0,Not Graduate,,4425,693.0,94.0,300.0,1.0,Urban,Y
LP106551,Male,Yes,2,Graduate,No,3946,2375.0,116.0,120.0,1.0,Urban,Y
LP106552,Male,Yes,1,Not Graduate,No,15634,2597.0,84.0,300.0,1.0,Urban,Y
LP106553,Male,No,0,Graduate,Yes,2041,0.0,161.0,360.0,1.0,Semiurban,Y
LP106554,Male,Yes,1,Not Graduate,Yes,5070,1529.0,169.0,300.0,,Urban,Y
LP106555,Male,Yes,1,Graduate,No,2389,4129.0,151.0,300.0,1.0,Urban,Y
LP106556,Male,Yes,3+,Not Graduate,No,10432,6563.0,84.0,36.0,1.0,Rural,Y
LP106557,Female,Yes,2,Graduate,Yes,4736,1917.0,305.0,300.0,1.0,Rural,Y
LP106558,Female,Yes,2,Graduate,No,3709,10809.0,94.0,240.0,1.0,Semiurban,Y
LP106559,Male,Yes,3+,Graduate,No,1634,5707.0,187.0,36.0,1.0,Urban,Y
LP106560,Male,Yes,2,Not Graduate,No,12654,1232.0,215.0,360.0,1.0,Rural,Y
LP106561,Male,No,3+,Graduate,Yes,2215,0.0,48.0,120.0,0.0,Semiurban,N
LP106562,Female,Yes,0,Graduate,No,6581,1712.0,164.0,240.0,1.0,Urban,Y
LP106563,Female,No,1,Graduate,No,8596,0.0,284.0,300.0,1.0,Semiurban,Y
LP106564,Male,No,2,Graduate,No,18112,0.0,133.0,300.0,0.0,Urban,N
LP106565,Male,Yes,1,Not Graduate,No,3530,2304.0,230.0,360.0,1.0,Rural,Y
LP106566,Female,Yes,0,Not Graduate,No,2941,5151.0,89.0,360.0,1.0,Rural,Y
LP106567,Male,Yes,0,Not Graduate,Yes,3803,2039.0,252.0,120.0,1.0,Urban,Y
LP106568,Male,Yes,0,Not Graduate,Yes,3452,1700.0,67.0,180.0,1.0,Semiurban,Y
LP106569,Male,No,0,Graduate,Yes,1587,0.0,132.0,120.0,1.0,Semiurban,Y
LP106570,Male,No,0,Graduate,No,13111,0.0,281.0,300.0,1.0,Rural,Y
LP106571,Male,Yes,1,Graduate,No,3824,4244.0,272.0,60.0,1.0,Urban,Y
LP106572,Female,Yes,3+,Not Graduate,Yes,4465,1066.0,61.0,360.0,1.0,Urban,N
LP106573,Female,Yes,2,Not Graduate,No,7161,2139.0,118.0,84.0,,Urban,Y
LP106574,Male,Yes,2,Graduate,No,11289,1837.0,93.0,360.0,1.0,Urban,Y
LP106575,Female,No,3+,Graduate,No,2449,0.0,272.0,360.0,1.0,Rural,Y
LP106576,Male,Yes,,Graduate,No,6091,1789.0,128.0,360.0,1.0,Rural,Y
LP106577,Female,Yes,0,Graduate,No,2369,1458.0,146.0,36.0,,Urban,Y
LP106578,Male,No,0,Not Graduate,No,6004,0.0,,120.0,1.0,Urban,Y
LP106579,Female,Yes,3+,Graduate,No,5856,2352.0,64.0,360.0,1.0,Semiurban,Y
LP106580,Female,Yes,0,Not Graduate,No,3700,773.0,160.0,480.0,1.0,Rural,Y
LP106581,Male,Yes,2,Not Graduate,No,5653,1655.0,73.0,180.0,1.0,Urban,Y
LP106582,Female,Yes,1,Not Graduate,No,5716,4993.0,100.0,360.0,1.0,Semiurban,Y
LP106583,Female,No,3+,Not Graduate,Yes,4679,0.0,102.0,120.0,1.0,Urban,N
LP106584,Female,No,1,Graduate,No,4346,0.0,179.0,360.0,1.0,Urban,Y
LP106585,Male,Yes,2,Not Graduate,No,2167,3505.0,83.0,84.0,0.0,Semiurban,N
LP106586,Female,No,0,Graduate,Yes,2554,0.0,101.0,360.0,1.0,Semiurban,Y
LP106587,Female,Yes,0,Not Graduate,No,3399,1125.0,163.0,180.0,1.0,Semiurban,Y
LP106588,Male,No,,Graduate,No,2683,0.0,308.0,240.0,1.0,Rural,Y
LP106589,Female,No,3+,Graduate,No,3484,0.0,174.0,300.0,1.0,Semiurban,N
LP106590,Male,Yes,1,Graduate,No,4695,608.0,264.0,240.0,1.0,Urban,Y
LP106591,Male,No,3+,Graduate,No,5182,0.0,37.0,300.0,0.0,Semiurban,N
LP106592,Male,Yes,2,Not Graduate,Yes,6884,7529.0,317.0,360.0,1.0,Rural,Y
LP106593,Male,Yes,2,Not Graduate,No,5399,2397.0,80.0,180.0,1.0,Semiurban,Y
LP106594,Male,No,1,Graduate,No,5278,0.0,93.0,360.0,,Semiurban,Y
LP106595,Male,No,1,Graduate,Yes,6780,0.0,430.0,240.0,1.0,Urban,Y
LP106596,Female,No,0,Not Graduate,No,2835,0.0,148.0,36.0,1.0,Urban,N
LP106597,Male,Yes,3+,Graduate,No,2981,1839.0,85.0,360.0,1.0,Urban,Y
LP106598,Male,Yes,3+,Not Graduate,No,3928,793.0,93.0,180.0,1.0,Semiurban,Y
LP106599,Male,Yes,2,Graduate,No,3234,4440.0,58.0,360.0,1.0,Urban,Y
LP106600,Male,No,0,Graduate,No,1716,0.0,135.0,360.0,1.0,Rural,Y
LP106601,Female,Yes,0,Not Graduate,No,6943,920.0,109.0,240.0,1.0,Semiurban,Y
LP106602,Female,No,3+,Graduate,No,2700,0.0,200.0,360.0,1.0,Semiurban,N
LP106603,Female,Yes,0,Graduate,No,14573,5110.0,376.0,480.0,0.0,Semiurban,Y
LP106604,Male,Yes,2,Not Graduate,No,5427,695.0,63.0,180.0,1.0,Semiurban,Y
LP106605,Male,Yes,1,Not Graduate,No,1996,892.0,192.0,300.0,1.0,Semiurban,Y
LP106606,Male,No,1,Not Graduate,No,7333,0.0,53.0,120.0,0.0,Rural,N
LP106607,Male,Yes,2,Graduate,No,5013,1589.0,174.0,360.0,1.0,Urban,Y
LP106608,Male,No,0,Graduate,Yes,5852,0.0,66.0,300.0,1.0,Urban,Y
LP106609,Female,Yes,1,Graduate,No,3646,5267.0,59.0,84.0,0.0,Rural,N
LP106610,Male,Yes,3+,Graduate,No,2810,2139.0,620.0,360.0,1.0,Semiurban,Y
LP106611,Female,No,2,Not Graduate,Yes,2045,0.0,487.0,300.0,1.0,Semiurban,N
LP106612,Male,No,2,Graduate,No,2277,0.0,87.0,180.0,1.0,Semiurban,Y
LP106613,Male,No,2,Graduate,No,2162,0.0,420.0,12.0,1.0,Semiurban,N
LP106614,Male,Yes,0,Not Graduate,No,3966,1097.0,131.0,120.0,1.0,Semiurban,Y
LP106615,Male,Yes,0,Not Graduate,No,4764,897.0,58.0,120.0,1.0,Rural,Y
LP106616,Female,Yes,1,Graduate,No,1942,660.0,198.0,360.0,1.0,Semiurban,Y
LP106617,Male,Yes,1,Graduate,Yes,8447,4283.0,237.0,180.0,1.0,Rural,Y
LP106618,Male,No,1,Not Graduate,No,5350,0.0,210.0,,1.0,Semiurban,Y
LP106619,Female,Yes,2,Graduate,Yes,21084,1339.0,48.0,120.0,0.0,Rural,Y
LP106620,Male,Yes,0,Not Graduate,No,3854,5188.0,67.0,360.0,1.0,Semiurban,Y
LP106621,Male,Yes,2,Not Graduate,No,18765,2899.0,,240.0,1.0,Semiurban,Y
LP106622,Male,Yes,0,Graduate,Yes,7689,761.0,67.0,480.0,1.0,Urban,Y
LP106623,Male,Yes,0,Graduate,Yes,1516,563.0,247.0,360.0,1.0,Semiurban,Y
LP106624,Female,Yes,1,Graduate,No,2405,2309.0,108.0,360.0,1.0,Urban,Y
LP106625,Female,Yes,2,Not Graduate,No,5947,2646.0,50.0,360.0,1.0,Semiurban,Y
LP106626,Female,Yes,0,Graduate,Yes,1722,642.0,60.0,360.0,1.0,Semiurban,Y
LP106627,Male,No,1,Not Graduate,Yes,2870,0.0,176.0,,1.0,Urban,Y
LP106628,Male,Yes,2,Not Graduate,No,1890,3577.0,181.0,120.0,0.0,Semiurban,N
LP106629,Female,Yes,0,Graduate,No,17733,6353.0,342.0,300.0,1.0,Semiurban,Y
LP106630,Male,No,1,Not Graduate,No,9501,0.0,135.0,240.0,1.0,Semiurban,Y
LP106631,Male,No,3+,Graduate,No,4010,0.0,119.0,,1.0,Semiurban,N
LP106632,Male,No,1,Not Graduate,No,12178,0.0,394.0,360.0,1.0,Semiurban,Y
LP106633,Male,No,0,Graduate,No,10454,0.0,81.0,300.0,1.0,Semiurban,Y
LP106634,Male,Yes,2,Graduate,Yes,10788,2820.0,113.0,360.0,1.0,Semiurban,Y
LP106635,Female,No,1,Graduate,No,3513,0.0,178.0,240.0,0.0,Rural,N
LP106636,Female,Yes,0,Graduate,No,4083,3380.0,78.0,300.0,1.0,Urban,Y
LP106637,Male,Yes,0,Graduate,Yes,2545,1031.0,175.0,360.0,1.0,Semiurban,Y
LP106638,,No,0,Not Graduate,Yes,4590,0.0,134.0,84.0,1.0,Urban,Y
LP106639,Male,Yes,0,Graduate,Yes,3018,1264.0,265.0,180.0,1.0,Rural,Y
LP106640,Female,No,0,Not Graduate,No,2579,0.0,104.0,84.0,1.0,Rural,Y
LP106641,Male,No,1,Graduate,No,9691,0.0,91.0,60.0,1.0,Semiurban,Y
LP106642,Female,Yes,1,Graduate,Yes,7353,590.0,424.0,12.0,1.0,Urban,Y
LP106643,Male,No,3+,Graduate,No,2894,0.0,223.0,240.0,1.0,Rural,Y
LP106644,Male,Yes,2,Not Graduate,No,8666,1180.0,257.0,360.0,1.0,Rural,Y
LP106645,Male,Yes,3+,Graduate,No,5915,613.0,221.0,180.0,1.0,Urban,Y
LP106646,Female,No,1,Graduate,No,4067,0.0,89.0,240.0,1.0,Semiurban,Y
LP106647,Male,Yes,0,Not Graduate,No,12764,440.0,75.0,360.0,1.0,Rural,Y
LP106648,Male,No,1,Graduate,No,5903,0.0,75.0,120.0,1.0,Semiurban,Y
LP106649,Male,Yes,2,Not Graduate,No,14278,3068.0,95.0,180.0,1.0,Semiurban,Y
LP106650,Female,Yes,0,Graduate,No,6901,4472.0,275.0,,1.0,Semiurban,Y
LP106651,,No,0,Graduate,No,7267,0.0,132.0,360.0,1.0,Semiurban,Y
LP106652,Male,Yes,0,Graduate,No,2577,4067.0,236.0,240.0,1.0,Semiurban,Y
LP106653,,Yes,1,Not Graduate,Yes,3518,1347.0,220.0,12.0,0.0,Semiurban,N
LP106654,Male,Yes,0,Not Graduate,No,11783,10982.0,351.0,240.0,1.0,Semiurban,Y
LP106655,Male,No,0,Graduate,Yes,9869,0.0,217.0,,1.0,Rural,Y
LP106656,Male,Yes,0,Graduate,No,3963,807.0,152.0,360.0,1.0,Rural,Y
LP106657,Male,No,2,Graduate,No,2182,0.0,61.0,240.0,0.0,Semiurban,N
LP106658,Female,Yes,1,Graduate,No,13304,659.0,430.0,240.0,1.0,Semiurban,Y
LP106659,Female,Yes,2,Graduate,Yes,9320,1026.0,254.0,360.0,1.0,Rural,Y
LP106660,Male,No,1,Graduate,No,2473,0.0,173.0,360.0,1.0,Semiurban,Y
LP106661,Male,Yes,1,Graduate,Yes,2473,2106.0,152.0,360.0,1.0,Semiurban,Y
LP106662,Female,Yes,0,Graduate,No,14766,1758.0,46.0,180.0,1.0,Semiurban,Y
LP106663,Female,No,1,Not Graduate,No,3624,0.0,172.0,360.0,1.0,Urban,N
LP106664,Male,No,0,Not Graduate,No,3663,0.0,97.0,360.0,1.0,Semiurban,Y
LP106665,Female,Yes,1,Graduate,No,3267,2036.0,50.0,84.0,0.0,Rural,N
LP106666,Male,Yes,1,Not Graduate,No,6083,1087.0,100.0,240.0,1.0,Rural,Y
LP106667,Male,No,0,Graduate,No,2121,0.0,155.0,360.0,1.0,Urban,Y
LP106668,Female,No,0,Graduate,No,5667,0.0,168.0,360.0,1.0,Semiurban,Y
LP106669,Male,No,0,Not Graduate,No,2113,0.0,66.0,300.0,1.0,Semiurban,Y
LP106670,Male,Yes,0,Not Graduate,No,2122,2811.0,59.0,84.0,1.0,Semiurban,Y
LP106671,Male,No,0,Graduate,No,2165,0.0,111.0,84.0,1.0,Rural,Y
LP106672,Female,Yes,3+,Graduate,No,2216,2087.0,189.0,240.0,0.0,Semiurban,N
LP106673,Female,Yes,1,Not Graduate,No,7581,6748.0,83.0,36.0,1.0,Rural,Y
LP106674,Male,Yes,1,Graduate,No,7582,2022.0,102.0,240.0,1.0,Semiurban,Y
LP106675,Male,Yes,2,Graduate,No,4457,360.0,150.0,360.0,1.0,Urban,Y
LP106676,Male,Yes,2,Not Graduate,No,3364,1145.0,82.0,300.0,1.0,Semiurban,Y
LP106677,Male,Yes,3+,Graduate,No,11260,2001.0,40.0,360.0,1.0,Semiurban,Y
LP106678,Male,Yes,3+,Graduate,No,7456,9827.0,161.0,360.0,1.0,Semiurban,Y
LP106679,Female,No,2,Not Graduate,No,2423,0.0,47.0,120.0,1.0,Urban,Y
LP106680,Male,Yes,3+,Graduate,No,6065,1606.0,163.0,120.0,1.0,Urban,Y
LP106681,Male,Yes,0,Graduate,No,5880,769.0,117.0,240.0,1.0,Semiurban,Y
LP106682,Male,Yes,2,Graduate,No,7563,3653.0,117.0,300.0,1.0,Urban,Y
LP106683,Male,Yes,3+,Graduate,Yes,25575,1348.0,69.0,360.0,1.0,Rural,Y
LP106684,Female,Yes,2,Graduate,Yes,3007,203.0,110.0,120.0,1.0,Semiurban,Y
LP106685,Male,Yes,3+,Graduate,Yes,6854,1320.0,79.0,120.0,1.0,Urban,Y
LP106686,Male,No,0,Graduate,Yes,12059,0.0,,12.0,1.0,Semiurban,Y
LP106687,Male,No,1,Graduate,No,13779,0.0,82.0,84.0,1.0,Semiurban,Y
LP106688,Male,No,3+,Graduate,No,5477,0.0,250.0,360.0,1.0,Urban,Y
LP106689,Male,Yes,1,Graduate,No,2242,3058.0,95.0,60.0,1.0,Urban,Y
LP106690,Male,Yes,2,Graduate,,1674,1637.0,155.0,,1.0,Urban,Y
LP106691,Male,Yes,0,Graduate,No,8069,1934.0,134.0,360.0,1.0,Urban,Y
LP106692,Male,No,2,Graduate,No,6036,0.0,121.0,480.0,1.0,Semiurban,Y
LP106693,Male,Yes,3+,Graduate,Yes,5307,1297.0,119.0,360.0,1.0,Semiurban,Y
LP106694,Male,Yes,,Not Graduate,,5823,2848.0,155.0,360.0,0.0,Urban,N
LP106695,Female,Yes,0,Not Graduate,No,8840,3559.0,306.0,60.0,1.0,Semiurban,Y
LP106696,Male,Yes,0,Graduate,Yes,6821,1745.0,,360.0,1.0,Rural,Y
LP106697,Male,No,3+,Graduate,No,6198,0.0,,240.0,1.0,Semiurban,Y
LP106698,Male,No,2,Graduate,Yes,3442,0.0,81.0,180.0,1.0,Semiurban,N
LP106699,Male,No,0,Graduate,Yes,9169,0.0,144.0,300.0,1.0,Urban,Y
LP106700,Female,Yes,0,Graduate,No,3475,810.0,112.0,360.0,1.0,Urban,Y
LP106701,Male,No,2,Graduate,No,8783,0.0,338.0,180.0,1.0,Urban,Y
LP106702,Female,Yes,2,Graduate,No,3883,2008.0,314.0,360.0,1.0,Semiurban,Y
LP106703,Male,No,0,Not Graduate,No,6999,0.0,102.0,180.0,1.0,Semiurban,Y
LP106704,Male,Yes,0,Not Graduate,No,14159,5484.0,339.0,84.0,1.0,Rural,Y
LP106705,Female,Yes,2,Not Graduate,,7305,159.0,172.0,360.0,1.0,Semiurban,Y
LP106706,Male,No,1,Graduate,No,11496,0.0,86.0,360.0,1.0,Semiurban,Y
LP106707,Male,Yes,3+,Graduate,No,3932,336.0,124.0,360.0,,Rural,Y
LP106708,Male,No,1,Graduate,No,5206,0.0,119.0,60.0,0.0,Urban,N
LP106709,Female,No,2,Not Graduate,No,3972,0.0,86.0,240.0,0.0,Rural,N
LP106710,Male,Yes,1,Graduate,No,1815,4542.0,91.0,180.0,1.0,Urban,Y
LP106711,Female,Yes,3+,Graduate,No,9332,2222.0,176.0,300.0,1.0,Urban,Y
LP106712,Male,Yes,1,Graduate,No,6914,613.0,,60.0,1.0,Urban,Y
LP106713,Female,No,0,Not Graduate,,6625,0.0,113.0,240.0,1.0,Rural,Y
LP106714,Male,Yes,0,Graduate,No,10291,1623.0,118.0,360.0,1.0,Semiurban,Y
LP106715,Female,Yes,3+,Graduate,No,2486,2851.0,121.0,300.0,1.0,Urban,Y
LP106716,Male,Yes,1,Not Graduate,No,2153,1892.0,233.0,120.0,1.0,Urban,Y
LP106717,Female,Yes,1,Graduate,No,10350,2083.0,81.0,360.0,0.0,Urban,Y
LP106718,Male,No,1,Graduate,Yes,4711,0.0,154.0,240.0,0.0,Urban,N
LP106719,Male,Yes,0,Graduate,No,5590,4464.0,54.0,60.0,1.0,Urban,Y
LP106720,Male,Yes,,Not Graduate,No,2038,2032.0,98.0,240.0,0.0,Semiurban,N
LP106721,Male,No,0,Graduate,No,11887,0.0,61.0,360.0,0.0,Rural,N
LP106722,Male,Yes,2,Graduate,No,7352,2290.0,354.0,180.0,1.0,Rural,Y
LP106723,Female,Yes,2,Not Graduate,Yes,3479,1297.0,145.0,240.0,1.0,Urban,Y
LP106724,Female,Yes,2,Graduate,Yes,17178,1366.0,104.0,180.0,1.0,Rural,Y
LP106725,Male,Yes,3+,Not Graduate,No,2168,2657.0,47.0,360.0,1.0,Urban,Y
LP106726,Female,Yes,1,Graduate,No,4033,3364.0,60.0,180.0,1.0,Urban,Y
LP106727,Male,No,,Graduate,No,8885,0.0,223.0,180.0,1.0,Urban,Y
LP106728,Male,No,0,Graduate,No,9817,0.0,166.0,360.0,1.0,Rural,Y
LP106729,Female,No,0,Not Graduate,Yes,2006,0.0,56.0,480.0,1.0,Rural,N
LP106730,Female,No,0,Not Graduate,No,4146,0.0,56.0,360.0,1.0,Rural,Y
LP106731,Female,Yes,1,Graduate,No,7688,3392.0,406.0,360.0,1.0,Urban,Y
LP106732,Male,Yes,0,Graduate,No,11894,849.0,302.0,360.0,1.0,Rural,Y
LP106733,Female,Yes,0,Not Graduate,No,11309,2159.0,160.0,120.0,1.0,Semiurban,Y
LP106734,Male,No,2,Graduate,No,7482,0.0,143.0,360.0,1.0,Urban,Y
LP106735,Male,No,1,Graduate,Yes,5186,0.0,121.0,360.0,1.0,Urban,Y
LP106736,Male,Yes,1,Not Graduate,No,4413,2298.0,63.0,360.0,1.0,Semiurban,Y
LP106737,Female,Yes,1,Not Graduate,No,6626,1453.0,225.0,300.0,0.0,Rural,N
LP106738,Female,Yes,0,Graduate,No,11619,410.0,119.0,300.0,1.0,Rural,Y
LP106739,Female,Yes,0,Not Graduate,No,4322,1054.0,208.0,360.0,1.0,Semiurban,Y
LP106740,Male,No,0,Graduate,Yes,4171,0.0,105.0,360.0,1.0,Semiurban,Y
LP106741,Male,Yes,0,Graduate,No,9770,1041.0,166.0,360.0,1.0,Semiurban,Y
LP106742,Male,No,2,Not Graduate,No,9292,0.0,100.0,120.0,1.0,Semiurban,Y
LP106743,Male,Yes,2,Graduate,No,3641,560.0,140.0,360.0,1.0,Urban,Y
LP106744,Male,No,0,Not Graduate,Yes,2227,0.0,216.0,,1.0,Semiurban,Y
LP106745,Female,No,1,Not Graduate,No,1758,0.0,97.0,240.0,1.0,Urban,N
LP106746,Male,No,2,Graduate,No,5313,0.0,451.0,360.0,0.0,Semiurban,N
LP106747,Male,Yes,0,Not Graduate,No,2533,2385.0,94.0,360.0,0.0,Urban,N
LP106748,Male,Yes,0,Graduate,Yes,8414,1191.0,145.0,360.0,1.0,Semiurban,Y
LP106749,Male,Yes,1,Graduate,No,1754,2840.0,307.0,360.0,1.0,Urban,Y
LP106750,Male,Yes,2,Not Graduate,Yes,12941,5355.0,320.0,360.0,1.0,Rural,Y
LP106751,Female,Yes,1,Not Graduate,No,4015,5668.0,177.0,240.0,,Semiurban,Y
LP106752,Male,No,2,Graduate,No,3043,0.0,157.0,240.0,0.0,Rural,N
LP106753,Female,Yes,0,Graduate,,3552,1290.0,139.0,120.0,1.0,Urban,Y
LP106754,Male,Yes,1,Graduate,Yes,2925,2071.0,303.0,300.0,0.0,Semiurban,N
LP106755,Male,Yes,0,Graduate,Yes,12195,8076.0,238.0,240.0,,Rural,Y
LP106756,Male,No,2,Graduate,No,7353,0.0,258.0,360.0,1.0,Urban,Y
LP106757,Female,No,3+,Graduate,No,5208,0.0,358.0,360.0,1.0,Urban,Y
LP106758,Female,Yes,0,Graduate,No,2388,3623.0,176.0,360.0,1.0,Semiurban,Y
LP106759,Male,Yes,0,Not Graduate,No,4755,1061.0,105.0,120.0,1.0,Urban,Y
LP106760,Male,No,0,Graduate,No,3095,0.0,165.0,360.0,1.0,Urban,Y
LP106761,Male,No,,Graduate,No,1500,0.0,138.0,180.0,0.0,Rural,N
LP106762,Male,Yes,0,Not Graduate,No,3241,2396.0,119.0,360.0,1.0,Semiurban,Y
LP106763,Female,No,1,Graduate,Yes,7066,0.0,105.0,300.0,0.0,Semiurban,N
LP106764,Male,No,3+,Not Graduate,No,3805,0.0,186.0,360.0,1.0,Urban,N
LP106765,Male,Yes,1,Graduate,No,4505,2032.0,196.0,300.0,1.0,Urban,Y
LP106766,Male,Yes,0,Graduate,No,9178,685.0,,360.0,1.0,Urban,Y
LP106767,,Yes,0,Graduate,No,8243,2604.0,162.0,360.0,0.0,Semiurban,Y
LP106768,Male,Yes,,Graduate,No,15939,1499.0,355.0,120.0,1.0,Semiurban,Y
LP106769,Male,Yes,0,Graduate,Yes,1500,608.0,85.0,240.0,1.0,Urban,Y
LP106770,Female,Yes,2,Graduate,No,2964,2298.0,305.0,360.0,1.0,Rural,Y
LP106771,Female,Yes,0,Graduate,No,8475,2259.0,79.0,360.0,1.0,Semiurban,Y
LP106772,Male,Yes,3+,Graduate,Yes,6366,275.0,166.0,360.0,1.0,Urban,Y
LP106773,Female,Yes,1,Graduate,No,5217,1735.0,,180.0,1.0,Semiurban,Y
LP106774,Male,Yes,1,Not Graduate,No,3419,1822.0,197.0,120.0,,Urban,Y
LP106775,Male,Yes,1,Not Graduate,No,5630,1947.0,,36.0,1.0,Semiurban,Y
LP106776,Male,Yes,2,Not Graduate,No,5438,421.0,47.0,360.0,1.0,Semiurban,Y
LP106777,Male,Yes,1,Not Graduate,No,1617,2399.0,101.0,360.0,1.0,Rural,Y
LP106778,Male,Yes,0,Graduate,No,5586,2725.0,387.0,240.0,1.0,Urban,Y
LP106779,Male,No,0,Graduate,No,3603,0.0,189.0,360.0,1.0,Urban,Y
LP106780,Male,Yes,3+,Not Graduate,No,8140,590.0,143.0,300.0,1.0,Urban,Y
LP106781,Female,No,0,Graduate,No,6043,0.0,184.0,240.0,1.0,Urban,Y
LP106782,Male,Yes,1,Graduate,Yes,15891,2004.0,246.0,300.0,1.0,Rural,Y
LP106783,Male,Yes,1,Graduate,No,4914,671.0,335.0,360.0,1.0,Semiurban,Y
LP106784,Male,Yes,0,Graduate,No,2553,612.0,112.0,360.0,1.0,Rural,Y
LP106785,Male,No,0,Graduate,No,1500,0.0,191.0,84.0,1.0,Urban,Y
LP106786,Male,No,0,Not Graduate,No,2799,0.0,178.0,60.0,1.0,Rural,Y
LP106787,Female,No,2,Not Graduate,No,6163,0.0,143.0,240.0,0.0,Urban,N
LP106788,Male,No,1,Graduate,No,7184,0.0,120.0,36.0,1.0,Rural,Y
LP106789,Male,Yes,2,Graduate,No,3418,1288.0,351.0,300.0,,Urban,Y
LP106790,Male,Yes,2,Graduate,No,3796,7642.0,157.0,360.0,1.0,Rural,Y
LP106791,Male,Yes,0,Graduate,No,5125,3473.0,64.0,240.0,1.0,Urban,Y
LP106792,Male,Yes,1,Not Graduate,No,6173,12202.0,23.0,300.0,1.0,Urban,Y
LP106793,Male,Yes,2,Graduate,No,9063,2473.0,238.0,300.0,1.0,Semiurban,Y
LP106794,Male,No,2,Not Graduate,No,3454,0.0,103.0,360.0,1.0,Rural,N
LP106795,Male,No,2,Graduate,No,3147,0.0,122.0,360.0,1.0,Semiurban,Y
LP106796,Male,Yes,2,Graduate,No,16562,2804.0,171.0,360.0,1.0,Urban,Y
LP106797,Female,Yes,0,Not Graduate,No,14327,2954.0,587.0,12.0,0.0,Urban,N
LP106798,Male,Yes,2,Not Graduate,No,3577,1269.0,302.0,120.0,1.0,Urban,Y
LP106799,Female,No,0,Not Graduate,No,9754,0.0,117.0,120.0,1.0,Rural,Y
LP106800,Female,Yes,1,Not Graduate,No,18450,654.0,208.0,360.0,0.0,Urban,N
LP106801,Male,No,0,Not Graduate,No,10831,0.0,93.0,360.0,0.0,Rural,N
LP106802,Male,No,2,Not Graduate,No,3109,0.0,213.0,60.0,1.0,Semiurban,N
LP106803,Male,Yes,1,Not Graduate,No,5233,971.0,81.0,180.0,1.0,Semiurban,Y
LP106804,Female,Yes,2,Graduate,No,1717,2203.0,149.0,300.0,0.0,Rural,N
LP106805,Male,Yes,2,Graduate,No,2754,4940.0,152.0,360.0,,Semiurban,N
LP106806,Female,No,3+,Graduate,No,4869,0.0,71.0,240.0,1.0,Urban,N
LP106807,Female,Yes,2,Graduate,Yes,5607,2249.0,94.0,300.0,1.0,Urban,Y
LP106808,Female,No,0,Not Graduate,Yes,3242,0.0,36.0,300.0,1.0,Urban,Y
LP106809,Male,Yes,3+,Graduate,No,1500,3778.0,106.0,360.0,1.0,Semiurban,Y
LP106810,Male,No,2,Graduate,No,5520,0.0,262.0,360.0,0.0,Urban,N
LP106811,Female,Yes,2,Not Graduate,No,7607,2772.0,445.0,360.0,1.0,Semiurban,Y
LP106812,Male,Yes,3+,Graduate,No,7782,3774.0,328.0,120.0,1.0,Urban,Y
LP106813,Male,No,0,Graduate,No,4343,0.0,106.0,360.0,1.0,Rural,Y
LP106814,,No,0,Graduate,No,4531,0.0,133.0,240.0,1.0,Semiurban,Y
LP106815,Male,No,1,Not Graduate,Yes,5698,0.0,128.0,300.0,1.0,Rural,Y
LP106816,Female,Yes,2,Graduate,No,6281,7663.0,118.0,360.0,,Urban,Y
LP106817,Female,No,1,Not Graduate,No,4646,0.0,240.0,240.0,1.0,Rural,N
LP106818,Male,No,2,Graduate,No,1500,0.0,96.0,240.0,1.0,Rural,Y
LP106819,Female,Yes,1,Not Graduate,No,11364,4836.0,320.0,180.0,1.0,Urban,Y
LP106820,Male,No,2,Graduate,No,3719,0.0,145.0,300.0,1.0,Rural,Y
LP106821,Male,Yes,2,Graduate,No,2358,1713.0,66.0,360.0,1.0,Urban,Y
LP106822,Male,No,0,Graduate,Yes,3883,0.0,126.0,360.0,1.0,Urban,Y
LP106823,Male,Yes,2,Graduate,Yes,5255,3035.0,,300.0,1.0,Semiurban,Y
LP106824,Male,No,2,Graduate,No,3410,0.0,241.0,240.0,1.0,Urban,Y
LP106825,Male,Yes,1,Graduate,Yes,3554,2135.0,211.0,12.0,1.0,Rural,Y
LP106826,Male,Yes,0,Graduate,No,4044,4667.0,111.0,120.0,,Urban,N
LP106827,Male,Yes,0,Not Graduate,No,6106,607.0,98.0,120.0,1.0,Semiurban,Y
LP106828,Female,Yes,2,Graduate,No,3043,3952.0,379.0,300.0,1.0,Semiurban,Y
LP106829,Female,Yes,0,Not Graduate,No,6017,475.0,,360.0,,Rural,Y
LP106830,Male,Yes,1,Not Graduate,No,2147,1522.0,68.0,180.0,0.0,Urban,N
LP106831,Male,No,0,Graduate,No,16375,0.0,94.0,360.0,,Semiurban,N
LP106832,Male,No,1,Graduate,No,9352,0.0,41.0,240.0,1.0,Urban,Y
LP106833,Male,No,2,Graduate,No,4168,0.0,50.0,360.0,0.0,Semiurban,N
LP106834,Female,No,2,Not Graduate,No,6008,0.0,97.0,120.0,1.0,Rural,Y
LP106835,Female,Yes,1,Not Graduate,No,2438,3470.0,83.0,240.0,1.0,Urban,Y
LP106836,Male,Yes,2,Graduate,Yes,6884,1886.0,88.0,120.0,1.0,Urban,Y
LP106837,Male,Yes,2,Graduate,Yes,8162,914.0,213.0,180.0,1.0,Semiurban,Y
LP106838,Male,Yes,0,Graduate,No,5766,2568.0,226.0,84.0,0.0,Urban,Y
LP106839,Male,No,0,Not Graduate,Yes,8445,0.0,66.0,84.0,1.0,Urban,Y
LP106840,Male,Yes,3+,Not Graduate,No,4894,5905.0,417.0,360.0,0.0,Urban,N
LP106841,Female,No,2,Not Graduate,,4624,0.0,142.0,360.0,0.0,Semiurban,N
LP106842,Female,Yes,2,Not Graduate,No,3307,2515.0,134.0,60.0,1.0,Urban,Y
LP106843,Male,No,0,Graduate,No,6860,0.0,83.0,180.0,1.0,Semiurban,Y
LP106844,Male,Yes,2,Not Graduate,No,2975,2032.0,112.0,240.0,1.0,Semiurban,Y
LP106845,Female,Yes,1,Not Graduate,No,6301,1141.0,453.0,360.0,1.0,Semiurban,Y
LP106846,Male,No,2,Graduate,No,5895,0.0,70.0,360.0,1.0,Rural,Y
LP106847,Male,Yes,3+,Graduate,No,11008,4896.0,157.0,84.0,1.0,Semiurban,Y
LP106848,Male,No,3+,Graduate,No,6975,0.0,96.0,240.0,1.0,Urban,Y
LP106849,Female,Yes,3+,Not Graduate,No,1712,568.0,45.0,360.0,1.0,Urban,N
LP106850,Male,Yes,0,Graduate,No,3300,2685.0,53.0,480.0,1.0,Semiurban,Y
LP106851,Female,No,3+,Graduate,No,3249,0.0,193.0,360.0,,Rural,N
LP106852,Female,Yes,,Graduate,Yes,3168,6445.0,47.0,120.0,1.0,Semiurban,Y
LP106853,Female,No,3+,Graduate,No,8777,0.0,64.0,360.0,1.0,Urban,Y
LP106854,Female,Yes,0,Graduate,No,1500,1454.0,219.0,,1.0,Rural,Y
LP106855,Male,Yes,2,Graduate,No,11552,2227.0,204.0,300.0,1.0,Semiurban,Y
LP106856,Male,Yes,0,Not Graduate,Yes,8947,2468.0,139.0,240.0,1.0,Urban,Y
LP106857,Female,Yes,2,Graduate,No,5494,2558.0,66.0,360.0,1.0,Semiurban,Y
LP106858,Female,Yes,0,Not Graduate,No,6060,249.0,66.0,36.0,1.0,Urban,Y
LP106859,Male,Yes,1,Not Graduate,No,5141,1142.0,60.0,180.0,1.0,Semiurban,Y
LP106860,Male,Yes,,Graduate,No,5405,2648.0,123.0,180.0,1.0,Urban,Y
LP106861,Female,No,2,Graduate,No,9660,0.0,197.0,240.0,1.0,Urban,Y
LP106862,Female,No,0,Graduate,No,4297,0.0,104.0,360.0,1.0,Semiurban,Y
LP106863,Male,Yes,1,Graduate,No,7045,1297.0,228.0,360.0,1.0,Rural,Y
LP106864,Male,Yes,0,Not Graduate,No,2913,1493.0,352.0,84.0,1.0,Urban,Y
LP106865,Male,Yes,,Not Graduate,No,6765,1623.0,169.0,360.0,1.0,Urban,Y
LP106866,Male,Yes,3+,Graduate,No,4172,3581.0,63.0,360.0,1.0,Semiurban,Y
LP106867,Male,Yes,2,Not Graduate,No,6353,1001.0,141.0,12.0,1.0,Rural,Y
LP106868,Male,Yes,0,Not Graduate,Yes,2925,3611.0,302.0,360.0,0.0,Urban,N
LP106869,Male,No,1,Not Graduate,No,6435,0.0,91.0,36.0,1.0,Rural,Y
LP106870,Male,No,3+,Graduate,Yes,4778,0.0,90.0,360.0,0.0,Rural,N
LP106871,Female,Yes,0,Not Graduate,No,12568,1281.0,266.0,360.0,1.0,Semiurban,Y
LP106872,Female,Yes,1,Graduate,No,5740,2050.0,56.0,360.0,1.0,Urban,Y
LP106873,Male,No,1,Not Graduate,,6607,0.0,151.0,360.0,1.0,Urban,Y
LP106874,Male,Yes,2,Graduate,No,3770,1685.0,92.0,84.0,1.0,Urban,Y
LP106875,Female,No,3+,Not Graduate,No,5926,0.0,103.0,300.0,1.0,Urban,Y
LP106876,Male,No,0,Graduate,No,6531,0.0,373.0,300.0,0.0,Rural,N
LP106877,Female,Yes,2,Not Graduate,Yes,3973,6839.0,100.0,240.0,1.0,Urban,Y
LP106878,Female,Yes,1,Not Graduate,No,3792,1055.0,144.0,300.0,1.0,Urban,Y
LP106879,Male,No,0,Graduate,No,3029,0.0,249.0,300.0,1.0,Semiurban,Y
LP106880,Female,No,0,Graduate,No,4695,0.0,62.0,360.0,1.0,Rural,Y
LP106881,Male,Yes,1,Not Graduate,No,3321,1293.0,221.0,120.0,1.0,Urban,Y
LP106882,Male,No,0,Graduate,No,5856,0.0,102.0,36.0,0.0,Semiurban,N
LP106883,Male,Yes,2,Graduate,No,3058,1639.0,62.0,360.0,0.0,Semiurban,N
LP106884,Male,Yes,0,Not Graduate,No,4566,680.0,99.0,180.0,0.0,Semiurban,N
LP106885,Female,No,0,Not Graduate,No,2786,0.0,139.0,360.0,1.0,Rural,Y
LP106886,Male,No,0,Graduate,No,9765,0.0,155.0,180.0,1.0,Urban,Y
LP106887,Male,Yes,0,Graduate,No,4988,700.0,85.0,12.0,1.0,Semiurban,Y
LP106888,Male,No,1,Not Graduate,No,4961,0.0,,,1.0,Semiurban,Y
LP106889,Female,Yes,1,Not Graduate,No,7025,2061.0,58.0,84.0,1.0,Rural,Y
LP106890,Male,Yes,2,Graduate,No,14259,423.0,87.0,,1.0,Urban,Y
LP106891,Male,Yes,3+,Graduate,No,5159,9610.0,59.0,120.0,,Urban,Y
LP106892,Female,Yes,2,Graduate,No,2009,1338.0,128.0,480.0,1.0,Urban,Y
LP106893,Male,Yes,0,Not Graduate,No,9988,332.0,81.0,360.0,0.0,Rural,N
LP106894,Female,Yes,3+,Graduate,No,2176,773.0,466.0,240.0,1.0,Rural,N
LP106895,Male,No,1,Graduate,Yes,3648,0.0,168.0,300.0,0.0,Semiurban,N
LP106896,Female,No,1,Graduate,No,10051,0.0,,360.0,1.0,Urban,Y
LP106897,Female,Yes,1,Graduate,No,4019,2060.0,85.0,360.0,1.0,Urban,Y
LP106898,Male,Yes,0,Not Graduate,No,3486,1936.0,204.0,360.0,1.0,Semiurban,Y
LP106899,Male,Yes,3+,Graduate,Yes,5818,531.0,155.0,300.0,1.0,Rural,Y
LP106900,Female,No,0,Graduate,No,4943,0.0,52.0,300.0,1.0,Rural,Y
LP106901,Male,Yes,1,Graduate,No,3242,2820.0,83.0,480.0,0.0,Rural,N
LP106902,Female,Yes,0,Graduate,No,8321,2337.0,197.0,,,Semiurban,Y
LP106903,Male,Yes,2,Not Graduate,Yes,10267,1832.0,167.0,300.0,1.0,Rural,Y
LP106904,Male,Yes,2,Graduate,Yes,11302,2765.0,189.0,360.0,1.0,Rural,Y
LP106905,Male,Yes,0,Not Graduate,No,6843,953.0,113.0,300.0,1.0,Urban,Y
LP106906,Female,No,2,Graduate,No,3227,0.0,80.0,300.0,1.0,Semiurban,Y
LP106907,Male,No,2,Graduate,No,2314,0.0,62.0,360.0,0.0,Semiurban,N
LP106908,Female,Yes,1,Graduate,No,1500,1671.0,237.0,120.0,,Semiurban,Y
LP106909,Female,Yes,2,Not Graduate,No,9135,1454.0,431.0,84.0,0.0,Rural,N
LP106910,Male,Yes,1,Graduate,No,5523,321.0,158.0,360.0,1.0,Urban,Y
LP106911,Male,No,0,Not Graduate,No,3822,0.0,235.0,120.0,1.0,Rural,Y
LP106912,Female,Yes,2,Graduate,No,1540,2797.0,83.0,240.0,1.0,Semiurban,Y
LP106913,Male,No,1,Graduate,No,2416,0.0,132.0,360.0,0.0,Rural,N
LP106914,Female,Yes,1,Graduate,Yes,1703,4255.0,129.0,180.0,1.0,Urban,Y
LP106915,Male,Yes,3+,Not Graduate,No,11674,615.0,169.0,360.0,1.0,Semiurban,Y
LP106916,Male,Yes,0,Graduate,Yes,7196,11324.0,140.0,240.0,1.0,Urban,Y
LP106917,Female,Yes,0,Not Graduate,No,2244,4024.0,700.0,36.0,1.0,Urban,Y
LP106918,Male,Yes,0,Not Graduate,No,13108,1142.0,216.0,84.0,1.0,Urban,Y
LP106919,Male,Yes,0,Graduate,No,3186,2060.0,292.0,240.0,1.0,Semiurban,Y
LP106920,Male,Yes,0,Graduate,Yes,6060,465.0,157.0,180.0,1.0,Rural,Y
LP106921,Male,Yes,3+,Graduate,No,6069,1103.0,37.0,300.0,1.0,Urban,Y
LP106922,Male,Yes,0,Graduate,Yes,4645,2781.0,175.0,300.0,1.0,Urban,Y
LP106923,Female,Yes,2,Graduate,No,4097,1901.0,259.0,360.0,0.0,Urban,N
LP106924,Male,Yes,0,Graduate,No,5016,7291.0,309.0,300.0,0.0,Semiurban,N
LP106925,Male,No,2,Not Graduate,No,4154,0.0,128.0,360.0,0.0,Urban,N
LP106926,Female,Yes,3+,Not Graduate,No,5707,1646.0,56.0,360.0,1.0,Rural,Y
LP106927,Male,Yes,0,Not Graduate,No,5844,728.0,112.0,360.0,1.0,Semiurban,Y
LP106928,Male,Yes,2,Graduate,No,3588,6173.0,56.0,300.0,0.0,Rural,N
LP106929,Female,Yes,3+,Graduate,No,9516,2235.0,290.0,180.0,1.0,Semiurban,Y
LP106930,Female,Yes,1,Graduate,No,2974,1820.0,176.0,360.0,1.0,Semiurban,Y
LP106931,Male,No,0,Graduate,No,6211,0.0,98.0,240.0,1.0,Rural,Y
LP106932,Male,Yes,2,Graduate,Yes,4009,896.0,209.0,360.0,1.0,Rural,Y
LP106933,Male,Yes,2,Graduate,No,2917,4716.0,324.0,84.0,1.0,Urban,Y
LP106934,Male,No,0,Not Graduate,Yes,4161,0.0,214.0,360.0,1.0,Rural,Y
LP106935,Male,No,1,Not Graduate,No,3306,0.0,445.0,300.0,1.0,Semiurban,N
LP106936,Male,No,0,Graduate,Yes,7297,0.0,78.0,360.0,0.0,Urban,N
LP106937,Male,No,0,Not Graduate,,4643,0.0,240.0,84.0,1.0,Semiurban,N
LP106938,Male,No,3+,Not Graduate,No,11176,0.0,55.0,480.0,1.0,Urban,Y
LP106939,Male,Yes,1,Graduate,No,2777,6346.0,418.0,360.0,0.0,Semiurban,N
LP106940,Female,Yes,0,Graduate,No,1500,1756.0,207.0,180.0,1.0,Rural,Y
LP106941,Male,Yes,2,Not Graduate,,6228,1421.0,107.0,360.0,1.0,Urban,Y
LP106942,Male,No,0,Not Graduate,No,13816,0.0,67.0,300.0,0.0,Urban,N
LP106943,Male,No,0,Not Graduate,No,6589,0.0,97.0,120.0,1.0,Rural,Y
LP106944,Male,Yes,1,Graduate,No,2792,7333.0,114.0,240.0,1.0,Semiurban,Y
LP106945,Female,Yes,1,Graduate,No,2660,3028.0,152.0,180.0,1.0,Urban,Y
LP106946,Male,No,0,Graduate,No,16572,0.0,132.0,360.0,1.0,Rural,Y
LP106947,Male,No,0,Not Graduate,No,3914,0.0,91.0,36.0,1.0,Rural,Y
LP106948,Male,Yes,1,Graduate,No,2673,401.0,268.0,360.0,1.0,Urban,Y
LP106949,Female,No,2,Graduate,No,10039,0.0,,240.0,0.0,Urban,Y
LP106950,,Yes,3+,Graduate,No,4499,2413.0,189.0,84.0,1.0,Rural,Y
LP106951,Male,Yes,0,Graduate,No,1500,297.0,150.0,360.0,1.0,Urban,Y
LP106952,Male,Yes,1,Graduate,Yes,17149,2087.0,133.0,480.0,1.0,Semiurban,Y
LP106953,Male,Yes,3+,Graduate,Yes,6978,944.0,195.0,360.0,0.0,Urban,N
LP106954,Male,Yes,1,Graduate,No,1984,6384.0,89.0,120.0,0.0,Semiurban,N
LP106955,Male,No,3+,Graduate,No,11355,0.0,84.0,120.0,0.0,Urban,N
LP106956,Female,No,3+,Graduate,No,2620,0.0,112.0,480.0,1.0,Semiurban,Y
LP106957,Female,No,0,Graduate,No,2527,0.0,97.0,120.0,1.0,Urban,Y
LP106958,Male,Yes,0,Graduate,No,2878,1801.0,116.0,180.0,1.0,Urban,Y
LP106959,Male,Yes,0,Graduate,No,15735,3409.0,206.0,360.0,0.0,Urban,Y
LP106960,Male,Yes,0,Not Graduate,Yes,16768,1372.0,143.0,180.0,1.0,Urban,Y
LP106961,Female,Yes,3+,Graduate,No,3537,1842.0,136.0,240.0,1.0,Rural,N
LP106962,Male,Yes,3+,Graduate,No,13675,3425.0,154.0,360.0,1.0,Rural,Y
LP106963,Female,Yes,0,Graduate,No,1500,1820.0,110.0,360.0,1.0,Semiurban,Y
LP106964,Male,Yes,1,Graduate,No,8505,3054.0,230.0,360.0,1.0,Semiurban,Y
LP106965,Male,No,,Graduate,Yes,11142,0.0,188.0,360.0,1.0,Urban,Y
LP106966,Male,Yes,1,Graduate,No,12135,2394.0,134.0,360.0,1.0,Urban,Y
LP106967,Male,No,2,Not Graduate,No,5146,0.0,68.0,120.0,1.0,Urban,Y
LP106968,Female,Yes,3+,Not Graduate,No,6902,2927.0,294.0,180.0,0.0,Semiurban,N
LP106969,Female,No,0,Graduate,No,3196,0.0,200.0,120.0,1.0,Urban,Y
LP106970,Male,Yes,0,Graduate,Yes,4989,2819.0,188.0,84.0,0.0,Rural,N
LP106971,Male,Yes,0,Not Graduate,No,4453,718.0,372.0,360.0,1.0,Rural,Y
LP106972,Female,Yes,1,Graduate,No,4302,862.0,203.0,12.0,1.0,Rural,Y
LP106973,Female,No,0,Graduate,No,9708,0.0,130.0,360.0,1.0,Semiurban,Y
LP106974,Male,Yes,1,Not Graduate,No,5591,832.0,98.0,360.0,1.0,Semiurban,Y
LP106975,Male,Yes,1,Graduate,No,13573,744.0,96.0,120.0,1.0,Urban,Y
LP106976,Male,No,2,Not Graduate,No,5703,0.0,158.0,360.0,1.0,Semiurban,Y
LP106977,Male,Yes,1,Graduate,No,18302,1106.0,239.0,360.0,0.0,Rural,Y
LP106978,Male,Yes,0,Graduate,No,10263,490.0,241.0,300.0,1.0,Urban,Y
LP106979,Male,Yes,2,Not Graduate,No,4665,2819.0,58.0,360.0,0.0,Urban,N
LP106980,Male,No,2,Graduate,No,5457,0.0,233.0,120.0,1.0,Urban,Y
LP106981,Male,Yes,0,Graduate,,2969,3728.0,112.0,480.0,1.0,Rural,Y
LP106982,Male,Yes,0,Graduate,No,5410,881.0,94.0,360.0,1.0,Urban,Y
LP106983,Female,Yes,2,Graduate,No,2725,2511.0,167.0,300.0,1.0,Rural,Y
LP106984,Female,Yes,0,Graduate,No,10918,1217.0,215.0,300.0,0.0,Urban,Y
LP106985,Male,No,0,Graduate,No,3999,0.0,64.0,360.0,1.0,Rural,Y
LP106986,Female,Yes,1,Not Graduate,Yes,6083,994.0,152.0,120.0,1.0,Semiurban,Y
LP106987,Female,Yes,0,Not Graduate,No,1500,189.0,50.0,360.0,1.0,Urban,Y
LP106988,Male,Yes,0,Graduate,,4186,776.0,215.0,60.0,0.0,Semiurban,N
LP106989,Male,Yes,1,Not Graduate,No,3932,559.0,69.0,360.0,1.0,Rural,Y
LP106990,Female,Yes,2,Graduate,No,8540,2126.0,150.0,300.0,,Semiurban,Y
LP106991,Female,Yes,2,Graduate,No,6724,2282.0,107.0,,1.0,Semiurban,Y
LP106992,Female,Yes,3+,Graduate,No,9054,467.0,95.0,84.0,1.0,Urban,Y
LP106993,Female,No,0,Not Graduate,No,6409,0.0,40.0,300.0,0.0,Rural,N
LP106994,Male,Yes,0,Graduate,No,10283,1111.0,58.0,240.0,1.0,Urban,Y
LP106995,Male,Yes,2,Graduate,Yes,6320,768.0,128.0,180.0,0.0,Urban,N
LP106996,Male,Yes,1,Not Graduate,Yes,2152,431.0,76.0,240.0,1.0,Urban,Y
LP106997,Male,Yes,0,Graduate,No,4655,952.0,110.0,60.0,1.0,Urban,Y
LP106998,Male,No,0,Graduate,No,4801,0.0,83.0,60.0,1.0,Semiurban,Y
LP106999,Male,Yes,0,Graduate,No,1500,4010.0,113.0,120.0,1.0,Semiurban,Y
LP107000,Male,Yes,1,Graduate,No,2670,1661.0,65.0,300.0,1.0,Semiurban,Y
LP107001,Female,No,0,Graduate,No,16731,0.0,100.0,180.0,1.0,Urban,Y
LP107002,Male,Yes,3+,Graduate,No,4168,2876.0,114.0,180.0,0.0,Urban,N
LP107003,Male,Yes,0,Graduate,No,4613,2022.0,136.0,360.0,1.0,Rural,Y
LP107004,Male,Yes,3+,Graduate,No,1500,542.0,44.0,360.0,1.0,Rural,Y
LP107005,Male,Yes,2,Graduate,No,2190,1274.0,138.0,240.0,,Urban,Y
LP107006,Female,Yes,1,Not Graduate,No,6572,1141.0,68.0,360.0,1.0,Semiurban,Y
LP107007,Female,Yes,2,Graduate,Yes,3718,1603.0,59.0,240.0,1.0,Urban,Y
LP107008,Female,Yes,2,Not Graduate,No,2526,1236.0,281.0,120.0,1.0,Rural,N
LP107009,Male,Yes,0,Not Graduate,No,10704,948.0,208.0,360.0,1.0,Rural,Y
LP107010,Male,Yes,0,Graduate,No,3227,5836.0,186.0,360.0,1.0,Urban,Y
LP107011,Male,No,1,Graduate,No,2251,0.0,117.0,360.0,1.0,Rural,Y
LP107012,Male,Yes,2,Graduate,No,5035,2647.0,94.0,360.0,0.0,Urban,N
LP107013,Female,No,1,Not Graduate,Yes,3014,0.0,327.0,360.0,1.0,Urban,N
LP107014,Female,Yes,1,Graduate,No,3011,3470.0,145.0,360.0,1.0,Semiurban,Y
LP107015,Female,No,1,Graduate,No,4737,0.0,78.0,180.0,1.0,Semiurban,Y
LP107016,Male,Yes,1,Graduate,No,3340,3935.0,73.0,360.0,1.0,Semiurban,Y
LP107017,Female,Yes,1,Graduate,No,1807,181.0,161.0,360.0,1.0,Semiurban,Y
LP107018,Male,No,1,Graduate,Yes,6871,0.0,108.0,180.0,1.0,Rural,Y
LP107019,Female,No,3+,Not Graduate,No,8263,0.0,249.0,480.0,1.0,Semiurban,Y
LP107020,Male,Yes,2,Graduate,No,4228,2307.0,140.0,360.0,1.0,Semiurban,Y
LP107021,Male,Yes,2,Graduate,No,7130,759.0,65.0,360.0,,Semiurban,N
LP107022,Male,Yes,1,Not Graduate,Yes,3938,1014.0,410.0,120.0,1.0,Urban,N
LP107023,Female,No,2,Not Graduate,No,1562,0.0,72.0,36.0,1.0,Semiurban,N
LP107024,Male,Yes,1,Graduate,No,8415,2669.0,64.0,36.0,0.0,Rural,N
LP107025,,No,0,Graduate,No,4630,0.0,127.0,360.0,1.0,Urban,Y
LP107026,Female,No,3+,Graduate,No,5380,0.0,177.0,300.0,1.0,Rural,Y
LP107027,Male,No,0,Graduate,Yes,4611,0.0,78.0,180.0,1.0,Semiurban,Y
LP107028,Male,Yes,1,Graduate,No,4407,905.0,203.0,360.0,1.0,Rural,Y
LP107029,Male,Yes,0,Graduate,No,5352,7317.0,99.0,360.0,1.0,Rural,Y
LP107030,Male,No,0,Graduate,No,5413,0.0,582.0,360.0,0.0,Semiurban,N
LP107031,Female,Yes,2,Not Graduate,No,10489,1364.0,164.0,360.0,1.0,Urban,Y
LP107032,Female,No,1,Graduate,Yes,6392,0.0,70.0,300.0,1.0,Rural,Y
LP107033,Male,Yes,2,Graduate,No,9955,5103.0,88.0,120.0,1.0,Rural,Y
LP107034,Female,No,0,Not Graduate,Yes,12139,0.0,180.0,360.0,1.0,Urban,Y
LP107035,Male,Yes,0,Not Graduate,No,1869,432.0,82.0,360.0,0.0,Urban,N
LP107036,Male,Yes,0,Graduate,No,10572,6086.0,128.0,180.0,0.0,Urban,Y
LP107037,Male,No,2,Graduate,No,7272,0.0,437.0,240.0,1.0,Urban,Y
LP107038,Male,Yes,2,Not Graduate,No,6588,1176.0,197.0,360.0,,Rural,Y
LP107039,Male,No,1,Graduate,No,8899,0.0,191.0,480.0,1.0,Urban,Y
LP107040,Female,Yes,1,Not Graduate,No,4192,1106.0,441.0,360.0,1.0,Rural,N
LP107041,Female,Yes,3+,Not Graduate,Yes,7055,1083.0,85.0,60.0,1.0,Rural,Y
LP107042,Male,Yes,0,Graduate,Yes,2605,1641.0,132.0,240.0,0.0,Rural,N
LP107043,Male,Yes,1,Not Graduate,No,2106,2921.0,111.0,360.0,,Urban,Y
LP107044,Female,Yes,1,Not Graduate,Yes,6761,2634.0,92.0,300.0,1.0,Semiurban,Y
LP107045,Female,No,0,Graduate,Yes,4714,0.0,115.0,360.0,1.0,Rural,Y
LP107046,Female,No,0,Graduate,No,4906,0.0,102.0,36.0,1.0,Urban,Y
LP107047,Male,Yes,0,Not Graduate,No,3045,5782.0,90.0,120.0,,Urban,Y
LP107048,Female,Yes,3+,Graduate,No,6214,7183.0,112.0,360.0,1.0,Rural,Y
LP107049,Male,No,2,Not Graduate,No,3805,0.0,90.0,120.0,1.0,Semiurban,Y
LP107050,Male,No,2,Graduate,No,4779,0.0,163.0,480.0,0.0,Semiurban,N
LP107051,Male,No,1,Graduate,No,3670,0.0,75.0,240.0,1.0,Rural,Y
LP107052,Male,No,1,Graduate,No,3037,0.0,247.0,120.0,,Semiurban,Y
LP107053,Male,Yes,2,Graduate,No,4340,1838.0,207.0,120.0,1.0,Semiurban,Y
LP107054,Male,Yes,3+,Graduate,No,10010,1103.0,175.0,120.0,1.0,Semiurban,Y
LP107055,Male,Yes,0,Graduate,No,3700,1028.0,101.0,240.0,1.0,Urban,Y
LP107056,Female,Yes,0,Graduate,Yes,4555,1754.0,137.0,300.0,1.0,Urban,Y
LP107057,Male,No,2,Graduate,Yes,4192,0.0,124.0,360.0,0.0,Semiurban,N
LP107058,Male,Yes,3+,Not Graduate,No,3353,1566.0,136.0,360.0,1.0,Urban,N
LP107059,,No,3+,Not Graduate,No,10275,0.0,60.0,360.0,1.0,Rural,Y
LP107060,Female,No,2,Graduate,No,2171,0.0,142.0,360.0,1.0,Urban,Y
LP107061,Male,No,0,Graduate,No,4669,0.0,163.0,300.0,1.0,Semiurban,Y
LP107062,Male,No,0,Graduate,No,2962,0.0,319.0,240.0,1.0,Semiurban,Y
LP107063,Male,Yes,3+,Graduate,No,6907,5077.0,73.0,300.0,1.0,Semiurban,Y
LP107064,Female,No,1,Graduate,No,5325,0.0,65.0,120.0,1.0,Semiurban,Y
LP107065,Female,Yes,0,Not Graduate,Yes,9990,2413.0,242.0,,1.0,Semiurban,Y
LP107066,Male,Yes,3+,Graduate,No,7636,6109.0,54.0,120.0,,Rural,Y
LP107067,Male,No,0,Not Graduate,No,5161,0.0,321.0,360.0,1.0,Urban,Y
LP107068,Female,Yes,2,Not Graduate,No,7681,8546.0,273.0,120.0,1.0,Semiurban,Y
LP107069,Male,No,2,Graduate,No,8114,0.0,190.0,360.0,1.0,Rural,Y
LP107070,Male,No,0,Graduate,No,2842,0.0,54.0,60.0,1.0,Urban,Y
LP107071,Male,No,0,Graduate,Yes,7815,0.0,122.0,360.0,0.0,Rural,N
LP107072,Male,Yes,0,Graduate,No,5874,827.0,130.0,360.0,1.0,Semiurban,Y
LP107073,Male,No,2,Graduate,Yes,6592,0.0,159.0,84.0,1.0,Semiurban,Y
LP107074,Male,Yes,1,Graduate,No,3848,16011.0,187.0,360.0,1.0,Urban,Y
LP107075,Female,No,0,Graduate,No,2943,0.0,85.0,300.0,1.0,Rural,Y
LP107076,Female,Yes,3+,Graduate,No,2642,1566.0,253.0,360.0,0.0,Urban,N
LP107077,Male,No,0,Graduate,No,1500,0.0,183.0,360.0,1.0,Semiurban,Y
LP107078,Female,Yes,0,Graduate,No,3211,1161.0,182.0,120.0,1.0,Semiurban,Y
LP107079,Male,Yes,0,Graduate,No,21238,1220.0,,360.0,1.0,Rural,Y
LP107080,Male,Yes,0,Graduate,No,8050,790.0,169.0,360.0,0.0,Urban,N
LP107081,Male,Yes,3+,Graduate,No,5949,833.0,37.0,360.0,1.0,Urban,Y
LP107082,Female,No,0,Not Graduate,No,8748,0.0,170.0,300.0,1.0,Rural,Y
LP107083,Female,Yes,1,Not Graduate,No,4204,5920.0,363.0,360.0,1.0,Semiurban,Y
LP107084,Female,Yes,3+,Graduate,No,3884,4158.0,214.0,360.0,1.0,Urban,Y
LP107085,Female,Yes,2,Graduate,No,4129,5802.0,200.0,240.0,0.0,Urban,N
LP107086,Male,Yes,1,Not Graduate,No,3160,3384.0,213.0,300.0,1.0,Semiurban,Y
LP107087,Female,Yes,3+,Graduate,No,3320,1759.0,277.0,300.0,0.0,Semiurban,N
LP107088,Female,No,2,Graduate,No,4868,0.0,119.0,240.0,0.0,Rural,N
LP107089,Female,Yes,0,Not Graduate,No,5108,2868.0,242.0,360.0,1.0,Urban,Y
LP107090,Male,Yes,2,Graduate,Yes,10891,471.0,176.0,360.0,0.0,Rural,N
LP107091,Male,Yes,3+,Graduate,No,9088,1114.0,139.0,300.0,1.0,Rural,Y
LP107092,Male,Yes,1,Not Graduate,,2015,962.0,301.0,,0.0,Semiurban,N
LP107093,Male,Yes,2,Graduate,No,4118,4891.0,88.0,360.0,1.0,Urban,Y
LP107094,Male,Yes,3+,Not Graduate,No,2531,600.0,90.0,240.0,0.0,Rural,N
LP107095,Male,No,2,Graduate,No,1500,0.0,32.0,84.0,1.0,Urban,Y
LP107096,Male,Yes,0,Graduate,No,5178,2464.0,76.0,360.0,1.0,Semiurban,Y
LP107097,Male,Yes,0,Graduate,No,6948,2489.0,,360.0,1.0,Semiurban,Y
LP107098,Male,Yes,1,Not Graduate,Yes,5129,1243.0,130.0,240.0,1.0,Rural,Y
LP107099,Male,Yes,0,Graduate,No,6387,560.0,175.0,360.0,1.0,Semiurban,Y
LP107100,Female,No,3+,Graduate,Yes,4020,0.0,227.0,84.0,1.0,Semiurban,N
LP107101,Male,Yes,1,Not Graduate,No,2652,3672.0,60.0,36.0,1.0,Rural,Y
LP107102,Male,No,1,Graduate,No,3943,0.0,143.0,84.0,1.0,Rural,Y
LP107103,Female,Yes,2,Graduate,No,11173,1611.0,74.0,360.0,0.0,Semiurban,Y
LP107104,Male,Yes,1,Graduate,No,6153,727.0,60.0,300.0,1.0,Semiurban,Y
LP107105,Male,Yes,1,Not Graduate,No,1973,1098.0,163.0,360.0,1.0,Rural,Y
LP107106,Male,Yes,0,Not Graduate,No,5313,2592.0,142.0,300.0,1.0,Rural,Y
LP107107,Male,Yes,1,Graduate,No,10554,960.0,180.0,120.0,1.0,Urban,Y
LP107108,Female,Yes,3+,Graduate,No,7760,837.0,190.0,360.0,1.0,Semiurban,Y
LP107109,Male,Yes,2,Graduate,No,10636,568.0,100.0,120.0,1.0,Urban,Y
LP107110,Male,Yes,1,Graduate,No,2011,2774.0,258.0,120.0,0.0,Semiurban,N
LP107111,Male,Yes,0,Graduate,No,5300,2728.0,77.0,360.0,1.0,Rural,Y
LP107112,Male,Yes,2,Not Graduate,No,3987,4552.0,71.0,,1.0,Urban,Y
LP107113,Female,No,3+,Not Graduate,No,7023,0.0,170.0,360.0,0.0,Urban,N
LP107114,Male,Yes,1,Not Graduate,No,2952,4616.0,152.0,240.0,0.0,Semiurban,N
LP107115,Male,No,2,Graduate,No,2922,0.0,82.0,360.0,1.0,Rural,Y
LP107116,Male,Yes,1,Graduate,No,4905,4754.0,81.0,360.0,1.0,Semiurban,Y
LP107117,Male,Yes,1,Graduate,Yes,2826,1989.0,168.0,120.0,1.0,Urban,Y
LP107118,Male,Yes,2,Graduate,No,5742,2159.0,156.0,240.0,,Urban,Y
LP107119,Female,Yes,0,Graduate,Yes,1500,2150.0,72.0,360.0,1.0,Semiurban,Y
LP107120,Female,Yes,1,Graduate,No,9951,870.0,91.0,360.0,1.0,Semiurban,Y
LP107121,Female,Yes,0,Not Graduate,No,1500,901.0,77.0,240.0,1.0,Semiurban,Y
LP107122,Female,Yes,0,Graduate,No,8457,2165.0,37.0,360.0,0.0,Semiurban,Y
LP107123,Female,Yes,2,Not Graduate,Yes,3468,1481.0,304.0,60.0,1.0,Semiurban,N
LP107124,Male,No,0,Graduate,No,2059,0.0,154.0,360.0,1.0,Semiurban,Y
LP107125,Female,Yes,1,Graduate,No,5442,1359.0,269.0,360.0,1.0,Rural,Y
LP107126,Female,Yes,0,Graduate,Yes,8361,558.0,111.0,360.0,,Rural,Y
LP107127,Female,Yes,2,Graduate,Yes,9848,579.0,74.0,360.0,1.0,Urban,Y
LP107128,Male,No,0,Not Graduate,No,9657,0.0,79.0,360.0,1.0,Semiurban,Y
LP107129,Male,,2,Graduate,No,2936,3232.0,79.0,120.0,1.0,Semiurban,Y
LP107130,Female,Yes,2,Not Graduate,No,5557,1193.0,98.0,300.0,0.0,Urban,N
LP107131,Female,No,3+,Graduate,No,1691,0.0,53.0,120.0,0.0,Semiurban,N
LP107132,Female,No,3+,Graduate,No,5154,0.0,106.0,36.0,1.0,Semiurban,Y
LP107133,Male,Yes,0,Graduate,No,6020,2058.0,95.0,120.0,1.0,Semiurban,Y
LP107134,Male,Yes,0,Not Graduate,No,3924,1863.0,226.0,360.0,0.0,Urban,N
LP107135,Male,No,2,Graduate,No,1633,0.0,185.0,360.0,1.0,Urban,Y
LP107136,Female,No,,Not Graduate,No,3441,0.0,106.0,360.0,1.0,Urban,Y
LP107137,Male,Yes,,Graduate,No,15434,3328.0,178.0,240.0,1.0,Semiurban,Y
LP107138,Male,Yes,0,Graduate,No,6214,8574.0,69.0,36.0,1.0,Rural,Y
LP107139,Female,Yes,1,Graduate,No,3674,1866.0,62.0,180.0,1.0,Semiurban,Y
LP107140,Male,Yes,3+,Graduate,Yes,4467,6167.0,126.0,300.0,1.0,Semiurban,Y
LP107141,Female,No,3+,Graduate,No,6190,0.0,142.0,240.0,0.0,Urban,N
LP107142,Male,Yes,0,Not Graduate,No,1940,1179.0,123.0,300.0,1.0,Semiurban,Y
LP107143,Female,No,1,Graduate,No,2001,0.0,302.0,360.0,0.0,Semiurban,N
LP107144,Male,No,0,Graduate,No,3159,0.0,202.0,84.0,1.0,Urban,Y
LP107145,Female,Yes,1,Graduate,Yes,3616,1240.0,249.0,360.0,1.0,Rural,Y
LP107146,Female,Yes,2,Graduate,Yes,14420,1142.0,96.0,300.0,1.0,Urban,Y
LP107147,Male,Yes,2,Graduate,No,5127,1418.0,163.0,360.0,1.0,Semiurban,Y
LP107148,Male,Yes,1,Graduate,No,3604,3192.0,71.0,300.0,0.0,Semiurban,N
LP107149,Male,No,,Not Graduate,No,5084,0.0,86.0,360.0,0.0,Rural,N
LP107150,Female,Yes,1,Graduate,No,1500,2274.0,163.0,360.0,1.0,Urban,Y
LP107151,Female,Yes,3+,Not Graduate,No,2857,1990.0,78.0,360.0,1.0,Urban,N
LP107152,Male,Yes,0,Graduate,No,3136,5472.0,83.0,240.0,1.0,Rural,Y
LP107153,Male,No,0,Graduate,No,2664,0.0,173.0,300.0,1.0,Urban,Y
LP107154,Male,Yes,2,Graduate,Yes,10308,4470.0,84.0,120.0,1.0,Semiurban,Y
LP107155,Female,Yes,2,Not Graduate,Yes,7303,908.0,239.0,360.0,1.0,Urban,Y
LP107156,Female,No,3+,Not Graduate,No,2377,0.0,118.0,36.0,1.0,Semiurban,N
LP107157,Male,Yes,1,Graduate,No,2298,2523.0,121.0,300.0,1.0,Semiurban,Y
LP107158,Male,No,1,Graduate,No,2308,0.0,156.0,300.0,1.0,Semiurban,Y
LP107159,Male,Yes,1,Not Graduate,No,4393,1462.0,123.0,240.0,1.0,Urban,Y
LP107160,Male,No,3+,Not Graduate,No,5541,0.0,158.0,300.0,0.0,Rural,N
LP107161,Male,Yes,2,Not Graduate,No,6308,1585.0,77.0,120.0,0.0,Semiurban,N
LP107162,Male,Yes,2,Graduate,,2674,3405.0,26.0,60.0,1.0,Semiurban,Y
LP107163,Male,Yes,0,Graduate,No,4415,1607.0,57.0,300.0,1.0,Semiurban,Y
LP107164,Male,Yes,2,Not Graduate,,4752,1512.0,102.0,360.0,1.0,Rural,Y
LP107165,Male,Yes,1,Graduate,No,10078,3995.0,180.0,120.0,0.0,Rural,Y
LP107166,Male,Yes,0,Graduate,Yes,7820,2139.0,490.0,180.0,1.0,Urban,Y
LP107167,Male,No,0,Graduate,No,2077,0.0,94.0,360.0,0.0,Rural,N
LP107168,Female,No,2,Graduate,No,1587,0.0,90.0,180.0,1.0,Semiurban,Y
LP107169,Female,Yes,1,Not Graduate,Yes,4598,369.0,164.0,240.0,1.0,Rural,Y
LP107170,Male,Yes,3+,Not Graduate,No,3353,794.0,153.0,84.0,0.0,Urban,N
LP107171,Male,Yes,2,Graduate,No,2761,860.0,156.0,36.0,1.0,Urban,Y
LP107172,Female,No,0,Graduate,No,3121,0.0,115.0,360.0,,Semiurban,Y
LP107173,Female,Yes,2,Not Graduate,No,6958,5644.0,40.0,120.0,1.0,Semiurban,Y
LP107174,Male,Yes,0,Graduate,,1993,214.0,151.0,,1.0,Urban,Y
LP107175,Male,No,1,Graduate,Yes,14898,0.0,130.0,240.0,1.0,Urban,Y
LP107176,Male,No,2,Graduate,Yes,3195,0.0,51.0,84.0,1.0,Semiurban,Y
LP107177,Male,Yes,3+,Graduate,Yes,7183,1845.0,190.0,240.0,1.0,Urban,Y
LP107178,Male,No,1,Graduate,No,3289,0.0,208.0,180.0,1.0,Urban,Y
LP107179,Male,No,2,Graduate,Yes,1976,0.0,187.0,360.0,1.0,Semiurban,Y
LP107180,Female,Yes,2,Graduate,No,4502,1462.0,105.0,180.0,1.0,Rural,Y
LP107181,Male,Yes,1,Not Graduate,No,2315,1574.0,153.0,360.0,1.0,Semiurban,Y
LP107182,Male,No,1,Not Graduate,Yes,5368,0.0,78.0,360.0,1.0,Semiurban,Y
LP107183,Male,Yes,,Not Graduate,Yes,4841,11204.0,58.0,120.0,1.0,Urban,Y
LP107184,Male,Yes,0,Graduate,No,3239,2310.0,126.0,300.0,0.0,Rural,N
LP107185,Male,Yes,3+,Graduate,No,5382,2568.0,54.0,360.0,1.0,Urban,Y
LP107186,Male,No,2,Not Graduate,No,9166,0.0,123.0,84.0,1.0,Semiurban,Y
LP107187,Female,No,0,Not Graduate,No,4601,0.0,130.0,360.0,1.0,Urban,Y
LP107188,Male,Yes,3+,Graduate,No,3174,2537.0,82.0,120.0,1.0,Semiurban,Y
LP107189,Female,No,0,Graduate,No,6247,0.0,430.0,180.0,1.0,Semiurban,Y
LP107190,Female,No,3+,Graduate,No,6405,0.0,93.0,360.0,1.0,Rural,Y
LP107191,Male,No,0,Graduate,No,4142,0.0,152.0,360.0,0.0,Urban,N
LP107192,Male,Yes,2,Graduate,No,11204,9510.0,119.0,360.0,1.0,Rural,Y
LP107193,Male,Yes,1,Not Graduate,No,4106,7313.0,235.0,300.0,1.0,Semiurban,Y
LP107194,Female,No,2,Graduate,No,12001,0.0,109.0,360.0,1.0,Urban,Y
LP107195,,Yes,0,Graduate,No,3318,8336.0,62.0,360.0,1.0,Semiurban,Y
LP107196,Female,No,0,Not Graduate,No,8186,0.0,172.0,120.0,1.0,Rural,Y
LP107197,Male,No,0,Graduate,No,4307,0.0,54.0,84.0,1.0,Semiurban,Y
LP107198,Female,Yes,3+,Not Graduate,No,5774,872.0,80.0,12.0,0.0,Urban,N
LP107199,Male,No,0,Graduate,No,1500,0.0,98.0,12.0,0.0,Rural,N
LP107200,Male,Yes,2,Not Graduate,No,18056,2197.0,101.0,84.0,1.0,Urban,Y
LP107201,Male,Yes,2,Graduate,No,5944,583.0,109.0,240.0,1.0,Rural,Y
LP107202,Male,Yes,3+,Not Graduate,No,9045,748.0,103.0,12.0,1.0,Semiurban,Y
LP107203,Female,Yes,0,Graduate,No,2150,1969.0,144.0,240.0,1.0,Semiurban,Y
LP107204,Male,Yes,3+,Graduate,No,5447,607.0,89.0,360.0,1.0,Urban,Y
LP107205,Male,No,0,Graduate,No,4413,0.0,174.0,84.0,1.0,Semiurban,Y
LP107206,Male,No,2,Graduate,No,2605,0.0,81.0,360.0,1.0,Semiurban,Y
LP107207,Female,Yes,2,Graduate,No,10627,2322.0,62.0,120.0,1.0,Urban,Y
LP107208,Female,No,0,Not Graduate,No,5365,0.0,68.0,180.0,0.0,Urban,N
LP107209,Male,Yes,0,Graduate,No,4757,628.0,104.0,180.0,1.0,Urban,Y
LP107210,Male,Yes,1,Not Graduate,Yes,7149,2390.0,240.0,240.0,1.0,Urban,Y
LP107211,Male,Yes,1,Graduate,No,2943,2018.0,132.0,300.0,1.0,Urban,Y
LP107212,Female,Yes,3+,Not Graduate,No,5414,647.0,101.0,360.0,1.0,Urban,Y
LP107213,Male,No,1,Graduate,No,5188,0.0,131.0,360.0,1.0,Semiurban,Y
LP107214,Male,Yes,3+,Not Graduate,No,5326,1735.0,64.0,36.0,1.0,Semiurban,Y
LP107215,Male,No,1,Graduate,No,9103,0.0,48.0,120.0,0.0,Rural,N
LP107216,Male,No,3+,Graduate,No,3809,0.0,74.0,360.0,1.0,Urban,N
LP107217,Female,No,2,Graduate,No,3576,0.0,71.0,360.0,1.0,Rural,Y
LP107218,Male,Yes,2,Not Graduate,No,3399,3432.0,566.0,360.0,1.0,Semiurban,N
LP107219,Male,Yes,0,Not Graduate,No,3316,1035.0,425.0,180.0,1.0,Semiurban,N
LP107220,Male,Yes,1,Not Graduate,No,9522,2533.0,422.0,180.0,1.0,Semiurban,Y
LP107221,Male,No,0,Graduate,No,4710,0.0,64.0,300.0,1.0,Semiurban,Y
LP107222,Female,Yes,0,Graduate,No,9078,2697.0,384.0,60.0,1.0,Urban,Y
LP107223,Male,Yes,2,Not Graduate,No,5782,668.0,87.0,360.0,1.0,Urban,Y
LP107224,Female,Yes,2,Graduate,No,2908,3927.0,360.0,300.0,1.0,Urban,Y
LP107225,Female,Yes,0,Graduate,No,1989,1868.0,174.0,360.0,1.0,Urban,Y
LP107226,Male,Yes,1,Not Graduate,No,2056,5504.0,74.0,120.0,1.0,Semiurban,Y
LP107227,Male,Yes,1,Graduate,No,2879,6463.0,362.0,300.0,1.0,Semiurban,Y
LP107228,Male,Yes,0,Not Graduate,No,9061,2185.0,353.0,240.0,1.0,Semiurban,Y
LP107229,Female,Yes,1,Graduate,No,10726,3991.0,71.0,300.0,1.0,Urban,Y
LP107230,Male,Yes,2,Not Graduate,No,5196,3724.0,163.0,300.0,1.0,Semiurban,Y
LP107231,Male,Yes,0,Not Graduate,No,8571,5276.0,42.0,360.0,0.0,Urban,N
LP107232,Male,Yes,2,Not Graduate,Yes,3522,4979.0,105.0,360.0,0.0,Urban,N
LP107233,Female,No,1,Graduate,Yes,3372,0.0,106.0,180.0,1.0,Semiurban,Y
LP107234,Male,Yes,2,Graduate,Yes,7804,2258.0,105.0,240.0,1.0,Semiurban,Y
LP107235,Male,,0,Not Graduate,No,5430,0.0,353.0,84.0,1.0,Semiurban,Y
LP107236,Male,Yes,2,Graduate,No,7631,1190.0,60.0,240.0,1.0,Urban,Y
LP107237,Male,No,0,Not Graduate,No,5068,0.0,117.0,240.0,1.0,Rural,Y
LP107238,Female,Yes,1,Graduate,No,3923,2887.0,211.0,300.0,1.0,Rural,Y
LP107239,Male,Yes,0,Graduate,No,4318,1503.0,60.0,360.0,1.0,Semiurban,Y
LP107240,Female,Yes,3+,Graduate,No,5909,1591.0,79.0,360.0,1.0,Rural,Y
LP107241,Female,No,2,Graduate,No,5675,0.0,262.0,60.0,1.0,Urban,Y
LP107242,Male,Yes,0,Not Graduate,No,2809,3653.0,300.0,,1.0,Semiurban,Y
LP107243,Female,Yes,0,Not Graduate,Yes,4568,2254.0,103.0,240.0,1.0,Rural,Y
LP107244,Male,Yes,0,Graduate,No,1973,3292.0,224.0,240.0,1.0,Semiurban,Y
LP107245,Male,Yes,0,Graduate,Yes,3985,3031.0,341.0,360.0,1.0,Semiurban,Y
LP107246,Female,Yes,2,Not Graduate,No,2828,8706.0,105.0,120.0,1.0,Urban,Y
LP107247,Male,Yes,2,Not Graduate,No,1500,1529.0,215.0,360.0,1.0,Urban,Y
LP107248,Male,Yes,3+,Graduate,No,18508,990.0,104.0,360.0,1.0,Urban,Y
LP107249,Male,Yes,3+,Graduate,No,3092,2128.0,59.0,360.0,1.0,Semiurban,Y
LP107250,,No,2,Not Graduate,No,2793,0.0,134.0,240.0,,Urban,Y
LP107251,Male,Yes,0,Graduate,No,13013,1347.0,115.0,60.0,0.0,Urban,Y
LP107252,,Yes,1,Not Graduate,No,2432,2591.0,77.0,84.0,1.0,Semiurban,Y
LP107253,Male,No,1,Not Graduate,No,2057,0.0,109.0,360.0,1.0,Semiurban,Y
LP107254,Female,Yes,1,Not Graduate,No,4344,1506.0,117.0,84.0,0.0,Semiurban,N
LP107255,Female,Yes,2,Not Graduate,No,3651,1453.0,158.0,240.0,,Rural,Y
LP107256,Male,No,3+,Not Graduate,No,3348,0.0,,360.0,0.0,Semiurban,N
LP107257,Female,Yes,3+,Graduate,Yes,2834,752.0,250.0,300.0,1.0,Semiurban,Y
LP107258,Male,Yes,0,Graduate,No,4388,4063.0,127.0,240.0,1.0,Semiurban,Y
LP107259,Male,No,0,Graduate,Yes,13120,0.0,96.0,180.0,1.0,Urban,Y
LP107260,Female,No,2,Graduate,No,1869,0.0,300.0,,0.0,Semiurban,N
LP107261,Female,Yes,2,Graduate,No,8138,3843.0,126.0,240.0,1.0,Semiurban,Y
LP107262,Female,Yes,0,Graduate,No,12335,1296.0,93.0,360.0,1.0,Semiurban,Y
LP107263,Female,Yes,2,Graduate,No,3375,2080.0,,12.0,1.0,Urban,Y
LP107264,Male,Yes,2,Graduate,Yes,6160,969.0,44.0,360.0,1.0,Urban,Y
LP107265,Female,Yes,1,Not Graduate,Yes,4567,1623.0,101.0,120.0,1.0,Semiurban,Y
LP107266,Male,Yes,0,Not Graduate,No,1751,1742.0,97.0,300.0,1.0,Urban,Y
LP107267,,No,3+,Not Graduate,No,10212,0.0,83.0,180.0,0.0,Rural,N
LP107268,Male,No,2,Graduate,,5019,0.0,168.0,360.0,0.0,Rural,N
LP107269,Male,Yes,0,Graduate,No,3595,1182.0,256.0,360.0,1.0,Semiurban,Y
LP107270,Male,Yes,2,Graduate,No,1972,2235.0,370.0,180.0,1.0,Rural,Y
LP107271,Male,Yes,2,Graduate,No,6717,1498.0,99.0,300.0,0.0,Semiurban,N
LP107272,Male,Yes,3+,Graduate,,5384,2385.0,113.0,360.0,1.0,Urban,Y
LP107273,Male,,0,Graduate,No,7069,3159.0,89.0,180.0,1.0,Semiurban,Y
LP107274,Male,No,3+,Graduate,Yes,6857,0.0,185.0,360.0,1.0,Urban,Y
LP107275,Male,Yes,0,Not Graduate,No,3017,1400.0,43.0,360.0,1.0,Semiurban,N
LP107276,Male,No,2,Not Graduate,No,1500,0.0,106.0,240.0,1.0,Urban,Y
LP107277,Female,Yes,2,Graduate,No,4601,4640.0,159.0,36.0,1.0,Rural,Y
LP107278,Female,Yes,1,Graduate,No,4419,7032.0,92.0,120.0,1.0,Semiurban,Y
LP107279,Female,Yes,1,Graduate,No,5422,1870.0,103.0,300.0,1.0,Urban,Y
LP107280,Male,Yes,3+,Graduate,Yes,12218,2498.0,243.0,300.0,1.0,Rural,Y
LP107281,Female,No,2,Not Graduate,Yes,4773,0.0,129.0,84.0,0.0,Rural,N
LP107282,Male,No,1,Not Graduate,No,7446,0.0,275.0,180.0,1.0,Rural,Y
LP107283,Male,Yes,0,Graduate,,6162,1469.0,358.0,,0.0,Semiurban,Y
LP107284,Male,Yes,0,Graduate,No,2141,5360.0,184.0,360.0,1.0,Semiurban,Y
LP107285,Female,Yes,0,Graduate,Yes,2266,1507.0,112.0,360.0,1.0,Semiurban,Y
LP107286,Male,No,3+,Graduate,Yes,9819,0.0,346.0,360.0,1.0,Urban,Y
LP107287,Male,No,2,Not Graduate,No,2899,0.0,,180.0,1.0,Urban,N
LP107288,Male,Yes,3+,Not Graduate,No,6133,2089.0,52.0,360.0,1.0,Urban,Y
LP107289,Female,Yes,0,Graduate,No,2658,1170.0,213.0,360.0,0.0,Urban,N
LP107290,Male,Yes,2,Graduate,No,7691,4787.0,592.0,84.0,1.0,Semiurban,Y
LP107291,Male,Yes,0,Not Graduate,No,5701,3000.0,202.0,180.0,,Urban,Y
LP107292,Male,Yes,,Graduate,Yes,4110,1667.0,150.0,300.0,1.0,Urban,Y
LP107293,Male,Yes,1,Graduate,No,7331,2986.0,101.0,240.0,1.0,Semiurban,Y
LP107294,Female,No,0,Graduate,No,5743,0.0,187.0,360.0,1.0,Urban,Y
LP107295,Male,Yes,1,Graduate,Yes,3186,714.0,269.0,180.0,0.0,Urban,N
LP107296,Female,Yes,0,Not Graduate,No,4950,1087.0,210.0,360.0,1.0,Semiurban,Y
LP107297,Male,No,2,Graduate,Yes,7342,0.0,139.0,360.0,,Urban,N
LP107298,Female,Yes,,Graduate,Yes,9553,988.0,249.0,120.0,1.0,Rural,Y
LP107299,Male,Yes,2,Graduate,Yes,4549,3071.0,161.0,84.0,1.0,Semiurban,Y
LP107300,Male,Yes,3+,Graduate,No,14355,4673.0,182.0,360.0,1.0,Semiurban,Y
LP107301,Male,Yes,1,Not Graduate,No,3144,1785.0,240.0,240.0,1.0,Urban,Y
LP107302,Male,Yes,1,Graduate,No,1931,3138.0,76.0,180.0,1.0,Semiurban,Y
LP107303,Male,Yes,2,Not Graduate,No,2107,1429.0,132.0,360.0,1.0,Semiurban,Y
LP107304,Female,No,1,Graduate,No,4885,0.0,143.0,60.0,,Rural,Y
LP107305,Male,,0,Graduate,No,4950,1269.0,65.0,360.0,1.0,Semiurban,Y
LP107306,Female,No,2,Not Graduate,No,5299,0.0,69.0,300.0,1.0,Semiurban,Y
LP107307,Female,Yes,0,Not Graduate,No,3291,3681.0,92.0,84.0,1.0,Urban,Y
LP107308,Male,No,0,Graduate,No,18684,0.0,250.0,240.0,1.0,Semiurban,Y
LP107309,Female,No,0,Graduate,No,12167,0.0,119.0,300.0,1.0,Urban,Y
LP107310,Female,No,0,Graduate,No,2473,0.0,145.0,120.0,1.0,Urban,Y
LP107311,Male,Yes,0,Not Graduate,No,4623,1215.0,161.0,84.0,1.0,Semiurban,Y
LP107312,Female,No,0,Graduate,No,5062,0.0,196.0,180.0,1.0,Urban,Y
LP107313,Male,Yes,1,Graduate,No,7415,1113.0,181.0,300.0,1.0,Semiurban,Y
LP107314,Male,No,0,Graduate,Yes,1969,0.0,139.0,360.0,0.0,Rural,N
LP107315,Female,Yes,0,Graduate,No,1757,1532.0,123.0,360.0,1.0,Semiurban,Y
LP107316,Male,Yes,2,Not Graduate,No,2365,548.0,258.0,120.0,1.0,Urban,Y
LP107317,Male,Yes,0,Graduate,Yes,12118,1291.0,99.0,12.0,1.0,Urban,Y
LP107318,Male,No,0,Graduate,No,3318,0.0,303.0,480.0,1.0,Semiurban,Y
LP107319,Female,Yes,1,Graduate,No,7983,2718.0,95.0,84.0,1.0,Semiurban,Y
LP107320,Female,No,0,Graduate,No,6997,0.0,113.0,360.0,1.0,Urban,Y
LP107321,Male,No,0,Graduate,Yes,4412,0.0,205.0,360.0,1.0,Semiurban,Y
LP107322,Female,Yes,1,Graduate,Yes,8074,825.0,555.0,60.0,1.0,Semiurban,Y
LP107323,Female,Yes,2,Graduate,Yes,2353,2814.0,42.0,360.0,1.0,Urban,Y
LP107324,Male,No,2,Not Graduate,No,3703,0.0,225.0,180.0,1.0,Semiurban,Y
LP107325,Male,Yes,3+,Not Graduate,No,1500,2260.0,178.0,360.0,1.0,Rural,Y
LP107326,Female,Yes,1,Graduate,No,5211,1425.0,102.0,180.0,1.0,Urban,Y
LP107327,Female,No,1,Graduate,No,3055,0.0,166.0,360.0,1.0,Semiurban,Y
LP107328,Female,No,0,Graduate,No,18287,0.0,65.0,360.0,0.0,Semiurban,Y
LP107329,Male,No,2,Graduate,Yes,5090,0.0,83.0,12.0,1.0,Semiurban,Y
LP107330,Male,Yes,0,Not Graduate,No,8035,863.0,173.0,300.0,1.0,Semiurban,Y
LP107331,Male,Yes,1,Not Graduate,No,7271,828.0,73.0,240.0,1.0,Rural,Y
LP107332,Male,Yes,1,Graduate,Yes,4691,2705.0,147.0,360.0,0.0,Semiurban,N
LP107333,Male,Yes,2,Graduate,No,8912,2981.0,90.0,300.0,1.0,Semiurban,Y
LP107334,Female,Yes,3+,Not Graduate,No,5013,766.0,102.0,240.0,1.0,Semiurban,Y
LP107335,Male,Yes,3+,Graduate,No,6537,635.0,256.0,120.0,1.0,Rural,Y
LP107336,Female,Yes,0,Graduate,No,20227,560.0,66.0,180.0,1.0,Rural,Y
LP107337,Male,No,0,Graduate,No,5515,0.0,131.0,480.0,1.0,Rural,Y
LP107338,Male,No,2,Graduate,No,3580,0.0,178.0,360.0,1.0,Urban,Y
LP107339,Male,No,1,Graduate,No,3214,0.0,156.0,180.0,1.0,Urban,Y
LP107340,Male,Yes,1,Graduate,No,4675,6018.0,94.0,360.0,0.0,Semiurban,N
LP107341,Male,Yes,2,Graduate,No,5272,7497.0,167.0,480.0,1.0,Urban,Y
LP107342,Female,No,2,Not Graduate,No,5092,0.0,72.0,360.0,,Semiurban,Y
LP107343,Female,Yes,,Not Graduate,No,1902,1318.0,100.0,240.0,1.0,Urban,N
LP107344,Male,Yes,1,Not Graduate,,1500,3375.0,348.0,36.0,1.0,Semiurban,Y
LP107345,Male,Yes,1,Graduate,No,2748,198.0,197.0,360.0,1.0,Semiurban,Y
LP107346,Female,Yes,1,Graduate,Yes,5090,1479.0,134.0,180.0,1.0,Semiurban,Y
LP107347,Male,Yes,2,Graduate,Yes,5104,3905.0,175.0,120.0,1.0,Urban,Y
LP107348,Male,No,2,Not Graduate,No,6455,0.0,82.0,84.0,1.0,Rural,Y
LP107349,Male,No,2,Graduate,No,6110,0.0,158.0,84.0,1.0,Semiurban,Y
LP107350,Female,Yes,3+,Graduate,Yes,3641,364.0,102.0,84.0,1.0,Semiurban,Y
LP107351,Male,Yes,2,Graduate,No,2664,2269.0,94.0,300.0,1.0,Semiurban,Y
LP107352,Male,No,1,Not Graduate,Yes,6718,0.0,124.0,360.0,,Semiurban,Y
LP107353,Female,Yes,2,Not Graduate,No,5628,1509.0,93.0,360.0,1.0,Urban,Y
LP107354,Male,Yes,2,Graduate,Yes,2550,847.0,146.0,360.0,1.0,Urban,Y
LP107355,Male,No,0,Not Graduate,No,7149,0.0,172.0,84.0,,Rural,Y
LP107356,Male,No,1,Graduate,No,8727,0.0,114.0,360.0,0.0,Semiurban,N
LP107357,Female,No,2,Graduate,No,7892,0.0,24.0,12.0,1.0,Semiurban,Y
LP107358,Male,Yes,1,Not Graduate,No,8766,9407.0,79.0,360.0,1.0,Urban,Y
LP107359,Female,Yes,,Graduate,Yes,3132,862.0,70.0,480.0,1.0,Rural,Y
LP107360,Female,No,1,Graduate,No,8193,0.0,167.0,360.0,1.0,Urban,Y
LP107361,Male,Yes,3+,Not Graduate,No,4470,1048.0,86.0,360.0,1.0,Semiurban,N
LP107362,Female,No,0,Graduate,Yes,16762,0.0,99.0,300.0,1.0,Rural,Y
LP107363,Male,Yes,0,Not Graduate,No,8404,2312.0,222.0,480.0,1.0,Semiurban,Y
LP107364,Male,No,1,Graduate,No,6359,0.0,84.0,360.0,1.0,Semiurban,Y
LP107365,Male,Yes,1,Graduate,No,13763,8800.0,151.0,360.0,1.0,Semiurban,Y
LP107366,Male,Yes,0,Graduate,No,3627,7523.0,92.0,120.0,0.0,Semiurban,N
LP107367,Male,Yes,0,Not Graduate,No,6839,1587.0,101.0,360.0,1.0,Urban,Y
LP107368,Male,No,2,Graduate,No,18795,0.0,66.0,12.0,1.0,Urban,Y
LP107369,Male,Yes,1,Graduate,No,8005,1432.0,98.0,,1.0,Semiurban,Y
LP107370,Female,Yes,2,Graduate,No,5382,4179.0,182.0,240.0,0.0,Rural,Y
LP107371,Male,No,2,Not Graduate,No,4180,0.0,75.0,180.0,1.0,Semiurban,Y
LP107372,Female,Yes,2,Graduate,No,2749,6527.0,87.0,180.0,1.0,Semiurban,Y
LP107373,Male,Yes,1,Graduate,No,4130,2878.0,499.0,480.0,1.0,Semiurban,Y
LP107374,Male,Yes,1,Graduate,No,3007,708.0,156.0,360.0,1.0,Rural,Y
LP107375,Male,No,1,Graduate,No,4280,0.0,164.0,360.0,1.0,Rural,Y
LP107376,Male,Yes,3+,Graduate,Yes,4600,1193.0,92.0,300.0,1.0,Semiurban,Y
LP107377,Male,Yes,3+,Graduate,Yes,8895,948.0,250.0,240.0,1.0,Urban,Y
LP107378,Female,No,0,Not Graduate,No,3846,0.0,276.0,360.0,1.0,Urban,Y
LP107379,Female,Yes,0,Graduate,Yes,3435,1141.0,,300.0,1.0,Urban,Y
LP107380,Female,Yes,0,Graduate,No,8369,1333.0,254.0,360.0,,Rural,Y
LP107381,Male,Yes,1,Graduate,No,7465,5111.0,300.0,480.0,0.0,Semiurban,Y
LP107382,Female,No,1,Not Graduate,Yes,4246,0.0,38.0,360.0,1.0,Semiurban,Y
LP107383,Male,Yes,2,Graduate,No,7048,2693.0,224.0,360.0,,Rural,Y
LP107384,Male,No,0,Not Graduate,No,4199,0.0,84.0,240.0,1.0,Rural,Y
LP107385,Female,No,2,Not Graduate,No,4324,0.0,297.0,360.0,1.0,Rural,Y
LP107386,Male,Yes,3+,Graduate,No,12485,4526.0,83.0,360.0,1.0,Urban,Y
LP107387,Male,No,2,Graduate,No,4524,0.0,193.0,120.0,1.0,Urban,Y
LP107388,Male,Yes,0,Not Graduate,No,3852,1382.0,46.0,360.0,1.0,Urban,Y
LP107389,Male,Yes,1,Not Graduate,No,4967,2448.0,262.0,360.0,1.0,Semiurban,Y
LP107390,Female,Yes,1,Not Graduate,No,1511,13356.0,140.0,360.0,1.0,Semiurban,Y
LP107391,Male,No,3+,Not Graduate,Yes,4443,0.0,291.0,360.0,1.0,Urban,N
LP107392,Female,Yes,1,Graduate,No,5726,490.0,87.0,120.0,1.0,Semiurban,Y
LP107393,Male,Yes,1,Not Graduate,No,16136,2278.0,152.0,360.0,,Urban,Y
LP107394,Male,Yes,1,Graduate,No,5194,3124.0,334.0,360.0,1.0,Semiurban,Y
LP107395,Male,Yes,1,Graduate,No,6391,1277.0,132.0,240.0,1.0,Semiurban,Y
LP107396,Male,Yes,2,Graduate,No,6050,1124.0,173.0,84.0,1.0,Semiurban,Y
LP107397,Male,Yes,0,Graduate,No,19171,653.0,204.0,240.0,1.0,Rural,Y
LP107398,Female,Yes,1,Graduate,No,8969,2367.0,52.0,360.0,1.0,Semiurban,Y
LP107399,Female,Yes,0,Graduate,No,2057,8565.0,98.0,360.0,1.0,Urban,Y
LP107400,Female,Yes,0,Graduate,No,10275,7115.0,265.0,240.0,1.0,Urban,Y
LP107401,Female,Yes,2,Not Graduate,,2787,2299.0,39.0,120.0,1.0,Semiurban,Y
LP107402,Female,No,0,Graduate,No,3320,0.0,262.0,300.0,0.0,Rural,N
LP107403,Male,No,0,Not Graduate,Yes,2253,0.0,94.0,360.0,1.0,Rural,Y
LP107404,Female,Yes,2,Graduate,No,14667,1394.0,460.0,360.0,1.0,Rural,Y
LP107405,Male,Yes,2,Graduate,No,10014,1083.0,174.0,360.0,1.0,Semiurban,Y
LP107406,Male,No,0,Graduate,Yes,10284,0.0,83.0,180.0,1.0,Semiurban,Y
LP107407,Male,No,1,Graduate,No,9150,0.0,241.0,300.0,1.0,Semiurban,Y
LP107408,Male,Yes,0,Graduate,No,7438,1553.0,317.0,,1.0,Semiurban,Y
LP107409,Male,Yes,0,Not Graduate,Yes,4056,1539.0,192.0,360.0,1.0,Urban,Y
LP107410,Female,Yes,1,Graduate,No,5561,1462.0,102.0,240.0,1.0,Urban,Y
LP107411,Male,Yes,0,Graduate,Yes,3605,3408.0,318.0,240.0,1.0,Semiurban,Y
LP107412,Male,Yes,3+,Graduate,No,2948,3575.0,76.0,360.0,1.0,Urban,Y
LP107413,Male,No,0,Graduate,,3346,0.0,255.0,360.0,1.0,Rural,Y
LP107414,Male,Yes,2,Graduate,No,20181,1569.0,31.0,300.0,1.0,Semiurban,Y
LP107415,Male,No,,Not Graduate,No,3907,0.0,144.0,240.0,0.0,Semiurban,N
LP107416,Male,No,3+,Graduate,No,8959,0.0,96.0,360.0,1.0,Urban,Y
LP107417,Male,No,1,Graduate,Yes,17090,0.0,58.0,360.0,0.0,Semiurban,N
LP107418,Male,No,3+,Graduate,No,7851,0.0,293.0,240.0,1.0,Semiurban,Y
LP107419,Female,No,3+,Graduate,No,3063,0.0,37.0,36.0,0.0,Semiurban,N
LP107420,Female,Yes,0,Graduate,No,3159,1409.0,308.0,360.0,1.0,Semiurban,Y
LP107421,Male,No,1,Graduate,No,5278,0.0,53.0,120.0,1.0,Rural,Y
LP107422,Male,No,0,Not Graduate,No,19035,0.0,252.0,360.0,0.0,Semiurban,N
LP107423,Male,Yes,2,Graduate,No,11546,4281.0,84.0,360.0,1.0,Semiurban,Y
LP107424,Female,No,1,Not Graduate,No,6781,0.0,41.0,360.0,1.0,Urban,Y
LP107425,Male,No,0,Graduate,Yes,4348,0.0,102.0,360.0,1.0,Semiurban,Y
LP107426,Male,No,2,Not Graduate,Yes,6171,0.0,188.0,180.0,1.0,Rural,Y
LP107427,Female,Yes,0,Not Graduate,No,5505,1729.0,78.0,360.0,1.0,Rural,Y
LP107428,Male,Yes,2,Graduate,No,5484,549.0,156.0,300.0,1.0,Urban,Y
LP107429,Male,Yes,0,Graduate,No,2906,1457.0,203.0,120.0,1.0,Rural,Y
LP107430,Male,Yes,2,Graduate,No,2874,915.0,328.0,180.0,1.0,Urban,Y
LP107431,Female,Yes,0,Graduate,No,5986,2356.0,139.0,360.0,1.0,Semiurban,Y
LP107432,Female,Yes,0,Graduate,No,2450,3979.0,270.0,360.0,0.0,Rural,N
LP107433,Female,No,2,Not Graduate,No,3377,0.0,223.0,360.0,,Semiurban,N
LP107434,Male,Yes,0,Graduate,No,5002,3375.0,127.0,120.0,1.0,Semiurban,Y
LP107435,Male,Yes,1,Graduate,No,5993,1951.0,267.0,360.0,1.0,Urban,Y
LP107436,Female,Yes,3+,Not Graduate,No,9599,1615.0,229.0,300.0,1.0,Urban,Y
LP107437,Female,Yes,0,Not Graduate,No,2317,707.0,121.0,480.0,1.0,Rural,Y
LP107438,Male,Yes,2,Graduate,No,2321,387.0,206.0,300.0,0.0,Rural,N
LP107439,Female,Yes,0,Not Graduate,No,10762,541.0,158.0,180.0,1.0,Rural,Y
LP107440,Male,Yes,0,Not Graduate,No,13438,1063.0,186.0,60.0,1.0,Urban,Y
LP107441,Male,Yes,0,Graduate,No,2626,3751.0,415.0,360.0,0.0,Rural,N
LP107442,Female,Yes,3+,Graduate,No,2959,676.0,82.0,12.0,1.0,Urban,Y
LP107443,Male,Yes,0,Not Graduate,No,6818,936.0,156.0,360.0,1.0,Urban,Y
LP107444,Female,Yes,3+,Not Graduate,Yes,5060,1240.0,136.0,180.0,1.0,Semiurban,Y
LP107445,Male,Yes,3+,Graduate,No,5084,5067.0,215.0,360.0,1.0,Semiurban,Y
LP107446,Male,Yes,1,Graduate,No,3076,1753.0,102.0,300.0,1.0,Urban,Y
LP107447,Female,No,2,Not Graduate,No,7569,0.0,95.0,360.0,1.0,Urban,Y
LP107448,Female,No,2,Not Graduate,No,4262,0.0,129.0,60.0,1.0,Semiurban,Y
LP107449,Male,Yes,1,Not Graduate,No,4179,5518.0,178.0,120.0,1.0,Urban,Y
LP107450,Male,Yes,0,Not Graduate,Yes,2493,1933.0,102.0,360.0,1.0,Urban,Y
LP107451,Male,No,1,Graduate,No,7901,0.0,27.0,240.0,1.0,Semiurban,Y
LP107452,Male,Yes,2,Not Graduate,No,3956,2001.0,75.0,300.0,1.0,Urban,Y
LP107453,Female,No,2,Not Graduate,No,4783,0.0,313.0,300.0,1.0,Semiurban,N
LP107454,Female,No,0,Not Graduate,No,10035,0.0,339.0,360.0,1.0,Rural,Y
LP107455,Male,No,0,Graduate,No,2622,0.0,99.0,120.0,1.0,Urban,Y
LP107456,Male,No,3+,Not Graduate,No,4665,0.0,394.0,360.0,1.0,Rural,N
LP107457,Male,No,0,Graduate,No,1929,0.0,110.0,60.0,1.0,Urban,Y
LP107458,Female,Yes,2,Graduate,Yes,3589,371.0,53.0,360.0,1.0,Urban,Y
LP107459,Male,No,0,Graduate,No,10645,0.0,111.0,360.0,0.0,Semiurban,Y
LP107460,Male,No,2,Graduate,No,1949,0.0,207.0,360.0,1.0,Semiurban,Y
LP107461,Male,No,3+,Graduate,No,5661,0.0,95.0,180.0,1.0,Semiurban,Y
LP107462,Male,Yes,0,Not Graduate,No,12863,2110.0,192.0,84.0,0.0,Urban,Y
LP107463,Male,Yes,0,Not Graduate,No,6831,2970.0,157.0,300.0,1.0,Rural,Y
LP107464,Male,No,1,Not Graduate,No,3462,0.0,113.0,360.0,1.0,Rural,Y
LP107465,Female,Yes,0,Not Graduate,No,2522,1696.0,213.0,360.0,1.0,Rural,Y
LP107466,Female,No,1,Graduate,No,1544,0.0,280.0,300.0,1.0,Semiurban,Y
LP107467,Female,No,2,Graduate,No,12548,0.0,149.0,300.0,1.0,Semiurban,Y
LP107468,Male,No,0,Graduate,No,3817,0.0,191.0,360.0,0.0,Rural,N
LP107469,Male,No,1,Graduate,Yes,1667,0.0,56.0,36.0,1.0,Rural,Y
LP107470,Male,No,2,Graduate,No,2663,0.0,309.0,180.0,1.0,Rural,Y
LP107471,Male,Yes,2,Graduate,No,2573,777.0,97.0,240.0,1.0,Rural,Y
LP107472,Female,No,0,Graduate,No,3651,0.0,80.0,360.0,1.0,Semiurban,Y
LP107473,Male,Yes,2,Graduate,No,20599,4698.0,228.0,84.0,1.0,Urban,Y
LP107474,Male,Yes,2,Graduate,No,8550,4586.0,106.0,360.0,0.0,Semiurban,Y
LP107475,Female,Yes,1,Graduate,Yes,6572,791.0,88.0,180.0,0.0,Rural,N
LP107476,Female,Yes,0,Not Graduate,No,10081,1533.0,112.0,120.0,1.0,Urban,Y
LP107477,Male,Yes,0,Graduate,No,14769,2651.0,64.0,360.0,1.0,Urban,Y
LP107478,Male,Yes,2,Graduate,No,6747,292.0,87.0,120.0,1.0,Urban,Y
LP107479,Male,Yes,2,Graduate,Yes,11669,2606.0,247.0,240.0,1.0,Rural,Y
LP107480,Male,No,2,Not Graduate,No,3346,0.0,270.0,360.0,1.0,Rural,Y
LP107481,Male,Yes,0,Graduate,No,2928,4488.0,139.0,360.0,1.0,Urban,Y
LP107482,Male,Yes,1,Graduate,Yes,2646,262.0,89.0,180.0,1.0,Urban,Y
LP107483,Female,No,2,Graduate,Yes,5862,0.0,172.0,240.0,1.0,Semiurban,Y
LP107484,Male,No,1,Not Graduate,No,1500,0.0,43.0,300.0,1.0,Semiurban,Y
LP107485,Male,No,0,Not Graduate,No,10881,0.0,271.0,300.0,0.0,Urban,N
LP107486,Male,Yes,1,Graduate,No,3654,1969.0,128.0,180.0,1.0,Rural,Y
LP107487,Male,No,2,Not Graduate,No,8068,0.0,72.0,300.0,1.0,Semiurban,Y
LP107488,Female,Yes,0,Graduate,No,2132,281.0,327.0,360.0,1.0,Semiurban,Y
LP107489,Male,Yes,1,Graduate,No,9573,2318.0,137.0,360.0,0.0,Rural,N
LP107490,Male,Yes,2,Graduate,No,11267,2986.0,103.0,360.0,1.0,Urban,Y
LP107491,Male,Yes,2,Graduate,No,5227,1159.0,459.0,180.0,1.0,Semiurban,Y
LP107492,Female,Yes,2,Not Graduate,Yes,6745,4948.0,97.0,360.0,1.0,Semiurban,Y
LP107493,Male,Yes,2,Not Graduate,No,2655,486.0,210.0,360.0,1.0,Rural,Y
LP107494,Female,Yes,0,Graduate,No,5050,454.0,203.0,84.0,1.0,Urban,Y
LP107495,Male,No,0,Graduate,Yes,8807,0.0,80.0,300.0,0.0,Semiurban,N
LP107496,Male,No,2,Graduate,No,4097,0.0,123.0,480.0,1.0,Semiurban,Y
LP107497,Male,Yes,0,Graduate,No,12281,3934.0,,60.0,1.0,Rural,Y
LP107498,Female,Yes,2,Not Graduate,No,1685,1284.0,46.0,240.0,1.0,Rural,Y
LP107499,Female,Yes,2,Not Graduate,No,4035,5358.0,41.0,60.0,1.0,Urban,Y
LP107500,Male,No,0,Graduate,No,1551,0.0,36.0,300.0,1.0,Urban,Y
LP107501,Male,Yes,1,Graduate,Yes,5941,2028.0,102.0,360.0,,Urban,Y
LP107502,Male,Yes,1,Not Graduate,No,4325,369.0,73.0,180.0,0.0,Semiurban,N
LP107503,Male,Yes,0,Graduate,No,4422,1732.0,76.0,120.0,1.0,Rural,Y
LP107504,Male,Yes,1,Not Graduate,Yes,7661,1916.0,104.0,300.0,0.0,Urban,N
LP107505,Female,Yes,3+,Graduate,,4145,4758.0,134.0,240.0,1.0,Semiurban,Y
LP107506,Female,Yes,1,Graduate,No,26476,539.0,111.0,360.0,1.0,Rural,Y
LP107507,Male,No,2,Graduate,Yes,7983,0.0,87.0,84.0,,Rural,Y
LP107508,Male,No,0,Graduate,No,5004,0.0,427.0,360.0,1.0,Semiurban,Y
LP107509,Female,No,0,Graduate,No,3278,0.0,119.0,360.0,1.0,Rural,Y
LP107510,Female,Yes,0,Not Graduate,No,2845,927.0,244.0,12.0,1.0,Urban,N
LP107511,Male,Yes,2,Not Graduate,No,6388,1044.0,63.0,180.0,0.0,Urban,N
LP107512,Male,No,1,Graduate,No,3583,0.0,299.0,360.0,,Urban,Y
LP107513,Male,No,0,Graduate,Yes,8906,0.0,96.0,360.0,0.0,Semiurban,N
LP107514,Male,Yes,2,Not Graduate,No,4678,1324.0,700.0,300.0,1.0,Semiurban,Y
LP107515,Male,Yes,0,Not Graduate,No,4687,1078.0,61.0,300.0,1.0,Urban,Y
LP107516,Male,Yes,0,Graduate,No,5264,9407.0,70.0,60.0,1.0,Urban,Y
LP107517,Male,Yes,1,Not Graduate,No,4486,2387.0,119.0,360.0,1.0,Urban,Y
LP107518,Male,No,0,Not Graduate,No,5803,0.0,108.0,60.0,1.0,Urban,Y
LP107519,Male,No,1,Graduate,No,17012,0.0,,360.0,1.0,Rural,Y
LP107520,Male,Yes,0,Graduate,No,6798,4116.0,325.0,84.0,1.0,Rural,Y
LP107521,Female,Yes,1,Graduate,No,6336,4774.0,305.0,240.0,1.0,Urban,Y
LP107522,Female,No,3+,Graduate,No,7880,0.0,109.0,240.0,1.0,Urban,Y
LP107523,Male,Yes,3+,Not Graduate,No,4604,1774.0,,240.0,1.0,Rural,N
LP107524,Male,No,2,Graduate,No,2756,0.0,315.0,300.0,1.0,Urban,Y
LP107525,Female,No,3+,Not Graduate,No,1500,0.0,133.0,120.0,1.0,Rural,N
LP107526,Male,No,1,Graduate,,1500,0.0,89.0,180.0,1.0,Semiurban,Y
LP107527,Male,Yes,2,Graduate,No,7698,4165.0,289.0,84.0,1.0,Semiurban,Y
LP107528,Male,Yes,1,Not Graduate,No,6132,1549.0,263.0,360.0,0.0,Semiurban,N
LP107529,Male,Yes,,Graduate,No,4497,803.0,63.0,60.0,0.0,Urban,N
LP107530,Male,Yes,1,Graduate,No,20279,1838.0,314.0,360.0,1.0,Urban,Y
LP107531,Female,Yes,0,Graduate,No,4814,3207.0,72.0,480.0,0.0,Rural,N
LP107532,Male,No,2,Graduate,No,1500,0.0,168.0,360.0,1.0,Rural,Y
LP107533,Male,No,2,Not Graduate,No,7710,0.0,82.0,240.0,1.0,Semiurban,Y
LP107534,Female,No,2,Graduate,No,9863,0.0,148.0,120.0,1.0,Rural,Y
LP107535,Male,Yes,0,Not Graduate,No,7570,10364.0,143.0,360.0,1.0,Rural,Y
LP107536,Male,No,0,Graduate,,9951,0.0,512.0,300.0,1.0,Urban,Y
LP107537,Male,No,0,Not Graduate,No,1708,0.0,50.0,240.0,1.0,Urban,Y
LP107538,Male,Yes,1,Graduate,No,5202,2197.0,84.0,84.0,1.0,Urban,Y
LP107539,Male,No,0,Graduate,No,2986,0.0,101.0,120.0,1.0,Urban,Y
LP107540,Male,Yes,1,Not Graduate,No,6726,1721.0,163.0,360.0,1.0,Semiurban,Y
LP107541,Male,Yes,0,Graduate,No,12236,1512.0,111.0,120.0,1.0,Urban,Y
LP107542,Female,Yes,0,Not Graduate,Yes,3940,1704.0,35.0,120.0,1.0,Urban,N
LP107543,Male,No,2,Graduate,No,7266,0.0,208.0,240.0,1.0,Urban,Y
LP107544,Male,Yes,3+,Graduate,No,2904,1792.0,299.0,360.0,1.0,Urban,Y
LP107545,Male,Yes,0,Not Graduate,No,4863,493.0,174.0,300.0,1.0,Urban,Y
LP107546,Male,Yes,1,Not Graduate,No,3610,2077.0,102.0,360.0,1.0,Urban,Y
LP107547,Male,Yes,0,Graduate,Yes,14481,689.0,151.0,360.0,0.0,Rural,N
LP107548,Female,Yes,0,Not Graduate,No,2571,1949.0,64.0,360.0,1.0,Semiurban,Y
LP107549,Male,Yes,2,Graduate,No,5181,2337.0,253.0,360.0,1.0,Rural,Y
LP107550,Male,Yes,2,Graduate,No,11176,5617.0,181.0,84.0,1.0,Rural,Y
LP107551,Female,Yes,2,Graduate,No,1530,2329.0,97.0,120.0,1.0,Rural,Y
LP107552,Male,No,1,Graduate,No,6366,0.0,141.0,360.0,0.0,Urban,N
LP107553,Male,Yes,3+,Graduate,No,5253,1093.0,249.0,120.0,1.0,Rural,Y
LP107554,Female,No,0,Graduate,No,3265,0.0,270.0,360.0,1.0,Semiurban,Y
LP107555,Female,Yes,0,Not Graduate,No,10195,1670.0,128.0,360.0,1.0,Urban,Y
LP107556,Female,Yes,0,Graduate,No,13760,990.0,486.0,240.0,1.0,Semiurban,Y
LP107557,Male,Yes,2,Graduate,No,7293,2044.0,305.0,240.0,1.0,Urban,Y
LP107558,Male,Yes,0,Graduate,Yes,4113,409.0,184.0,84.0,1.0,Urban,Y
LP107559,Female,Yes,0,Graduate,No,2062,1927.0,105.0,360.0,1.0,Urban,Y
LP107560,Male,No,2,Graduate,No,5475,0.0,107.0,300.0,1.0,Semiurban,Y
LP107561,Male,No,0,Graduate,No,4481,0.0,151.0,360.0,0.0,Rural,N
LP107562,Female,Yes,0,Graduate,No,4648,8913.0,125.0,120.0,1.0,Urban,Y
LP107563,Male,Yes,0,Graduate,,3647,1226.0,372.0,300.0,1.0,Semiurban,Y
LP107564,Female,No,0,Not Graduate,Yes,3460,0.0,76.0,360.0,1.0,Urban,N
LP107565,Male,Yes,2,Not Graduate,No,5001,4185.0,181.0,360.0,0.0,Semiurban,N
LP107566,Male,Yes,1,Graduate,No,2347,3579.0,40.0,240.0,1.0,Urban,Y
LP107567,Male,No,0,Graduate,No,9153,0.0,168.0,360.0,1.0,Rural,Y
LP107568,Female,No,0,Graduate,No,3108,0.0,226.0,480.0,0.0,Rural,N
LP107569,Male,Yes,2,Not Graduate,Yes,5256,1074.0,318.0,360.0,1.0,Urban,Y
LP107570,Male,Yes,1,Not Graduate,No,4045,711.0,94.0,300.0,1.0,Rural,N
LP107571,Female,,2,Graduate,No,7259,1364.0,87.0,360.0,1.0,Semiurban,Y
LP107572,Female,No,1,Graduate,No,7025,0.0,248.0,300.0,0.0,Urban,N
LP107573,Female,No,0,Not Graduate,No,6662,0.0,275.0,300.0,1.0,Semiurban,Y
LP107574,Male,Yes,3+,Graduate,Yes,2437,2801.0,117.0,300.0,0.0,Rural,N
LP107575,Male,No,1,Graduate,No,4378,0.0,41.0,240.0,1.0,Semiurban,Y
LP107576,Female,No,0,Graduate,No,12853,0.0,71.0,60.0,1.0,Semiurban,Y
LP107577,Male,No,1,Graduate,No,4003,0.0,127.0,240.0,1.0,Semiurban,Y
LP107578,Male,No,0,Not Graduate,No,9224,0.0,57.0,360.0,1.0,Semiurban,Y
LP107579,Male,No,0,Not Graduate,No,4884,0.0,207.0,300.0,1.0,Urban,Y
LP107580,Female,Yes,3+,Not Graduate,Yes,4081,1119.0,84.0,360.0,1.0,Semiurban,N
LP107581,Male,Yes,3+,Graduate,No,5496,2452.0,128.0,120.0,0.0,Semiurban,N
LP107582,Female,No,0,Not Graduate,No,2982,0.0,259.0,180.0,1.0,Rural,Y
LP107583,Male,Yes,1,Graduate,No,8433,2893.0,167.0,360.0,1.0,Semiurban,Y
LP107584,Male,Yes,2,Graduate,No,2944,2999.0,431.0,360.0,1.0,Urban,Y
LP107585,Male,No,0,Not Graduate,No,6851,0.0,310.0,360.0,1.0,Urban,Y
LP107586,Male,No,1,Graduate,Yes,9387,0.0,72.0,300.0,1.0,Rural,Y
LP107587,Male,No,2,Graduate,No,6345,0.0,191.0,360.0,1.0,Semiurban,Y
LP107588,Male,Yes,2,Not Graduate,Yes,3493,848.0,147.0,360.0,1.0,Semiurban,Y
LP107589,Male,Yes,2,Not Graduate,No,5494,1281.0,273.0,360.0,1.0,Urban,Y
LP107590,Female,Yes,2,Graduate,No,3163,1309.0,183.0,360.0,1.0,Urban,Y
LP107591,Female,No,3+,Graduate,No,4329,0.0,99.0,300.0,1.0,Urban,Y
LP107592,Female,Yes,0,Graduate,No,3590,242.0,178.0,300.0,0.0,Rural,N
LP107593,Male,No,3+,Not Graduate,Yes,3112,0.0,107.0,360.0,1.0,Semiurban,N
LP107594,Male,No,0,Graduate,No,7174,0.0,91.0,480.0,1.0,Semiurban,Y
LP107595,,Yes,0,Not Graduate,No,8869,8359.0,125.0,360.0,1.0,Rural,Y
LP107596,Female,No,0,Graduate,No,9246,0.0,155.0,36.0,1.0,Urban,Y
LP107597,Female,No,2,Graduate,No,5683,0.0,292.0,240.0,1.0,Urban,Y
LP107598,Female,Yes,0,Graduate,No,11866,2835.0,99.0,360.0,1.0,Urban,Y
LP107599,Male,Yes,2,Graduate,Yes,3274,931.0,42.0,36.0,1.0,Semiurban,Y
LP107600,Male,Yes,2,Not Graduate,No,10626,2102.0,119.0,360.0,1.0,Rural,Y
LP107601,Male,Yes,0,Graduate,No,8482,1647.0,156.0,360.0,1.0,Rural,Y
LP107602,Male,No,2,Graduate,No,5033,0.0,149.0,180.0,1.0,Semiurban,Y
LP107603,Male,No,3+,Graduate,No,5618,0.0,115.0,360.0,,Semiurban,Y
LP107604,Female,Yes,2,Not Graduate,No,9152,2528.0,237.0,180.0,1.0,Rural,Y
LP107605,,Yes,0,Graduate,No,7310,604.0,161.0,,1.0,Semiurban,Y
LP107606,Male,Yes,3+,Not Graduate,No,5749,20504.0,192.0,360.0,1.0,Urban,Y
LP107607,Male,Yes,2,Graduate,Yes,3751,5754.0,44.0,240.0,1.0,Semiurban,Y
LP107608,Female,Yes,1,Graduate,No,2822,5227.0,121.0,360.0,1.0,Semiurban,Y
LP107609,Male,Yes,0,Graduate,No,5244,651.0,123.0,240.0,1.0,Semiurban,Y
LP107610,Female,Yes,1,Graduate,No,2473,494.0,368.0,240.0,1.0,Urban,Y
LP107611,Female,No,,Graduate,No,7626,0.0,125.0,360.0,0.0,Semiurban,N
LP107612,Male,No,,Not Graduate,No,1694,0.0,90.0,240.0,1.0,Semiurban,Y
LP107613,,Yes,0,Graduate,No,5908,7928.0,87.0,240.0,1.0,Urban,Y
LP107614,Male,No,3+,Graduate,No,4162,0.0,241.0,120.0,1.0,Semiurban,Y
LP107615,Male,No,0,Graduate,No,3775,0.0,,60.0,1.0,Urban,Y
LP107616,Female,No,3+,Graduate,No,4163,0.0,80.0,360.0,1.0,Semiurban,Y
LP107617,Female,Yes,0,Not Graduate,Yes,1500,2091.0,232.0,300.0,1.0,Urban,Y
LP107618,Male,No,1,Not Graduate,No,3770,0.0,169.0,360.0,1.0,Rural,N
LP107619,Male,No,0,Graduate,No,2920,0.0,116.0,300.0,1.0,Urban,Y
LP107620,Male,Yes,3+,Not Graduate,No,2942,1051.0,60.0,240.0,0.0,Semiurban,N
LP107621,Male,Yes,2,Graduate,No,31971,4084.0,187.0,240.0,1.0,Urban,Y
LP107622,Male,No,,Graduate,No,2135,0.0,220.0,,1.0,Urban,N
LP107623,Male,No,2,Graduate,No,6233,0.0,75.0,360.0,1.0,Semiurban,Y
LP107624,Male,No,0,Not Graduate,No,3049,0.0,167.0,300.0,1.0,Urban,N
LP107625,Female,No,0,Graduate,Yes,2843,0.0,126.0,60.0,1.0,Semiurban,Y
LP107626,Male,Yes,1,Graduate,Yes,2190,489.0,79.0,360.0,1.0,Urban,Y
LP107627,Male,Yes,2,Graduate,No,9671,970.0,102.0,120.0,1.0,Semiurban,Y
LP107628,Male,Yes,3+,Graduate,Yes,10123,789.0,130.0,84.0,1.0,Semiurban,Y
LP107629,Female,No,,Graduate,,3387,0.0,60.0,480.0,1.0,Rural,Y
LP107630,Male,Yes,2,Graduate,No,8495,6621.0,189.0,60.0,1.0,Semiurban,Y
LP107631,Male,Yes,3+,Not Graduate,No,2639,2206.0,87.0,360.0,1.0,Rural,N
LP107632,Male,No,0,Graduate,Yes,3863,0.0,89.0,360.0,1.0,Rural,Y
LP107633,Female,No,3+,Graduate,No,7386,0.0,181.0,300.0,1.0,Urban,Y
LP107634,Male,Yes,1,Not Graduate,Yes,2695,214.0,102.0,60.0,1.0,Rural,N
LP107635,Female,Yes,2,Not Graduate,Yes,3153,3712.0,118.0,180.0,1.0,Semiurban,Y
LP107636,Female,Yes,0,Graduate,Yes,4987,1135.0,126.0,120.0,0.0,Urban,N
LP107637,Female,Yes,0,Graduate,Yes,5025,2724.0,84.0,480.0,1.0,Rural,Y
LP107638,Male,No,0,Not Graduate,No,2573,0.0,,84.0,1.0,Urban,Y
LP107639,Male,Yes,3+,Graduate,No,18765,16796.0,132.0,12.0,1.0,Semiurban,Y
LP107640,Male,No,2,Graduate,No,2962,0.0,133.0,120.0,1.0,Semiurban,Y
LP107641,Female,No,0,Graduate,No,8705,0.0,184.0,360.0,0.0,Semiurban,N
LP107642,Male,No,3+,Not Graduate,No,7026,0.0,189.0,360.0,1.0,Semiurban,Y
LP107643,Male,Yes,2,Graduate,No,3031,549.0,278.0,360.0,1.0,Urban,Y
LP107644,Female,Yes,3+,Graduate,Yes,6489,4301.0,54.0,240.0,1.0,Urban,Y
LP107645,Male,Yes,0,Graduate,Yes,2968,1521.0,232.0,360.0,1.0,Urban,Y
LP107646,Male,Yes,,Not Graduate,Yes,5128,1039.0,109.0,360.0,1.0,Urban,Y
LP107647,Male,No,2,Graduate,No,8058,0.0,199.0,480.0,1.0,Rural,Y
LP107648,Male,Yes,0,Not Graduate,No,3515,549.0,164.0,240.0,1.0,Semiurban,Y
LP107649,Female,No,1,Not Graduate,No,6291,0.0,94.0,120.0,1.0,Semiurban,Y
LP107650,Male,Yes,1,Graduate,No,3478,1594.0,334.0,60.0,1.0,Urban,Y
LP107651,Male,Yes,0,Not Graduate,No,5460,1668.0,212.0,360.0,0.0,Semiurban,N
LP107652,Male,No,0,Graduate,No,5237,0.0,172.0,360.0,0.0,Urban,N
LP107653,Female,Yes,3+,Not Graduate,No,3944,3715.0,499.0,360.0,1.0,Semiurban,N
LP107654,Female,Yes,0,Not Graduate,Yes,1637,2204.0,74.0,360.0,0.0,Urban,N
LP107655,Male,Yes,0,Not Graduate,No,7852,1244.0,136.0,300.0,0.0,Semiurban,N
LP107656,Male,Yes,1,Not Graduate,No,16224,860.0,188.0,120.0,,Semiurban,N
LP107657,Male,No,2,Not Graduate,No,5344,0.0,70.0,180.0,1.0,Rural,N
LP107658,Female,Yes,2,Graduate,No,3402,2388.0,90.0,180.0,1.0,Urban,Y
LP107659,Male,Yes,2,Graduate,No,5568,1815.0,244.0,360.0,1.0,Urban,Y
LP107660,Female,Yes,0,Graduate,No,9775,820.0,99.0,360.0,1.0,Rural,Y
LP107661,Male,No,1,Graduate,No,10590,0.0,226.0,84.0,1.0,Semiurban,Y
LP107662,Male,Yes,2,Not Graduate,No,8493,2196.0,,36.0,1.0,Semiurban,Y
LP107663,Male,Yes,3+,Graduate,No,6419,5180.0,451.0,300.0,,Rural,Y
LP107664,Female,Yes,2,Graduate,No,7370,693.0,32.0,360.0,1.0,Urban,Y
LP107665,Male,Yes,0,Not Graduate,No,5276,1019.0,245.0,360.0,1.0,Urban,Y
LP107666,Female,Yes,1,Not Graduate,No,2769,8560.0,156.0,300.0,1.0,Urban,Y
LP107667,Male,Yes,0,Not Graduate,No,3916,2107.0,53.0,180.0,1.0,Semiurban,Y
LP107668,Male,Yes,2,Not Graduate,Yes,4049,2213.0,117.0,360.0,0.0,Rural,N
LP107669,Male,Yes,0,Graduate,No,5857,3915.0,42.0,120.0,1.0,Semiurban,Y
LP107670,Female,Yes,0,Not Graduate,No,1705,7707.0,165.0,360.0,0.0,Semiurban,N
LP107671,Male,No,1,Graduate,No,6678,0.0,93.0,360.0,1.0,Urban,Y
LP107672,Female,No,1,Not Graduate,,1500,0.0,41.0,180.0,0.0,Semiurban,N
LP107673,Female,Yes,1,Graduate,No,6290,1745.0,148.0,120.0,0.0,Rural,N
LP107674,Female,Yes,1,Not Graduate,No,9916,2232.0,146.0,84.0,1.0,Rural,Y
LP107675,Male,No,2,Graduate,No,8407,0.0,475.0,360.0,1.0,Urban,Y
LP107676,Female,No,1,Graduate,No,2871,0.0,220.0,480.0,1.0,Urban,Y
LP107677,Female,Yes,1,Not Graduate,No,7144,3892.0,32.0,300.0,1.0,Semiurban,Y
LP107678,Male,No,0,Not Graduate,No,7499,0.0,97.0,180.0,1.0,Semiurban,Y
LP107679,Male,Yes,1,Not Graduate,No,13676,733.0,260.0,360.0,1.0,Semiurban,Y
LP107680,Male,Yes,2,Graduate,No,6120,1488.0,,360.0,1.0,Semiurban,Y
LP107681,Male,No,1,Graduate,No,9096,0.0,84.0,60.0,1.0,Urban,Y
LP107682,Male,No,2,Graduate,Yes,3780,0.0,134.0,180.0,1.0,Urban,Y
LP107683,Male,No,1,Graduate,No,2947,0.0,97.0,240.0,0.0,Urban,N
LP107684,Male,Yes,,Graduate,,8254,1665.0,348.0,120.0,1.0,Urban,Y
LP107685,Male,Yes,1,Not Graduate,No,8323,4621.0,,360.0,1.0,Urban,Y
LP107686,Male,Yes,1,Graduate,No,3356,3448.0,137.0,120.0,1.0,Urban,Y
LP107687,Male,Yes,2,Not Graduate,Yes,2375,2456.0,77.0,360.0,1.0,Urban,Y
LP107688,Male,Yes,0,Graduate,No,5291,956.0,69.0,360.0,1.0,Urban,Y
LP107689,Male,Yes,1,Graduate,No,5045,2665.0,142.0,12.0,1.0,Urban,Y
LP107690,Male,Yes,2,Graduate,No,5655,956.0,127.0,180.0,1.0,Semiurban,Y
LP107691,Male,Yes,0,Not Graduate,No,8362,2685.0,64.0,300.0,0.0,Rural,N
LP107692,Male,No,1,Not Graduate,No,9111,0.0,154.0,120.0,1.0,Urban,Y
LP107693,Female,No,1,Graduate,No,4937,0.0,138.0,360.0,1.0,Urban,Y
LP107694,Male,Yes,3+,Graduate,No,2704,2120.0,111.0,84.0,1.0,Urban,Y
LP107695,Female,Yes,3+,Graduate,No,3179,1789.0,274.0,120.0,1.0,Rural,Y
LP107696,Male,Yes,0,Not Graduate,No,3435,2472.0,133.0,300.0,1.0,Urban,Y
LP107697,Male,No,1,Not Graduate,No,4572,0.0,116.0,36.0,1.0,Urban,Y
LP107698,Male,Yes,0,Graduate,No,3609,1909.0,264.0,480.0,1.0,Rural,Y
LP107699,Male,No,0,Graduate,Yes,4243,0.0,122.0,300.0,0.0,Urban,N
LP107700,Female,No,2,Graduate,Yes,5137,0.0,105.0,360.0,1.0,Rural,Y
LP107701,Male,Yes,0,Graduate,No,3341,3198.0,66.0,180.0,1.0,Rural,Y
LP107702,Male,,0,Graduate,No,5962,2211.0,139.0,360.0,1.0,Semiurban,Y
LP107703,Male,No,3+,Graduate,No,14714,0.0,234.0,240.0,1.0,Semiurban,Y
LP107704,Male,Yes,2,Graduate,No,4446,4265.0,104.0,84.0,1.0,Urban,Y
LP107705,Female,No,2,Graduate,No,3264,0.0,60.0,300.0,1.0,Semiurban,Y
LP107706,Female,No,3+,Graduate,No,5907,0.0,246.0,84.0,1.0,Urban,Y
LP107707,Male,Yes,2,Graduate,Yes,3050,3194.0,252.0,360.0,1.0,Semiurban,Y
LP107708,Male,No,0,Graduate,No,4499,0.0,190.0,300.0,0.0,Urban,N
LP107709,Male,No,1,Not Graduate,Yes,3271,0.0,142.0,360.0,1.0,Urban,N
LP107710,Female,No,1,Graduate,,2586,0.0,172.0,300.0,0.0,Semiurban,N
LP107711,Male,Yes,0,Graduate,No,2901,3861.0,52.0,180.0,1.0,Semiurban,Y
LP107712,Male,Yes,2,Not Graduate,No,3306,586.0,94.0,120.0,0.0,Urban,N
LP107713,Female,Yes,1,Not Graduate,No,2630,1129.0,201.0,360.0,1.0,Semiurban,Y
LP107714,Male,No,0,Graduate,No,10586,0.0,164.0,180.0,1.0,Semiurban,Y
LP107715,Male,No,0,Graduate,Yes,6366,0.0,230.0,60.0,1.0,Semiurban,Y
LP107716,,Yes,0,Not Graduate,Yes,8648,3009.0,337.0,300.0,1.0,Semiurban,Y
LP107717,Male,Yes,3+,Not Graduate,No,2175,4977.0,64.0,180.0,1.0,Semiurban,Y
LP107718,Male,Yes,2,Graduate,No,4120,460.0,179.0,360.0,1.0,Rural,Y
LP107719,Male,No,1,Graduate,No,6320,0.0,115.0,240.0,1.0,Semiurban,Y
LP107720,Male,No,1,Not Graduate,Yes,13248,0.0,102.0,360.0,1.0,Rural,Y
LP107721,Male,No,2,Graduate,Yes,3128,0.0,591.0,240.0,1.0,Urban,N
LP107722,Female,No,2,Not Graduate,No,2271,0.0,52.0,360.0,1.0,Urban,Y
LP107723,Male,No,1,Graduate,No,5510,0.0,120.0,360.0,1.0,Semiurban,Y
LP107724,Female,No,3+,Not Graduate,Yes,3280,0.0,116.0,360.0,,Urban,N
LP107725,Female,Yes,3+,Graduate,No,13677,1940.0,138.0,300.0,1.0,Rural,Y
LP107726,Male,Yes,3+,Graduate,No,6803,1116.0,41.0,360.0,0.0,Semiurban,N
LP107727,Male,No,2,Not Graduate,No,4140,0.0,74.0,180.0,,Semiurban,Y
LP107728,Male,No,3+,Graduate,No,4147,0.0,138.0,360.0,1.0,Semiurban,Y
LP107729,Female,Yes,1,Graduate,No,4555,1474.0,58.0,36.0,1.0,Urban,Y
LP107730,Female,Yes,3+,Not Graduate,No,1644,1571.0,237.0,240.0,1.0,Semiurban,Y
LP107731,Male,Yes,3+,Graduate,No,5040,1114.0,190.0,240.0,1.0,Rural,Y
LP107732,Female,Yes,3+,Graduate,No,3669,13712.0,51.0,360.0,1.0,Rural,Y
LP107733,Male,Yes,2,Graduate,Yes,7184,5121.0,116.0,300.0,1.0,Semiurban,Y
LP107734,Female,Yes,1,Graduate,No,2868,2121.0,168.0,360.0,0.0,Semiurban,N
LP107735,Male,Yes,0,Not Graduate,No,7402,2545.0,58.0,300.0,1.0,Rural,Y
LP107736,Male,Yes,0,Not Graduate,No,6807,2734.0,52.0,180.0,1.0,Urban,Y
LP107737,Female,No,2,Graduate,No,5409,0.0,75.0,360.0,1.0,Urban,Y
LP107738,Male,Yes,0,Graduate,Yes,10427,6308.0,673.0,360.0,1.0,Urban,Y
LP107739,Male,Yes,1,Graduate,No,1586,3796.0,258.0,360.0,1.0,Rural,Y
LP107740,Male,Yes,1,Not Graduate,Yes,6414,369.0,93.0,300.0,0.0,Urban,N
LP107741,Male,Yes,2,Not Graduate,No,4784,3522.0,60.0,120.0,0.0,Semiurban,N
LP107742,Male,Yes,3+,Not Graduate,Yes,4701,925.0,81.0,360.0,1.0,Semiurban,N
LP107743,Female,No,2,Not Graduate,No,2726,0.0,334.0,360.0,1.0,Urban,Y
LP107744,Male,No,2,Graduate,No,2096,0.0,454.0,240.0,1.0,Rural,Y
LP107745,Male,Yes,1,Graduate,No,8395,407.0,82.0,360.0,1.0,Semiurban,Y
LP107746,Female,Yes,2,Graduate,No,7886,7115.0,161.0,240.0,1.0,Semiurban,Y
LP107747,Male,Yes,0,Graduate,Yes,14460,3476.0,114.0,36.0,1.0,Urban,Y
LP107748,Male,No,0,Graduate,No,15958,0.0,287.0,180.0,1.0,Urban,Y
LP107749,Female,No,3+,Not Graduate,No,1941,0.0,69.0,240.0,1.0,Semiurban,N
LP107750,Female,Yes,2,Graduate,No,4479,4531.0,241.0,360.0,1.0,Urban,Y
LP107751,Male,No,2,Graduate,No,5712,0.0,60.0,360.0,0.0,Semiurban,N
LP107752,Female,No,1,Graduate,Yes,8753,0.0,237.0,240.0,1.0,Urban,Y
LP107753,Male,No,1,Not Graduate,No,11569,0.0,80.0,360.0,1.0,Rural,Y
LP107754,Female,No,1,Graduate,Yes,2650,0.0,111.0,180.0,1.0,Semiurban,N
LP107755,Male,No,0,Graduate,No,3552,0.0,91.0,360.0,1.0,Semiurban,Y
LP107756,Female,Yes,1,Graduate,No,11186,5718.0,435.0,60.0,1.0,Urban,Y
LP107757,Male,Yes,1,Not Graduate,No,1801,2078.0,243.0,240.0,1.0,Semiurban,Y
LP107758,Female,No,1,Graduate,Yes,2576,0.0,104.0,360.0,1.0,Urban,Y
LP107759,Female,No,2,Not Graduate,No,6391,0.0,81.0,300.0,1.0,Urban,Y
LP107760,Female,No,3+,Graduate,No,16858,0.0,295.0,360.0,1.0,Urban,Y
LP107761,Male,Yes,2,Not Graduate,No,1796,2948.0,17.0,120.0,1.0,Rural,Y
LP107762,Male,Yes,3+,Not Graduate,,5093,3180.0,179.0,180.0,1.0,Rural,Y
LP107763,Male,Yes,1,Graduate,Yes,6854,7118.0,75.0,240.0,1.0,Semiurban,Y
LP107764,Female,Yes,2,Graduate,No,11871,2615.0,519.0,360.0,1.0,Semiurban,Y
LP107765,Male,Yes,,Graduate,No,6425,1678.0,691.0,360.0,1.0,Semiurban,Y
LP107766,Female,No,0,Not Graduate,No,1627,0.0,136.0,60.0,1.0,Urban,Y
LP107767,Female,Yes,1,Graduate,Yes,2272,1157.0,107.0,360.0,1.0,Rural,Y
LP107768,Male,No,1,Graduate,No,11194,0.0,139.0,360.0,0.0,Semiurban,Y
LP107769,Female,Yes,2,Graduate,Yes,6400,1038.0,92.0,300.0,1.0,Semiurban,Y
LP107770,Male,No,1,Not Graduate,No,2501,0.0,83.0,180.0,0.0,Rural,N
LP107771,Male,Yes,3+,Graduate,No,6608,764.0,154.0,180.0,1.0,Rural,Y
LP107772,Male,No,3+,Graduate,Yes,5909,0.0,195.0,360.0,1.0,Semiurban,Y
LP107773,Male,Yes,0,Graduate,Yes,1500,3029.0,145.0,240.0,1.0,Semiurban,Y
LP107774,Female,Yes,1,Graduate,No,1500,6786.0,159.0,36.0,0.0,Rural,N
LP107775,Male,Yes,2,Graduate,No,5922,1726.0,91.0,360.0,0.0,Semiurban,N
LP107776,Male,Yes,0,Not Graduate,No,16668,1510.0,76.0,360.0,0.0,Rural,N
LP107777,Female,No,0,Graduate,,5757,0.0,76.0,360.0,0.0,Urban,N
LP107778,Female,No,2,Graduate,Yes,1500,0.0,213.0,360.0,1.0,Urban,Y
LP107779,Male,No,3+,Graduate,No,1867,0.0,140.0,360.0,0.0,Semiurban,N
LP107780,Female,No,2,Not Graduate,No,7154,0.0,151.0,36.0,1.0,Urban,Y
LP107781,Male,No,1,Graduate,No,7637,0.0,164.0,240.0,1.0,Rural,Y
LP107782,Male,No,1,Not Graduate,No,4374,0.0,129.0,360.0,1.0,Semiurban,Y
LP107783,Male,Yes,1,Graduate,No,3676,1296.0,143.0,,1.0,Rural,Y
LP107784,Male,Yes,1,Graduate,No,7913,876.0,292.0,360.0,1.0,Urban,Y
LP107785,Female,Yes,1,Not Graduate,No,9536,716.0,214.0,480.0,0.0,Urban,N
LP107786,Male,Yes,0,Graduate,Yes,7453,1265.0,121.0,60.0,1.0,Urban,Y
LP107787,Female,Yes,3+,Not Graduate,,2772,2438.0,101.0,60.0,0.0,Urban,N
LP107788,Male,Yes,2,Not Graduate,No,8429,334.0,248.0,360.0,1.0,Semiurban,Y
LP107789,Male,No,2,Graduate,No,3976,0.0,163.0,36.0,,Urban,Y
LP107790,Female,Yes,,Not Graduate,No,3425,3433.0,111.0,360.0,1.0,Semiurban,Y
LP107791,Female,Yes,0,Graduate,No,3346,789.0,61.0,360.0,1.0,Rural,Y
LP107792,Male,No,0,Not Graduate,No,4977,0.0,371.0,300.0,1.0,Urban,Y
LP107793,Male,No,2,Graduate,No,6920,0.0,68.0,360.0,0.0,Urban,N
LP107794,Male,No,3+,Graduate,,1500,0.0,159.0,360.0,1.0,Semiurban,Y
LP107795,Male,Yes,1,Graduate,No,3170,953.0,401.0,120.0,1.0,Semiurban,N
LP107796,Female,Yes,0,Not Graduate,No,3727,772.0,109.0,360.0,0.0,Rural,N
LP107797,Female,Yes,2,Graduate,No,9152,3361.0,130.0,240.0,1.0,Semiurban,Y
LP107798,Male,Yes,0,Graduate,Yes,2921,2655.0,224.0,120.0,1.0,Rural,Y
LP107799,Female,Yes,1,Graduate,No,4029,785.0,65.0,480.0,1.0,Urban,Y
LP107800,Male,Yes,0,Not Graduate,Yes,7988,5085.0,49.0,360.0,0.0,Urban,Y
LP107801,Male,No,3+,Graduate,No,5032,0.0,108.0,120.0,1.0,Rural,Y
LP107802,Male,Yes,1,Graduate,No,12331,1472.0,140.0,360.0,1.0,Rural,Y
LP107803,Male,Yes,3+,Graduate,No,4491,2354.0,139.0,360.0,1.0,Semiurban,Y
LP107804,Male,Yes,0,Graduate,No,15211,848.0,314.0,84.0,1.0,Semiurban,Y
LP107805,Male,No,1,Graduate,No,16942,0.0,76.0,84.0,1.0,Urban,Y
LP107806,Male,Yes,,Graduate,No,6469,1944.0,123.0,180.0,1.0,Urban,Y
LP107807,Male,Yes,0,Graduate,No,6316,607.0,331.0,360.0,1.0,Urban,Y
LP107808,Female,Yes,1,Graduate,Yes,6873,1507.0,113.0,360.0,1.0,Urban,Y
LP107809,Male,Yes,1,Graduate,No,8022,2511.0,442.0,360.0,1.0,Semiurban,Y
LP107810,Male,Yes,2,Graduate,No,5293,381.0,116.0,360.0,1.0,Urban,Y
LP107811,Female,Yes,0,Not Graduate,Yes,9909,2133.0,88.0,300.0,1.0,Urban,Y
LP107812,Female,Yes,1,Graduate,No,6635,3502.0,131.0,60.0,1.0,Rural,Y
LP107813,Female,No,2,Graduate,No,11289,0.0,156.0,360.0,1.0,Semiurban,Y
LP107814,Male,Yes,1,Graduate,No,2055,3179.0,104.0,360.0,1.0,Urban,Y
LP107815,Male,No,0,Graduate,Yes,5595,0.0,170.0,180.0,1.0,Semiurban,Y
LP107816,Male,Yes,2,Not Graduate,Yes,9038,1474.0,122.0,,1.0,Rural,Y
LP107817,,Yes,1,Graduate,No,2477,3269.0,287.0,360.0,0.0,Urban,N
LP107818,Female,Yes,0,Graduate,Yes,6363,809.0,182.0,360.0,1.0,Rural,Y
LP107819,Male,Yes,2,Not Graduate,No,7081,3775.0,135.0,360.0,1.0,Urban,Y
LP107820,Male,Yes,3+,Not Graduate,No,13859,2719.0,111.0,84.0,1.0,Semiurban,Y
LP107821,Male,Yes,0,Not Graduate,No,4008,2152.0,217.0,180.0,1.0,Urban,Y
LP107822,Male,No,1,Not Graduate,No,5578,0.0,136.0,360.0,0.0,Semiurban,N
LP107823,Female,No,2,Graduate,No,3521,0.0,102.0,300.0,,Semiurban,Y
LP107824,Male,No,0,Not Graduate,No,4516,0.0,87.0,84.0,1.0,Semiurban,Y
LP107825,Male,Yes,0,Not Graduate,No,12986,830.0,204.0,240.0,1.0,Semiurban,Y
LP107826,Male,Yes,1,Graduate,No,4829,1606.0,101.0,180.0,0.0,Rural,N
LP107827,Male,Yes,2,Not Graduate,No,3211,1740.0,112.0,360.0,,Urban,Y
LP107828,Male,No,0,Graduate,Yes,4404,0.0,187.0,84.0,1.0,Semiurban,Y
LP107829,Male,Yes,2,Not Graduate,No,3599,1655.0,255.0,360.0,1.0,Urban,Y
LP107830,Male,Yes,2,Graduate,Yes,3771,1720.0,191.0,36.0,1.0,Semiurban,Y
LP107831,Female,No,0,Graduate,No,3556,0.0,224.0,360.0,0.0,Semiurban,N
LP107832,Female,Yes,1,Graduate,No,3641,2396.0,205.0,60.0,1.0,Urban,Y
LP107833,Female,Yes,3+,Graduate,No,2411,2897.0,134.0,84.0,1.0,Urban,Y
LP107834,Female,Yes,0,Graduate,No,5123,1063.0,170.0,300.0,,Rural,Y
LP107835,Male,Yes,1,Graduate,No,2732,2037.0,401.0,12.0,1.0,Urban,Y
LP107836,Male,No,2,Not Graduate,No,9748,0.0,119.0,480.0,0.0,Urban,N
LP107837,Male,Yes,0,Not Graduate,No,4075,805.0,69.0,180.0,1.0,Semiurban,Y
LP107838,Female,No,0,Graduate,No,6280,0.0,29.0,12.0,1.0,Urban,Y
LP107839,Female,Yes,0,Not Graduate,Yes,6287,851.0,428.0,360.0,1.0,Urban,Y
LP107840,Female,Yes,0,Graduate,No,1632,2755.0,440.0,60.0,1.0,Semiurban,Y
LP107841,Male,No,0,Not Graduate,Yes,4188,0.0,74.0,360.0,1.0,Urban,N
LP107842,Female,Yes,2,Graduate,No,13781,671.0,290.0,360.0,1.0,Rural,Y
LP107843,Male,Yes,3+,Not Graduate,No,3085,4991.0,249.0,84.0,1.0,Rural,Y
LP107844,Male,Yes,0,Not Graduate,No,19204,703.0,197.0,84.0,1.0,Semiurban,Y
LP107845,Male,Yes,1,Graduate,Yes,6812,1577.0,181.0,360.0,1.0,Urban,Y
LP107846,Male,No,0,Graduate,No,6702,0.0,85.0,360.0,,Semiurban,Y
LP107847,Male,No,0,Not Graduate,No,5673,0.0,145.0,240.0,1.0,Urban,Y
LP107848,Male,No,0,Not Graduate,No,9206,0.0,165.0,360.0,0.0,Semiurban,N
LP107849,Male,No,1,Graduate,No,9517,0.0,140.0,120.0,1.0,Urban,Y
LP107850,Male,Yes,3+,Graduate,No,4860,2825.0,129.0,360.0,1.0,Semiurban,Y
LP107851,Female,Yes,1,Not Graduate,Yes,3796,1829.0,293.0,240.0,1.0,Urban,Y
LP107852,Female,,1,Not Graduate,No,2090,0.0,247.0,240.0,1.0,Semiurban,Y
LP107853,Male,No,0,Graduate,No,8008,0.0,226.0,300.0,0.0,Urban,N
LP107854,Female,Yes,0,Not Graduate,Yes,5112,695.0,234.0,180.0,1.0,Semiurban,Y
LP107855,Female,Yes,3+,Graduate,No,2962,2460.0,154.0,180.0,0.0,Urban,N
LP107856,Male,Yes,0,Not Graduate,No,3469,2025.0,270.0,300.0,1.0,Rural,Y
LP107857,Male,Yes,3+,Not Graduate,No,4717,3848.0,65.0,300.0,0.0,Semiurban,N
LP107858,Male,Yes,0,Graduate,No,2727,7499.0,140.0,360.0,1.0,Urban,Y
LP107859,Male,Yes,2,Graduate,No,5060,7315.0,205.0,360.0,1.0,Urban,Y
LP107860,Female,Yes,3+,Graduate,No,1859,3526.0,186.0,240.0,1.0,Urban,Y
LP107861,Female,No,0,Graduate,No,3570,0.0,168.0,360.0,1.0,Semiurban,Y
LP107862,Male,No,1,Not Graduate,No,2447,0.0,234.0,84.0,0.0,Urban,N
LP107863,Female,No,2,Not Graduate,No,5542,0.0,318.0,120.0,0.0,Semiurban,N
LP107864,Female,Yes,0,Graduate,No,2733,645.0,70.0,300.0,1.0,Urban,Y
LP107865,Female,Yes,2,Not Graduate,No,3514,1499.0,160.0,300.0,0.0,Semiurban,N
LP107866,Male,Yes,0,Graduate,Yes,19070,1001.0,87.0,300.0,1.0,Semiurban,Y
LP107867,Female,Yes,0,Not Graduate,No,8258,705.0,255.0,360.0,1.0,Rural,Y
LP107868,Male,Yes,0,Not Graduate,No,7047,2204.0,207.0,120.0,0.0,Rural,Y
LP107869,Male,No,3+,Not Graduate,Yes,10705,0.0,75.0,360.0,1.0,Rural,Y
LP107870,,Yes,0,Graduate,No,6684,2922.0,133.0,360.0,0.0,Urban,Y
LP107871,Male,No,0,Graduate,No,2116,0.0,54.0,300.0,1.0,Semiurban,Y
LP107872,Female,No,1,Graduate,No,2230,0.0,237.0,360.0,1.0,Semiurban,Y
LP107873,Male,No,0,Graduate,No,1500,0.0,97.0,360.0,1.0,Semiurban,Y
LP107874,Male,No,1,Graduate,No,5547,0.0,68.0,360.0,1.0,Rural,Y
LP107875,Male,Yes,0,Not Graduate,Yes,2601,1200.0,109.0,240.0,1.0,Urban,Y
LP107876,Female,No,2,Graduate,No,3490,0.0,190.0,360.0,0.0,Semiurban,N
LP107877,Male,Yes,2,Graduate,No,4056,2512.0,159.0,360.0,1.0,Semiurban,Y
LP107878,,No,1,Graduate,No,3411,0.0,100.0,180.0,1.0,Urban,Y
LP107879,Male,Yes,0,Graduate,Yes,4814,1935.0,126.0,360.0,1.0,Rural,Y
LP107880,Male,Yes,1,Not Graduate,Yes,4147,1183.0,112.0,480.0,1.0,Urban,N
LP107881,Male,Yes,2,Graduate,No,3906,1056.0,76.0,360.0,1.0,Semiurban,Y
LP107882,Male,Yes,0,Graduate,No,1941,1480.0,43.0,180.0,1.0,Rural,Y
LP107883,Male,Yes,0,Graduate,No,5681,3306.0,133.0,84.0,0.0,Semiurban,Y
LP107884,Male,Yes,,Graduate,No,18133,2082.0,190.0,300.0,1.0,Rural,Y
LP107885,Female,No,2,Graduate,,5800,0.0,133.0,84.0,0.0,Urban,N
LP107886,Male,Yes,3+,Not Graduate,No,19176,3318.0,459.0,300.0,1.0,Semiurban,Y
LP107887,Male,Yes,0,Not Graduate,No,3494,2977.0,93.0,240.0,1.0,Semiurban,Y
LP107888,Male,Yes,0,Graduate,No,4223,1567.0,130.0,300.0,1.0,Semiurban,Y
LP107889,Female,Yes,0,Graduate,No,4856,2822.0,179.0,180.0,1.0,Urban,Y
LP107890,Male,Yes,0,Not Graduate,No,4438,1580.0,174.0,360.0,1.0,Semiurban,Y
LP107891,Male,No,1,Graduate,No,9886,0.0,115.0,240.0,1.0,Urban,Y
LP107892,Female,Yes,3+,Graduate,No,1500,4160.0,129.0,84.0,1.0,Urban,Y
LP107893,Male,Yes,0,Graduate,No,3741,2742.0,,360.0,1.0,Semiurban,Y
LP107894,Male,Yes,2,Not Graduate,No,13333,667.0,202.0,360.0,1.0,Semiurban,Y
LP107895,Male,Yes,1,Not Graduate,No,3648,1215.0,88.0,240.0,1.0,Rural,N
LP107896,Male,Yes,2,Graduate,No,8579,3035.0,31.0,360.0,0.0,Semiurban,Y
LP107897,Male,No,1,Graduate,No,7061,0.0,109.0,300.0,1.0,Semiurban,Y
LP107898,Male,Yes,0,Not Graduate,No,4705,2342.0,369.0,120.0,1.0,Urban,Y
LP107899,Male,Yes,3+,Not Graduate,No,5942,2239.0,217.0,360.0,1.0,Urban,Y
LP107900,Male,Yes,0,Not Graduate,No,4669,16024.0,52.0,360.0,1.0,Semiurban,Y
LP107901,Male,Yes,1,Not Graduate,No,1500,2555.0,201.0,180.0,1.0,Urban,Y
LP107902,Female,No,3+,Not Graduate,No,6476,0.0,152.0,360.0,1.0,Semiurban,Y
LP107903,Female,Yes,0,Graduate,No,3395,4586.0,107.0,360.0,,Urban,Y
LP107904,Female,Yes,1,Graduate,No,2151,1372.0,70.0,360.0,1.0,Urban,Y
LP107905,Male,No,2,Graduate,No,6199,0.0,82.0,120.0,1.0,Semiurban,Y
LP107906,Male,Yes,,Graduate,No,5958,1941.0,95.0,120.0,0.0,Rural,N
LP107907,Male,No,2,Graduate,No,8855,0.0,403.0,360.0,1.0,Urban,Y
LP107908,Male,Yes,0,Not Graduate,Yes,4201,863.0,197.0,360.0,1.0,Urban,Y
LP107909,Female,Yes,2,Graduate,No,8227,3522.0,87.0,84.0,1.0,Rural,Y
LP107910,Male,No,2,Not Graduate,No,4977,0.0,97.0,300.0,0.0,Semiurban,N
LP107911,Male,No,2,Graduate,No,6046,0.0,131.0,360.0,1.0,Rural,Y
LP107912,Male,Yes,3+,Not Graduate,Yes,6352,538.0,103.0,120.0,0.0,Urban,N
LP107913,Male,No,0,Graduate,No,2211,0.0,135.0,360.0,1.0,Semiurban,Y
LP107914,Male,Yes,0,Not Graduate,No,6162,356.0,123.0,360.0,1.0,Urban,Y
LP107915,Male,Yes,2,Graduate,No,5230,19377.0,142.0,360.0,1.0,Urban,Y
LP107916,Male,Yes,3+,Graduate,No,4176,677.0,40.0,360.0,1.0,Urban,Y
LP107917,Female,Yes,1,Graduate,No,5263,3321.0,,120.0,0.0,Urban,Y
LP107918,Male,No,3+,Graduate,No,22691,0.0,95.0,180.0,1.0,Rural,Y
LP107919,Female,Yes,3+,Graduate,Yes,1553,875.0,231.0,360.0,1.0,Semiurban,Y
LP107920,Female,Yes,3+,Graduate,No,4541,3355.0,501.0,300.0,1.0,Semiurban,Y
LP107921,Male,No,3+,Graduate,No,7999,0.0,56.0,120.0,1.0,Rural,Y
LP107922,Female,Yes,3+,Not Graduate,No,2327,943.0,142.0,180.0,1.0,Urban,Y
LP107923,Male,Yes,2,Not Graduate,No,6140,518.0,104.0,360.0,1.0,Urban,Y
LP107924,Female,Yes,2,Not Graduate,,5892,3089.0,170.0,36.0,1.0,Urban,Y
LP107925,Male,Yes,0,Graduate,No,1894,377.0,37.0,120.0,1.0,Rural,Y
LP107926,Male,No,0,Graduate,No,3461,0.0,108.0,120.0,0.0,Semiurban,N
LP107927,Male,Yes,0,Not Graduate,Yes,14329,1637.0,82.0,360.0,1.0,Semiurban,Y
LP107928,Male,Yes,0,Graduate,No,1892,7291.0,356.0,360.0,1.0,Rural,Y
LP107929,Female,No,0,Graduate,,3776,0.0,409.0,120.0,1.0,Urban,N
LP107930,Male,Yes,3+,Not Graduate,No,4451,3563.0,113.0,360.0,1.0,Urban,Y
LP107931,Female,Yes,2,Graduate,No,4927,2721.0,67.0,240.0,1.0,Semiurban,Y
LP107932,Male,No,0,Graduate,No,3836,0.0,81.0,60.0,1.0,Rural,Y
LP107933,Female,Yes,2,Not Graduate,No,5163,4411.0,137.0,120.0,1.0,Urban,Y
LP107934,Male,Yes,1,Not Graduate,No,4810,2450.0,57.0,12.0,0.0,Urban,N
LP107935,Male,Yes,0,Not Graduate,No,7526,3710.0,183.0,480.0,1.0,Semiurban,Y
LP107936,Male,Yes,3+,Graduate,No,8157,860.0,119.0,360.0,1.0,Urban,Y
LP107937,Female,Yes,0,Not Graduate,No,6397,2758.0,166.0,84.0,1.0,Semiurban,Y
LP107938,Male,Yes,2,Not Graduate,No,5664,3433.0,170.0,360.0,0.0,Semiurban,N
LP107939,Male,No,0,Not Graduate,,1923,0.0,307.0,360.0,1.0,Semiurban,Y
LP107940,Male,Yes,1,Not Graduate,No,5268,1704.0,196.0,120.0,1.0,Rural,Y
LP107941,Female,Yes,2,Graduate,No,9589,450.0,,300.0,0.0,Semiurban,Y
LP107942,Male,No,0,Graduate,Yes,1869,0.0,155.0,360.0,1.0,Urban,Y
LP107943,Male,Yes,3+,Not Graduate,No,2229,1723.0,40.0,240.0,1.0,Semiurban,N
LP107944,Male,No,0,Not Graduate,No,12029,0.0,149.0,360.0,1.0,Urban,Y
LP107945,Female,Yes,1,Graduate,No,2000,8119.0,193.0,84.0,1.0,Rural,Y
LP107946,Female,Yes,3+,Not Graduate,No,4620,1416.0,124.0,84.0,1.0,Semiurban,N
LP107947,Male,No,3+,Graduate,No,3529,0.0,364.0,360.0,1.0,Semiurban,Y
LP107948,Male,Yes,0,Graduate,No,11603,3796.0,55.0,180.0,1.0,Rural,Y
LP107949,Male,No,0,Graduate,Yes,5894,0.0,86.0,84.0,1.0,Semiurban,Y
LP107950,Male,Yes,2,Graduate,No,7901,1309.0,91.0,240.0,1.0,Rural,Y
LP107951,Male,Yes,0,Graduate,No,5081,993.0,135.0,120.0,1.0,Urban,Y
LP107952,Female,Yes,1,Not Graduate,No,16270,1687.0,91.0,300.0,1.0,Urban,Y
LP107953,Male,Yes,2,Graduate,Yes,3145,5433.0,63.0,360.0,1.0,Semiurban,Y
LP107954,Female,No,1,Graduate,No,6039,0.0,108.0,360.0,0.0,Urban,N
LP107955,Male,No,0,Not Graduate,No,10448,0.0,246.0,180.0,1.0,Semiurban,Y
LP107956,Female,No,1,Graduate,Yes,11971,0.0,211.0,360.0,1.0,Semiurban,Y
LP107957,Male,Yes,3+,Not Graduate,No,4184,1721.0,88.0,360.0,1.0,Semiurban,N
LP107958,Male,Yes,2,Not Graduate,Yes,1500,2282.0,107.0,12.0,1.0,Rural,N
LP107959,Male,No,2,Graduate,No,3903,0.0,84.0,360.0,1.0,Semiurban,Y
LP107960,Male,Yes,0,Not Graduate,No,13990,2052.0,62.0,300.0,1.0,Rural,Y
LP107961,Male,No,0,Not Graduate,Yes,3108,0.0,173.0,240.0,1.0,Semiurban,Y
LP107962,Female,Yes,0,Not Graduate,No,5853,887.0,62.0,120.0,1.0,Semiurban,Y
LP107963,Female,Yes,1,Graduate,,4087,6490.0,199.0,84.0,1.0,Semiurban,Y
LP107964,Male,No,0,Graduate,Yes,4706,0.0,399.0,360.0,1.0,Rural,Y
LP107965,Male,No,,Graduate,No,10799,0.0,168.0,36.0,1.0,Urban,Y
LP107966,Male,No,2,Not Graduate,No,5725,0.0,195.0,300.0,,Semiurban,N
LP107967,Male,Yes,2,Not Graduate,Yes,16733,2909.0,191.0,120.0,0.0,Urban,N
LP107968,Male,Yes,0,Not Graduate,Yes,8828,1537.0,100.0,120.0,1.0,Urban,Y
LP107969,Female,Yes,2,Graduate,No,5317,3052.0,167.0,240.0,1.0,Rural,Y
LP107970,Female,Yes,2,Graduate,No,4644,2456.0,161.0,180.0,1.0,Urban,Y
LP107971,Female,Yes,0,Graduate,No,5997,1323.0,92.0,300.0,1.0,Semiurban,Y
LP107972,Male,No,0,Graduate,No,2345,0.0,29.0,300.0,1.0,Semiurban,Y
LP107973,Female,Yes,2,Not Graduate,No,2605,904.0,71.0,300.0,1.0,Rural,Y
LP107974,Female,Yes,1,Graduate,No,7740,688.0,76.0,84.0,1.0,Semiurban,Y
LP107975,Male,Yes,0,Graduate,No,8533,684.0,181.0,120.0,1.0,Urban,Y
LP107976,Male,No,0,Not Graduate,No,2222,0.0,55.0,240.0,1.0,Semiurban,Y
LP107977,Female,Yes,0,Graduate,No,8231,9133.0,412.0,60.0,1.0,Urban,Y
LP107978,Male,No,3+,Not Graduate,No,4422,0.0,356.0,360.0,1.0,Semiurban,N
LP107979,Male,No,2,Graduate,Yes,2984,0.0,252.0,84.0,1.0,Semiurban,Y
LP107980,Male,No,1,Not Graduate,No,4069,0.0,98.0,180.0,0.0,Urban,N
LP107981,Male,No,3+,Graduate,No,8374,0.0,38.0,360.0,1.0,Rural,Y
LP107982,Male,No,2,Graduate,No,7081,0.0,221.0,360.0,1.0,Urban,Y
LP107983,Female,Yes,2,Not Graduate,No,5874,1741.0,85.0,84.0,1.0,Urban,Y
LP107984,Female,Yes,0,Not Graduate,No,6167,5187.0,215.0,240.0,0.0,Urban,N
LP107985,Male,Yes,1,Graduate,No,2478,2853.0,192.0,180.0,0.0,Urban,N
LP107986,Male,Yes,0,Not Graduate,Yes,6823,3646.0,103.0,300.0,1.0,Semiurban,Y
LP107987,Male,No,1,Not Graduate,No,3735,0.0,64.0,240.0,,Urban,N
LP107988,Male,Yes,0,Graduate,No,16526,696.0,150.0,300.0,1.0,Rural,Y
LP107989,Male,No,0,Not Graduate,No,3912,0.0,52.0,36.0,,Rural,N
LP107990,Male,Yes,0,Graduate,,18689,3023.0,158.0,360.0,1.0,Semiurban,Y
LP107991,Male,Yes,1,Graduate,Yes,4461,1375.0,178.0,36.0,,Semiurban,Y
LP107992,Male,No,2,Graduate,Yes,4642,0.0,90.0,300.0,1.0,Rural,Y
LP107993,Male,Yes,1,Graduate,No,4119,1399.0,54.0,360.0,1.0,Semiurban,Y
LP107994,Male,No,2,Graduate,No,2310,0.0,356.0,84.0,1.0,Urban,Y
LP107995,Male,No,2,Graduate,No,10892,0.0,97.0,360.0,0.0,Rural,N
LP107996,Female,Yes,1,Graduate,Yes,5209,10061.0,118.0,120.0,1.0,Urban,Y
LP107997,Male,Yes,0,Graduate,No,7159,4290.0,258.0,,1.0,Semiurban,Y
LP107998,Female,Yes,3+,Graduate,No,12952,1845.0,95.0,36.0,1.0,Semiurban,Y
LP107999,Male,No,0,Graduate,Yes,4542,0.0,85.0,240.0,1.0,Semiurban,Y
LP108000,Male,Yes,,Graduate,No,4648,2797.0,448.0,360.0,1.0,Urban,Y
LP108001,Female,Yes,2,Not Graduate,No,5361,1351.0,86.0,360.0,1.0,Urban,Y
LP108002,Male,No,1,Graduate,No,2276,0.0,278.0,300.0,1.0,Rural,Y
LP108003,Male,Yes,0,Graduate,No,1640,10919.0,147.0,360.0,1.0,Rural,Y
LP108004,Male,No,1,Graduate,No,1993,0.0,145.0,360.0,1.0,Semiurban,Y
LP108005,Male,No,3+,Not Graduate,No,10350,0.0,99.0,360.0,0.0,Semiurban,N
LP108006,Female,No,2,Graduate,No,4041,0.0,119.0,180.0,1.0,Semiurban,Y
LP108007,Male,No,3+,Graduate,No,7868,0.0,392.0,360.0,1.0,Semiurban,Y
LP108008,Male,Yes,0,Not Graduate,Yes,4208,2402.0,224.0,240.0,1.0,Urban,Y
LP108009,Male,No,1,Graduate,No,1907,0.0,59.0,120.0,1.0,Semiurban,Y
LP108010,Male,Yes,0,Graduate,No,8263,1812.0,74.0,300.0,0.0,Rural,N
LP108011,Female,Yes,3+,Not Graduate,No,2883,753.0,168.0,60.0,1.0,Rural,N
LP108012,Female,Yes,0,Graduate,Yes,6959,4146.0,,120.0,1.0,Semiurban,Y
LP108013,Male,No,1,Graduate,No,8553,0.0,212.0,360.0,1.0,Urban,Y
LP108014,Male,No,3+,Graduate,No,4785,0.0,128.0,240.0,1.0,Rural,N
LP108015,Female,No,,Graduate,No,6531,0.0,80.0,300.0,1.0,Semiurban,Y
LP108016,Male,Yes,1,Graduate,No,2092,2243.0,82.0,300.0,0.0,Semiurban,N
LP108017,Male,No,0,Graduate,No,28424,0.0,33.0,300.0,1.0,Urban,Y
LP108018,Male,No,1,Graduate,Yes,6400,0.0,357.0,120.0,1.0,Semiurban,Y
LP108019,Male,No,3+,Graduate,No,7853,0.0,27.0,360.0,1.0,Urban,Y
LP108020,Female,Yes,1,Not Graduate,No,8608,2299.0,116.0,360.0,1.0,Semiurban,Y
LP108021,Female,Yes,0,Not Graduate,Yes,4521,4592.0,46.0,360.0,1.0,Semiurban,Y
LP108022,Male,Yes,0,Graduate,No,5149,1060.0,94.0,360.0,1.0,Semiurban,Y
LP108023,Male,Yes,0,Graduate,No,9423,8486.0,189.0,360.0,1.0,Semiurban,Y
LP108024,Male,Yes,1,Graduate,No,3941,869.0,34.0,84.0,1.0,Semiurban,Y
LP108025,Male,Yes,0,Graduate,No,6214,3061.0,165.0,240.0,1.0,Urban,Y
LP108026,Male,Yes,2,Not Graduate,No,6507,1052.0,226.0,240.0,1.0,Semiurban,Y
LP108027,Female,Yes,1,Not Graduate,Yes,3163,1245.0,104.0,360.0,1.0,Urban,N
LP108028,Male,Yes,2,Graduate,No,6414,3491.0,694.0,360.0,1.0,Semiurban,Y
LP108029,Male,No,0,Graduate,No,1778,0.0,34.0,300.0,1.0,Semiurban,Y
LP108030,Male,Yes,2,Not Graduate,No,8525,536.0,48.0,240.0,1.0,Semiurban,Y
LP108031,Male,Yes,1,Not Graduate,,12605,954.0,111.0,360.0,1.0,Semiurban,Y
LP108032,Male,Yes,1,Graduate,No,8462,3220.0,113.0,300.0,1.0,Semiurban,Y
LP108033,Female,Yes,3+,Graduate,No,12068,2484.0,143.0,360.0,1.0,Urban,Y
LP108034,Male,No,0,Graduate,No,3110,0.0,234.0,360.0,,Semiurban,Y
LP108035,Female,Yes,1,Not Graduate,No,4294,1116.0,63.0,240.0,1.0,Urban,Y
LP108036,Male,Yes,0,Graduate,No,5298,774.0,59.0,180.0,1.0,Semiurban,Y
LP108037,Male,No,1,Not Graduate,No,5309,0.0,88.0,240.0,1.0,Semiurban,Y
LP108038,Male,Yes,1,Graduate,No,3780,991.0,249.0,60.0,0.0,Urban,N
LP108039,Male,Yes,0,Not Graduate,No,2841,1741.0,218.0,240.0,1.0,Semiurban,Y
LP108040,Male,Yes,2,Graduate,Yes,13851,701.0,128.0,300.0,1.0,Rural,Y
LP108041,Male,Yes,2,Graduate,No,2981,4240.0,98.0,120.0,1.0,Semiurban,Y
LP108042,Female,No,2,Graduate,Yes,13277,0.0,122.0,120.0,0.0,Semiurban,Y
LP108043,Female,Yes,0,Graduate,No,6614,905.0,166.0,180.0,1.0,Rural,Y
LP108044,Male,No,0,Graduate,No,5551,0.0,142.0,84.0,1.0,Semiurban,Y
LP108045,Male,No,2,Graduate,No,6807,0.0,57.0,300.0,0.0,Semiurban,N
LP108046,Male,Yes,0,Graduate,No,12259,1604.0,55.0,360.0,1.0,Urban,Y
LP108047,Male,Yes,2,Graduate,No,1500,927.0,114.0,300.0,0.0,Urban,N
LP108048,Male,Yes,0,Graduate,No,6096,10035.0,207.0,180.0,,Urban,Y
LP108049,Female,Yes,0,Graduate,Yes,5374,506.0,71.0,360.0,1.0,Urban,Y
LP108050,Male,Yes,2,Graduate,No,5494,654.0,171.0,84.0,1.0,Semiurban,Y
LP108051,Male,Yes,2,Graduate,,8641,1494.0,45.0,12.0,1.0,Urban,Y
LP108052,Male,Yes,2,Graduate,Yes,3407,1948.0,140.0,84.0,1.0,Rural,Y
LP108053,Male,No,3+,Graduate,No,2463,0.0,84.0,360.0,1.0,Rural,Y
LP108054,Male,Yes,2,Graduate,No,2141,3767.0,38.0,360.0,1.0,Rural,Y
LP108055,Male,No,1,Graduate,,2851,0.0,96.0,360.0,1.0,Rural,N
LP108056,Male,No,3+,Graduate,No,7423,0.0,62.0,240.0,1.0,Rural,Y
LP108057,Male,Yes,2,Not Graduate,No,6653,4228.0,113.0,360.0,1.0,Urban,Y
LP108058,Male,Yes,2,Graduate,No,8349,2988.0,172.0,360.0,0.0,Semiurban,Y
LP108059,Female,Yes,1,Graduate,Yes,3729,5483.0,176.0,360.0,1.0,Urban,Y
LP108060,,Yes,3+,Not Graduate,No,3830,1883.0,41.0,360.0,1.0,Semiurban,Y
LP108061,Male,Yes,0,Graduate,No,13256,4324.0,189.0,360.0,1.0,Rural,Y
LP108062,Female,Yes,0,Graduate,No,9062,204.0,172.0,360.0,1.0,Semiurban,Y
LP108063,Male,Yes,0,Graduate,No,7718,1225.0,104.0,360.0,1.0,Urban,Y
LP108064,Male,No,0,Not Graduate,Yes,1644,0.0,62.0,360.0,1.0,Semiurban,N
LP108065,Male,Yes,0,Not Graduate,No,15908,3170.0,105.0,120.0,1.0,Urban,Y
LP108066,Male,Yes,2,Not Graduate,No,4650,1000.0,353.0,120.0,0.0,Semiurban,N
LP108067,Male,Yes,2,Not Graduate,Yes,5452,3946.0,192.0,240.0,1.0,Semiurban,Y
LP108068,Female,Yes,0,Not Graduate,Yes,6428,3394.0,240.0,360.0,0.0,Rural,N
LP108069,Female,Yes,2,Not Graduate,No,5424,1112.0,74.0,120.0,1.0,Rural,Y
LP108070,Male,No,1,Graduate,No,4432,0.0,97.0,120.0,1.0,Urban,Y
LP108071,Male,Yes,1,Graduate,Yes,5361,1522.0,61.0,60.0,0.0,Rural,N
LP108072,Male,Yes,1,Not Graduate,Yes,7200,1984.0,90.0,120.0,1.0,Rural,Y
LP108073,,Yes,3+,Not Graduate,No,8178,3293.0,303.0,180.0,1.0,Semiurban,Y
LP108074,Male,Yes,0,Graduate,No,10217,1393.0,102.0,300.0,1.0,Rural,Y
LP108075,Male,Yes,0,Graduate,Yes,2543,480.0,88.0,240.0,0.0,Urban,N
LP108076,Female,Yes,0,Not Graduate,No,3542,2911.0,154.0,84.0,1.0,Rural,Y
LP108077,Male,Yes,2,Graduate,No,8199,4264.0,95.0,120.0,1.0,Semiurban,Y
LP108078,Male,Yes,2,Graduate,Yes,1915,464.0,141.0,300.0,1.0,Rural,Y
LP108079,Male,Yes,0,Graduate,No,5415,1755.0,95.0,84.0,0.0,Semiurban,N
LP108080,Female,Yes,0,Graduate,No,3066,858.0,150.0,360.0,1.0,Rural,Y
LP108081,Female,Yes,2,Graduate,No,6841,4453.0,106.0,84.0,1.0,Semiurban,Y
LP108082,Male,No,2,Not Graduate,No,2960,0.0,68.0,120.0,1.0,Urban,N
LP108083,Male,Yes,1,Graduate,No,3961,946.0,252.0,360.0,0.0,Rural,N
LP108084,Female,No,2,Not Graduate,No,4128,0.0,399.0,300.0,1.0,Semiurban,N
LP108085,Male,Yes,3+,Not Graduate,No,5697,2198.0,181.0,480.0,1.0,Rural,Y
LP108086,Female,Yes,0,Not Graduate,No,8734,744.0,54.0,120.0,1.0,Semiurban,Y
LP108087,Male,Yes,1,Not Graduate,Yes,9128,3591.0,117.0,60.0,1.0,Rural,Y
LP108088,Male,Yes,0,Graduate,No,5557,1627.0,155.0,60.0,1.0,Semiurban,Y
LP108089,Male,Yes,2,Graduate,Yes,2525,6531.0,48.0,360.0,1.0,Urban,Y
LP108090,Female,Yes,1,Not Graduate,No,23104,6767.0,97.0,360.0,1.0,Semiurban,Y
LP108091,Male,No,0,Graduate,Yes,4669,0.0,57.0,240.0,1.0,Urban,Y
LP108092,Female,No,2,Graduate,No,5791,0.0,,240.0,1.0,Rural,Y
LP108093,Male,Yes,2,Graduate,Yes,5683,848.0,164.0,360.0,1.0,Urban,Y
LP108094,Male,Yes,0,Not Graduate,No,6077,551.0,,360.0,1.0,Semiurban,Y
LP108095,Male,No,0,Not Graduate,No,2956,0.0,69.0,240.0,1.0,Semiurban,Y
LP108096,Male,No,0,Not Graduate,No,6394,0.0,128.0,360.0,0.0,Semiurban,N
LP108097,Male,Yes,2,Not Graduate,No,14660,2229.0,108.0,240.0,,Semiurban,Y
LP108098,Male,No,2,Not Graduate,Yes,1500,0.0,228.0,300.0,1.0,Rural,N
LP108099,Female,Yes,1,Graduate,No,5010,955.0,38.0,360.0,1.0,Urban,Y
LP108100,Male,Yes,1,Graduate,No,2507,1932.0,86.0,84.0,1.0,Semiurban,Y
LP108101,Female,Yes,2,Not Graduate,Yes,8895,1107.0,,240.0,0.0,Urban,N
LP108102,Male,No,1,Graduate,Yes,9746,0.0,66.0,84.0,1.0,Semiurban,Y
LP108103,Female,No,,Not Graduate,,4552,0.0,70.0,36.0,,Urban,Y
LP108104,Male,No,1,Not Graduate,Yes,5097,0.0,98.0,360.0,1.0,Semiurban,Y
LP108105,Male,Yes,3+,Not Graduate,Yes,2896,1531.0,287.0,300.0,1.0,Urban,N
LP108106,Male,No,0,Not Graduate,No,1500,0.0,170.0,480.0,1.0,Rural,N
LP108107,Male,Yes,0,Graduate,Yes,4179,1822.0,70.0,360.0,1.0,Urban,Y
LP108108,Female,Yes,0,Graduate,No,4323,2207.0,127.0,480.0,1.0,Urban,Y
LP108109,Male,Yes,2,Graduate,Yes,5043,2397.0,108.0,360.0,0.0,Semiurban,Y
LP108110,Male,Yes,1,Graduate,No,1500,840.0,175.0,360.0,,Urban,N
LP108111,Female,Yes,0,Graduate,No,1745,1414.0,130.0,360.0,0.0,Urban,N
LP108112,Male,Yes,3+,Graduate,Yes,2018,1831.0,151.0,360.0,1.0,Rural,N
LP108113,Female,No,3+,Not Graduate,Yes,5166,0.0,110.0,360.0,1.0,Semiurban,Y
LP108114,Male,Yes,3+,Graduate,Yes,6982,621.0,296.0,480.0,1.0,Urban,Y
LP108115,Female,Yes,0,Graduate,No,2446,1376.0,130.0,360.0,1.0,Urban,Y
LP108116,Male,No,3+,Graduate,No,4165,0.0,92.0,300.0,1.0,Semiurban,Y
LP108117,Male,Yes,0,Graduate,No,3472,1124.0,253.0,360.0,1.0,Semiurban,Y
LP108118,Male,Yes,0,Graduate,No,16633,2403.0,191.0,300.0,0.0,Urban,Y
LP108119,Female,No,1,Graduate,Yes,3901,0.0,77.0,300.0,0.0,Urban,N
LP108120,Male,Yes,1,Not Graduate,No,3803,1251.0,12.0,360.0,1.0,Semiurban,Y
LP108121,Male,No,0,Graduate,No,3012,0.0,185.0,360.0,0.0,Rural,N
LP108122,Male,Yes,1,Graduate,No,1570,1419.0,103.0,360.0,1.0,Semiurban,Y
LP108123,Female,,2,Graduate,No,7243,0.0,137.0,360.0,1.0,Urban,Y
LP108124,Female,Yes,1,Graduate,No,4188,1226.0,272.0,240.0,1.0,Semiurban,Y
LP108125,Female,Yes,1,Not Graduate,No,3893,5909.0,75.0,300.0,1.0,Rural,Y
LP108126,Male,Yes,0,Not Graduate,No,5483,5500.0,68.0,180.0,0.0,Urban,N
LP108127,Male,Yes,3+,Not Graduate,,1907,4525.0,58.0,300.0,1.0,Semiurban,Y
LP108128,Male,No,,Graduate,No,14219,0.0,503.0,360.0,1.0,Rural,Y
LP108129,Female,No,1,Graduate,No,1648,0.0,274.0,360.0,1.0,Urban,Y
LP108130,Male,No,0,Graduate,No,14268,0.0,200.0,240.0,1.0,Rural,Y
LP108131,Male,Yes,3+,Graduate,No,4870,975.0,42.0,360.0,1.0,Semiurban,Y
LP108132,Female,No,0,Graduate,No,3898,0.0,57.0,180.0,0.0,Semiurban,N
LP108133,Male,Yes,1,Not Graduate,No,7351,11713.0,204.0,120.0,1.0,Rural,Y
LP108134,Male,Yes,1,Graduate,No,3992,3113.0,170.0,240.0,0.0,Urban,N
LP108135,Male,Yes,3+,Graduate,No,8596,6910.0,114.0,120.0,1.0,Semiurban,Y
LP108136,Male,Yes,0,Graduate,No,5912,2606.0,59.0,300.0,1.0,Rural,Y
LP108137,Female,No,2,Not Graduate,No,7537,0.0,252.0,240.0,1.0,Semiurban,Y
LP108138,Male,Yes,,Graduate,No,9173,1136.0,393.0,84.0,1.0,Urban,Y
LP108139,Male,Yes,3+,Graduate,Yes,4426,2952.0,174.0,360.0,0.0,Semiurban,N
LP108140,Male,No,1,Graduate,No,8767,0.0,85.0,360.0,1.0,Urban,Y
LP108141,Male,No,2,Graduate,No,6705,0.0,335.0,360.0,1.0,Semiurban,Y
LP108142,Male,No,1,Graduate,,10942,0.0,148.0,360.0,1.0,Semiurban,Y
LP108143,Male,Yes,0,Graduate,No,3942,2118.0,357.0,120.0,1.0,Semiurban,Y
LP108144,Male,Yes,0,Graduate,No,11152,1721.0,108.0,360.0,1.0,Semiurban,Y
LP108145,Male,Yes,2,Graduate,No,3090,1150.0,462.0,480.0,1.0,Urban,Y
LP108146,Male,Yes,3+,Graduate,No,1500,3659.0,102.0,360.0,1.0,Urban,Y
LP108147,Male,No,1,Not Graduate,Yes,2167,0.0,90.0,240.0,1.0,Rural,N
LP108148,Female,No,3+,Graduate,Yes,4027,0.0,220.0,360.0,1.0,Urban,Y
LP108149,Female,No,0,Graduate,No,5753,0.0,128.0,12.0,1.0,Urban,Y
LP108150,Female,Yes,3+,Graduate,No,4962,652.0,169.0,120.0,1.0,Rural,Y
LP108151,Male,No,1,Not Graduate,Yes,7879,0.0,72.0,240.0,1.0,Semiurban,Y
LP108152,Male,No,1,Graduate,No,2391,0.0,73.0,240.0,1.0,Semiurban,Y
LP108153,Male,Yes,1,Graduate,No,13830,3646.0,106.0,360.0,1.0,Urban,Y
LP108154,Male,Yes,2,Not Graduate,No,11016,5134.0,166.0,480.0,1.0,Urban,Y
LP108155,Male,No,2,Graduate,No,8613,0.0,84.0,300.0,0.0,Semiurban,N
LP108156,Male,Yes,1,Graduate,No,10499,2348.0,,240.0,1.0,Semiurban,Y
LP108157,Female,No,1,Graduate,Yes,1935,0.0,125.0,84.0,1.0,Rural,Y
LP108158,Male,Yes,0,Graduate,No,7475,4021.0,374.0,180.0,1.0,Semiurban,Y
LP108159,Male,No,0,Not Graduate,No,7663,0.0,71.0,84.0,1.0,Urban,Y
LP108160,Female,No,0,Graduate,No,8781,0.0,164.0,240.0,1.0,Urban,Y
LP108161,Male,Yes,1,Graduate,,8169,2724.0,176.0,360.0,1.0,Urban,Y
LP108162,Female,No,1,Not Graduate,Yes,6417,0.0,158.0,36.0,1.0,Urban,Y
LP108163,Female,Yes,2,Not Graduate,No,6264,817.0,130.0,360.0,1.0,Semiurban,Y
LP108164,Female,Yes,2,Graduate,No,10050,461.0,223.0,360.0,1.0,Urban,Y
LP108165,Male,Yes,0,Not Graduate,No,3381,2948.0,63.0,240.0,1.0,Urban,Y
LP108166,Female,Yes,2,Not Graduate,No,6124,920.0,159.0,300.0,1.0,Rural,Y
LP108167,Male,No,0,Not Graduate,No,3526,0.0,74.0,84.0,0.0,Semiurban,N
LP108168,Male,No,2,Graduate,No,4486,0.0,94.0,360.0,1.0,Urban,Y
LP108169,Male,Yes,0,Graduate,No,1500,1587.0,157.0,360.0,1.0,Urban,Y
LP108170,Male,Yes,2,Graduate,No,2915,857.0,237.0,240.0,,Rural,Y
LP108171,Male,Yes,1,Graduate,No,3782,1692.0,58.0,180.0,1.0,Rural,Y
LP108172,Male,No,1,Graduate,No,3812,0.0,361.0,300.0,1.0,Semiurban,Y
LP108173,Female,No,2,Graduate,Yes,4023,0.0,245.0,240.0,1.0,Semiurban,N
LP108174,Female,Yes,0,Graduate,No,2413,2144.0,137.0,360.0,1.0,Semiurban,Y
LP108175,Female,Yes,0,Graduate,No,4026,14089.0,70.0,360.0,1.0,Rural,Y
LP108176,Male,Yes,2,Graduate,No,9426,629.0,336.0,480.0,1.0,Urban,Y
LP108177,Female,Yes,2,Graduate,No,4108,1421.0,177.0,240.0,1.0,Rural,Y
LP108178,Male,No,1,Not Graduate,No,10709,0.0,177.0,60.0,1.0,Rural,Y
LP108179,Female,Yes,0,Not Graduate,No,10295,971.0,89.0,360.0,1.0,Urban,Y
LP108180,Female,No,1,Not Graduate,No,3455,0.0,150.0,12.0,0.0,Urban,N
LP108181,Male,No,2,Graduate,No,6916,0.0,92.0,300.0,1.0,Semiurban,Y
LP108182,Female,No,1,Not Graduate,No,2235,0.0,278.0,180.0,0.0,Urban,N
LP108183,Male,No,3+,Not Graduate,Yes,2611,0.0,282.0,240.0,1.0,Urban,N
LP108184,Male,No,1,Not Graduate,No,5255,0.0,122.0,120.0,1.0,Rural,Y
LP108185,Male,No,0,Not Graduate,Yes,6668,0.0,94.0,360.0,1.0,Semiurban,Y
LP108186,Male,Yes,0,Graduate,No,12939,3992.0,215.0,300.0,1.0,Semiurban,Y
LP108187,Female,Yes,,Graduate,No,4457,5667.0,198.0,240.0,1.0,Urban,Y
LP108188,Male,Yes,2,Not Graduate,No,5460,823.0,66.0,360.0,1.0,Semiurban,Y
LP108189,Male,No,0,Not Graduate,Yes,5211,0.0,112.0,60.0,1.0,Semiurban,Y
LP108190,Male,Yes,3+,Not Graduate,No,14416,1704.0,500.0,360.0,1.0,Urban,Y
LP108191,Female,Yes,0,Graduate,No,10997,9214.0,133.0,300.0,1.0,Urban,Y
LP108192,Female,Yes,1,Graduate,No,6190,2751.0,154.0,360.0,1.0,Urban,Y
LP108193,Female,No,0,Graduate,No,7913,0.0,186.0,180.0,0.0,Urban,N
LP108194,Female,Yes,3+,Not Graduate,Yes,6062,4945.0,96.0,480.0,1.0,Rural,Y
LP108195,Male,Yes,2,Not Graduate,Yes,9366,4570.0,212.0,300.0,1.0,Urban,Y
LP108196,Male,Yes,0,Graduate,No,8242,643.0,168.0,120.0,1.0,Urban,Y
LP108197,Male,No,3+,Not Graduate,No,4100,0.0,263.0,120.0,0.0,Semiurban,N
LP108198,Male,Yes,0,Graduate,No,5216,6521.0,48.0,180.0,1.0,Semiurban,Y
LP108199,Female,Yes,2,Graduate,No,5415,2652.0,166.0,360.0,0.0,Urban,Y
LP108200,Male,No,2,Graduate,Yes,5383,0.0,152.0,180.0,1.0,Semiurban,Y
LP108201,Female,Yes,2,Not Graduate,Yes,3623,4057.0,57.0,60.0,1.0,Urban,Y
LP108202,Male,Yes,3+,Not Graduate,Yes,6015,3079.0,114.0,300.0,1.0,Urban,Y
LP108203,Male,Yes,3+,Graduate,No,3621,1503.0,170.0,120.0,1.0,Urban,Y
LP108204,Male,Yes,3+,Graduate,No,3459,1251.0,138.0,360.0,0.0,Urban,N
LP108205,Female,No,0,Graduate,Yes,4576,0.0,132.0,240.0,1.0,Semiurban,Y
LP108206,,Yes,0,Graduate,No,5777,872.0,,180.0,1.0,Semiurban,Y
LP108207,Female,Yes,2,Not Graduate,No,10253,2124.0,101.0,300.0,1.0,Urban,Y
LP108208,Male,No,2,Not Graduate,No,7525,0.0,447.0,36.0,1.0,Urban,N
LP108209,Female,No,1,Graduate,No,9567,0.0,163.0,300.0,0.0,Semiurban,N
LP108210,Male,Yes,0,Graduate,No,14236,1187.0,161.0,480.0,1.0,Semiurban,Y
LP108211,Male,Yes,2,Graduate,No,3459,508.0,60.0,240.0,0.0,Urban,N
LP108212,Female,No,3+,Graduate,No,7530,0.0,111.0,360.0,1.0,Urban,Y
LP108213,Male,No,1,Not Graduate,No,7713,0.0,97.0,84.0,,Semiurban,N
LP108214,Female,Yes,0,Graduate,No,5730,999.0,131.0,300.0,1.0,Urban,Y
LP108215,Male,No,0,Not Graduate,No,8397,0.0,110.0,120.0,1.0,Semiurban,Y
LP108216,Male,Yes,0,Graduate,No,5179,997.0,92.0,360.0,1.0,Urban,Y
LP108217,Female,Yes,2,Not Graduate,Yes,7350,1157.0,117.0,360.0,1.0,Rural,Y
LP108218,Male,Yes,3+,Graduate,No,2100,1574.0,70.0,360.0,0.0,Rural,N
LP108219,Female,Yes,0,Not Graduate,No,4921,3849.0,191.0,360.0,1.0,Semiurban,Y
LP108220,Male,Yes,1,Not Graduate,No,7517,509.0,217.0,360.0,1.0,Semiurban,Y
LP108221,Male,Yes,2,Graduate,No,9109,2261.0,181.0,300.0,1.0,Semiurban,Y
LP108222,Male,Yes,0,Graduate,No,2932,2229.0,224.0,300.0,1.0,Semiurban,Y
LP108223,Male,Yes,1,Not Graduate,No,4679,818.0,215.0,360.0,1.0,Urban,Y
LP108224,Male,Yes,2,Graduate,No,2596,2403.0,62.0,300.0,1.0,Rural,Y
LP108225,Male,Yes,2,Graduate,No,3894,1565.0,328.0,240.0,1.0,Rural,Y
LP108226,Female,No,1,Not Graduate,No,5940,0.0,226.0,360.0,1.0,Urban,Y
LP108227,Male,Yes,2,Graduate,Yes,9148,1704.0,42.0,360.0,1.0,Rural,Y
LP108228,Male,No,0,Graduate,No,8452,0.0,85.0,360.0,1.0,Semiurban,Y
LP108229,Male,Yes,0,Not Graduate,Yes,5617,1083.0,64.0,240.0,1.0,Semiurban,Y
LP108230,Male,Yes,0,Graduate,No,3325,3655.0,174.0,240.0,1.0,Semiurban,Y
LP108231,Female,Yes,1,Graduate,No,4520,1408.0,97.0,360.0,1.0,Urban,Y
LP108232,Female,No,0,Graduate,No,22523,0.0,136.0,180.0,1.0,Rural,Y
LP108233,Male,Yes,0,Not Graduate,No,2123,1594.0,380.0,84.0,1.0,Semiurban,Y
LP108234,Female,Yes,2,Graduate,No,2381,837.0,319.0,300.0,1.0,Semiurban,Y
LP108235,Male,Yes,2,Not Graduate,,5459,2654.0,75.0,300.0,,Semiurban,Y
LP108236,Male,No,0,Graduate,No,7510,0.0,176.0,300.0,,Semiurban,Y
LP108237,Female,No,0,Not Graduate,No,8251,0.0,401.0,36.0,1.0,Urban,Y
LP108238,Male,Yes,1,Graduate,No,5842,4485.0,77.0,120.0,1.0,Urban,Y
LP108239,Female,Yes,0,Not Graduate,No,1974,6103.0,240.0,360.0,0.0,Rural,N
LP108240,Female,Yes,1,Graduate,Yes,4308,2984.0,121.0,240.0,1.0,Rural,Y
LP108241,Male,Yes,2,Graduate,Yes,1703,1923.0,76.0,360.0,1.0,Rural,Y
LP108242,Female,Yes,0,Graduate,Yes,6228,9039.0,333.0,300.0,1.0,Urban,Y
LP108243,Female,No,0,Graduate,No,6460,0.0,103.0,36.0,1.0,Semiurban,Y
LP108244,Male,No,0,Graduate,No,4556,0.0,122.0,480.0,1.0,Semiurban,Y
LP108245,Male,Yes,0,Not Graduate,No,2416,7043.0,108.0,180.0,1.0,Semiurban,Y
LP108246,Male,Yes,3+,Not Graduate,No,3006,6516.0,252.0,240.0,0.0,Semiurban,N
LP108247,Female,Yes,1,Graduate,No,1855,571.0,242.0,360.0,,Urban,Y
LP108248,Female,Yes,1,Graduate,No,4765,1207.0,86.0,360.0,1.0,Urban,Y
LP108249,Male,Yes,2,Not Graduate,No,32890,2888.0,143.0,360.0,1.0,Urban,Y
LP108250,Male,Yes,0,Graduate,No,4622,4826.0,167.0,12.0,1.0,Semiurban,Y
LP108251,Male,Yes,0,Graduate,Yes,3819,711.0,241.0,12.0,1.0,Urban,Y
LP108252,Male,Yes,2,Graduate,No,5597,3737.0,93.0,120.0,0.0,Rural,N
LP108253,Male,No,3+,Graduate,Yes,2464,0.0,307.0,360.0,0.0,Urban,N
LP108254,Male,Yes,1,Graduate,No,2516,3209.0,218.0,360.0,1.0,Semiurban,Y
LP108255,Male,Yes,1,Not Graduate,No,3390,1148.0,75.0,180.0,1.0,Rural,Y
LP108256,Male,Yes,2,Graduate,No,8358,279.0,179.0,60.0,1.0,Semiurban,Y
LP108257,Male,Yes,0,Not Graduate,No,6003,438.0,180.0,240.0,1.0,Urban,Y
LP108258,Male,No,0,Graduate,Yes,4466,0.0,87.0,360.0,1.0,Urban,Y
LP108259,Female,No,0,Graduate,No,7702,0.0,173.0,300.0,1.0,Semiurban,Y
LP108260,Male,Yes,1,Graduate,Yes,13700,1797.0,134.0,360.0,1.0,Urban,Y
LP108261,Male,No,0,Not Graduate,Yes,7644,0.0,53.0,360.0,0.0,Rural,N
LP108262,Male,Yes,1,Graduate,No,2668,1740.0,19.0,360.0,1.0,Semiurban,Y
LP108263,Male,No,2,Graduate,No,1587,0.0,459.0,480.0,1.0,Semiurban,Y
LP108264,Male,Yes,1,Graduate,No,1725,1801.0,124.0,480.0,1.0,Semiurban,Y
LP108265,Male,Yes,0,Graduate,No,8278,3806.0,143.0,300.0,1.0,Rural,Y
LP108266,Male,Yes,1,Graduate,No,3119,1786.0,72.0,240.0,1.0,Semiurban,Y
LP108267,Female,No,2,Graduate,No,8030,0.0,93.0,360.0,1.0,Semiurban,Y
LP108268,Female,Yes,0,Graduate,No,3741,3201.0,493.0,360.0,1.0,Rural,Y
LP108269,Female,No,0,Not Graduate,No,6203,0.0,572.0,360.0,1.0,Rural,Y
LP108270,Female,Yes,1,Graduate,No,7484,431.0,44.0,180.0,1.0,Urban,Y
LP108271,Female,No,0,Not Graduate,Yes,3072,0.0,139.0,300.0,1.0,Urban,Y
LP108272,Male,Yes,3+,Graduate,No,8051,1054.0,411.0,120.0,0.0,Urban,N
LP108273,Male,No,1,Graduate,No,3308,0.0,151.0,120.0,1.0,Urban,Y
LP108274,Male,Yes,0,Not Graduate,No,3225,5391.0,202.0,240.0,,Rural,Y
LP108275,Male,Yes,2,Not Graduate,No,8043,1471.0,121.0,360.0,1.0,Urban,Y
LP108276,Female,No,,Graduate,No,7181,0.0,182.0,180.0,0.0,Urban,N
LP108277,Male,No,0,Not Graduate,No,6476,0.0,319.0,240.0,0.0,Urban,N
LP108278,Male,No,0,Not Graduate,No,2535,0.0,183.0,360.0,1.0,Rural,N
LP108279,Male,Yes,2,Graduate,No,3903,1821.0,64.0,360.0,1.0,Rural,Y
LP108280,Male,Yes,0,Graduate,,7431,524.0,91.0,360.0,1.0,Semiurban,Y
LP108281,Female,Yes,0,Graduate,Yes,19345,4169.0,213.0,120.0,,Semiurban,Y
LP108282,Female,Yes,0,Not Graduate,No,14569,6966.0,128.0,300.0,1.0,Semiurban,Y
LP108283,,Yes,0,Not Graduate,No,3711,1958.0,96.0,360.0,0.0,Semiurban,N
LP108284,Female,Yes,2,Not Graduate,No,3309,990.0,69.0,360.0,0.0,Urban,N
LP108285,Male,No,2,Graduate,Yes,13876,0.0,73.0,240.0,1.0,Semiurban,Y
LP108286,Female,No,2,Not Graduate,No,7047,0.0,87.0,240.0,1.0,Semiurban,Y
LP108287,Male,Yes,2,Graduate,No,3711,1275.0,176.0,300.0,0.0,Semiurban,N
LP108288,Male,Yes,3+,Graduate,Yes,5302,1293.0,98.0,360.0,1.0,Semiurban,Y
LP108289,Male,Yes,0,Graduate,No,2322,1191.0,149.0,60.0,1.0,Rural,Y
LP108290,Female,No,0,Not Graduate,No,9003,0.0,147.0,360.0,1.0,Semiurban,Y
LP108291,Female,Yes,1,Graduate,No,11383,2558.0,213.0,300.0,0.0,Semiurban,Y
LP108292,Male,Yes,1,Graduate,No,12382,1828.0,82.0,36.0,1.0,Rural,Y
LP108293,Male,Yes,1,Not Graduate,No,9657,3717.0,354.0,60.0,1.0,Urban,Y
LP108294,Female,Yes,0,Not Graduate,No,4055,2470.0,46.0,120.0,1.0,Urban,Y
LP108295,Male,No,0,Graduate,No,8404,0.0,110.0,240.0,1.0,Semiurban,Y
LP108296,Male,No,1,Not Graduate,Yes,11806,0.0,104.0,360.0,,Semiurban,N
LP108297,Male,Yes,3+,Not Graduate,No,8665,1694.0,83.0,180.0,1.0,Urban,Y
LP108298,Male,Yes,1,Graduate,Yes,8200,1330.0,35.0,360.0,1.0,Semiurban,Y
LP108299,Female,No,0,Graduate,No,5512,0.0,278.0,300.0,1.0,Rural,Y
LP108300,Female,Yes,2,Graduate,No,2854,328.0,220.0,120.0,1.0,Semiurban,Y
LP108301,Male,No,0,Graduate,No,14960,0.0,181.0,360.0,1.0,Semiurban,Y
LP108302,Male,No,0,Not Graduate,Yes,4807,0.0,86.0,360.0,0.0,Urban,N
LP108303,Female,No,0,Graduate,No,10183,0.0,99.0,36.0,1.0,Rural,Y
LP108304,Male,Yes,2,Not Graduate,No,21737,4388.0,109.0,360.0,1.0,Semiurban,Y
LP108305,Female,Yes,2,Not Graduate,No,8476,1615.0,116.0,360.0,,Semiurban,Y
LP108306,Male,No,1,Graduate,No,9946,0.0,216.0,240.0,1.0,Semiurban,Y
LP108307,Male,Yes,0,Not Graduate,No,2803,2946.0,99.0,360.0,1.0,Urban,Y
LP108308,Female,Yes,0,Not Graduate,No,3176,2233.0,80.0,120.0,1.0,Urban,Y
LP108309,Female,Yes,0,Graduate,Yes,10498,594.0,146.0,300.0,1.0,Urban,Y
LP108310,Male,Yes,3+,Not Graduate,No,3534,4325.0,137.0,120.0,1.0,Urban,Y
LP108311,Female,No,2,Not Graduate,No,2197,0.0,181.0,84.0,1.0,Semiurban,Y
LP108312,Male,Yes,0,Graduate,No,1814,1477.0,308.0,120.0,1.0,Semiurban,Y
LP108313,Male,No,2,Not Graduate,No,4315,0.0,105.0,84.0,1.0,Semiurban,Y
LP108314,Female,No,1,Graduate,No,4283,0.0,234.0,84.0,1.0,Semiurban,Y
LP108315,Female,Yes,3+,Graduate,No,8943,8281.0,146.0,360.0,1.0,Urban,Y
LP108316,Male,Yes,2,Not Graduate,No,2714,2311.0,248.0,360.0,1.0,Semiurban,Y
LP108317,Male,No,0,Not Graduate,No,11231,0.0,281.0,360.0,1.0,Urban,Y
LP108318,Male,Yes,2,Not Graduate,No,2374,659.0,85.0,360.0,0.0,Semiurban,N
LP108319,Male,No,1,Graduate,No,2412,0.0,440.0,240.0,1.0,Semiurban,N
LP108320,Male,No,0,Not Graduate,No,5340,0.0,149.0,300.0,0.0,Urban,N
LP108321,Female,Yes,2,Not Graduate,No,5073,2995.0,67.0,360.0,1.0,Semiurban,Y
LP108322,Male,No,1,Graduate,No,6959,0.0,67.0,300.0,1.0,Rural,Y
LP108323,Female,Yes,0,Graduate,No,2427,888.0,325.0,360.0,1.0,Semiurban,Y
LP108324,Male,Yes,2,Not Graduate,No,6074,1567.0,295.0,240.0,,Urban,N
LP108325,Male,No,2,Graduate,No,1795,0.0,259.0,240.0,0.0,Urban,N
LP108326,Male,No,0,Graduate,No,1500,0.0,97.0,360.0,1.0,Semiurban,Y
LP108327,Male,Yes,0,Graduate,Yes,14717,2798.0,107.0,240.0,,Rural,Y
LP108328,Male,Yes,1,Not Graduate,Yes,9208,6367.0,52.0,,1.0,Semiurban,Y
LP108329,Female,Yes,0,Graduate,,4903,2139.0,112.0,84.0,0.0,Urban,N
LP108330,Male,Yes,3+,Graduate,No,1500,1132.0,148.0,300.0,1.0,Semiurban,Y
LP108331,Female,Yes,0,Graduate,No,3733,565.0,330.0,360.0,1.0,Urban,Y
LP108332,Male,Yes,0,Graduate,No,6433,2081.0,113.0,240.0,1.0,Rural,Y
LP108333,Female,Yes,0,Graduate,,3728,1066.0,109.0,360.0,1.0,Rural,Y
LP108334,Male,No,1,Graduate,No,12540,0.0,159.0,300.0,1.0,Semiurban,Y
LP108335,Female,Yes,2,Graduate,No,7169,2420.0,223.0,,1.0,Rural,Y
LP108336,Male,Yes,1,Graduate,No,2824,6315.0,340.0,240.0,1.0,Urban,Y
LP108337,Female,No,0,Not Graduate,No,1886,0.0,88.0,360.0,1.0,Urban,Y
LP108338,Female,No,2,Graduate,No,8306,0.0,121.0,360.0,1.0,Urban,Y
LP108339,Male,No,0,Not Graduate,No,8140,0.0,145.0,300.0,1.0,Semiurban,Y
LP108340,Male,Yes,0,Not Graduate,No,7735,574.0,114.0,360.0,1.0,Semiurban,Y
LP108341,Male,Yes,0,Graduate,No,13510,4270.0,92.0,360.0,1.0,Urban,Y
LP108342,Female,Yes,0,Graduate,No,6467,4746.0,115.0,300.0,0.0,Urban,Y
LP108343,Male,Yes,1,Not Graduate,Yes,5199,1387.0,64.0,360.0,1.0,Rural,Y
LP108344,Male,Yes,0,Graduate,No,7775,384.0,93.0,120.0,1.0,Urban,Y
LP108345,Male,Yes,0,Graduate,No,10310,5370.0,64.0,360.0,,Urban,Y
LP108346,Male,Yes,2,Graduate,No,7423,4677.0,135.0,240.0,1.0,Urban,Y
LP108347,Female,Yes,0,Graduate,Yes,5008,1646.0,106.0,84.0,1.0,Urban,Y
LP108348,Male,No,2,Not Graduate,No,8786,0.0,96.0,360.0,1.0,Urban,Y
LP108349,Male,Yes,2,Not Graduate,Yes,5206,1749.0,135.0,300.0,1.0,Semiurban,Y
LP108350,Female,No,0,Graduate,No,3667,0.0,30.0,300.0,1.0,Semiurban,Y
LP108351,Male,Yes,1,Graduate,No,5286,492.0,111.0,300.0,1.0,Semiurban,Y
LP108352,Female,Yes,1,Graduate,No,4058,4806.0,150.0,300.0,1.0,Semiurban,Y
LP108353,Male,Yes,0,Not Graduate,No,4668,444.0,241.0,300.0,1.0,Rural,Y
LP108354,Male,Yes,3+,Graduate,No,2958,7166.0,193.0,360.0,1.0,Urban,Y
LP108355,Male,Yes,1,Not Graduate,No,8950,7772.0,287.0,360.0,1.0,Urban,Y
LP108356,Female,No,3+,Graduate,Yes,5587,0.0,56.0,360.0,1.0,Urban,Y
LP108357,Male,No,2,Not Graduate,No,7527,0.0,251.0,240.0,1.0,Semiurban,Y
LP108358,Male,Yes,0,Graduate,No,6564,1493.0,160.0,300.0,,Urban,Y
LP108359,Male,Yes,,Not Graduate,No,2860,2534.0,97.0,360.0,0.0,Semiurban,N
LP108360,Male,No,0,Graduate,No,10871,0.0,143.0,300.0,1.0,Semiurban,Y
LP108361,Female,Yes,2,Not Graduate,No,4293,1396.0,,180.0,1.0,Semiurban,N
LP108362,Male,Yes,3+,Graduate,No,3957,702.0,146.0,360.0,1.0,Urban,Y
LP108363,Female,Yes,,Not Graduate,No,5589,961.0,140.0,360.0,1.0,Semiurban,Y
LP108364,Male,No,0,Graduate,No,5655,0.0,224.0,84.0,0.0,Rural,N
LP108365,Female,Yes,,Graduate,No,23397,4021.0,117.0,60.0,0.0,Urban,Y
LP108366,Male,Yes,2,Graduate,,7029,3485.0,,480.0,1.0,Semiurban,Y
LP108367,Male,Yes,,Graduate,No,3672,1174.0,311.0,360.0,1.0,Urban,Y
LP108368,Male,Yes,0,Graduate,No,15349,1040.0,56.0,240.0,0.0,Semiurban,Y
LP108369,Female,Yes,0,Graduate,No,1848,483.0,137.0,36.0,1.0,Rural,Y
LP108370,Male,No,0,Graduate,No,3680,0.0,129.0,360.0,0.0,Urban,N
LP108371,Female,Yes,0,Graduate,No,3521,8512.0,81.0,360.0,1.0,Semiurban,Y
LP108372,Female,Yes,2,Graduate,No,4902,5794.0,60.0,360.0,1.0,Rural,Y
LP108373,Male,Yes,1,Graduate,Yes,6049,1852.0,124.0,360.0,1.0,Semiurban,Y
LP108374,Male,Yes,2,Graduate,No,6383,2682.0,167.0,360.0,1.0,Urban,Y
LP108375,Male,No,1,Graduate,No,6312,0.0,251.0,360.0,1.0,Rural,Y
LP108376,Male,Yes,0,Not Graduate,No,7172,3742.0,84.0,360.0,1.0,Urban,Y
LP108377,Female,Yes,0,Graduate,No,4740,7285.0,83.0,240.0,1.0,Urban,Y
LP108378,Female,Yes,2,Not Graduate,No,10654,1146.0,335.0,300.0,0.0,Rural,N
LP108379,Male,Yes,2,Graduate,No,1868,1180.0,101.0,360.0,1.0,Urban,Y
LP108380,Male,Yes,1,Not Graduate,No,1500,1436.0,109.0,180.0,1.0,Rural,N
LP108381,Male,No,0,Graduate,No,7665,0.0,279.0,360.0,1.0,Urban,Y
LP108382,Male,Yes,0,Not Graduate,No,4029,3237.0,50.0,240.0,0.0,Rural,N
LP108383,Female,No,0,Graduate,No,13772,0.0,65.0,60.0,,Semiurban,Y
LP108384,Male,No,2,Graduate,No,9187,0.0,309.0,120.0,1.0,Semiurban,Y
LP108385,Female,No,1,Graduate,No,6997,0.0,93.0,84.0,1.0,Semiurban,Y
LP108386,Male,Yes,1,Graduate,No,3670,706.0,97.0,300.0,1.0,Urban,Y
LP108387,Male,Yes,2,Graduate,No,7372,1659.0,102.0,84.0,0.0,Urban,N
LP108388,Male,No,1,Graduate,No,3874,0.0,110.0,300.0,1.0,Semiurban,Y
LP108389,Male,No,1,Not Graduate,No,5093,0.0,101.0,360.0,1.0,Rural,Y
LP108390,Male,No,0,Graduate,No,4040,0.0,146.0,360.0,0.0,Semiurban,N
LP108391,Female,Yes,2,Graduate,No,5741,759.0,284.0,360.0,1.0,Rural,Y
LP108392,Female,Yes,1,Not Graduate,No,4227,707.0,82.0,300.0,1.0,Rural,Y
LP108393,Male,No,0,Not Graduate,No,8958,0.0,94.0,360.0,1.0,Semiurban,Y
LP108394,Male,Yes,2,Graduate,No,6448,4900.0,136.0,360.0,1.0,Rural,Y
LP108395,Male,Yes,1,Not Graduate,No,3620,3554.0,344.0,180.0,1.0,Urban,Y
LP108396,Female,Yes,2,Graduate,No,3757,1054.0,112.0,360.0,0.0,Semiurban,N
LP108397,Male,Yes,3+,Graduate,No,2293,11304.0,78.0,360.0,1.0,Semiurban,Y
LP108398,Female,Yes,2,Graduate,No,1523,356.0,39.0,360.0,1.0,Urban,Y
LP108399,Male,Yes,2,Graduate,No,8601,1850.0,85.0,,1.0,Rural,Y
LP108400,Male,Yes,0,Graduate,No,3969,1962.0,79.0,60.0,1.0,Urban,Y
LP108401,Female,Yes,1,Graduate,No,2367,1529.0,65.0,120.0,1.0,Semiurban,Y
LP108402,Male,Yes,,Graduate,No,6416,2753.0,140.0,360.0,1.0,Urban,Y
LP108403,Male,Yes,1,Graduate,Yes,3187,1537.0,114.0,36.0,1.0,Semiurban,Y
LP108404,Male,No,1,Not Graduate,No,4714,0.0,315.0,300.0,1.0,Semiurban,Y
LP108405,Male,Yes,3+,Graduate,No,2263,1684.0,152.0,180.0,0.0,Semiurban,N
LP108406,Male,Yes,0,Not Graduate,Yes,7255,2062.0,245.0,300.0,1.0,Semiurban,Y
LP108407,Female,No,0,Not Graduate,No,5181,0.0,121.0,240.0,1.0,Semiurban,Y
LP108408,Female,No,2,Not Graduate,No,6633,0.0,79.0,120.0,1.0,Semiurban,Y
LP108409,Male,Yes,2,Not Graduate,,3802,911.0,194.0,300.0,1.0,Urban,Y
LP108410,Female,Yes,3+,Graduate,Yes,5700,6889.0,68.0,120.0,1.0,Semiurban,Y
LP108411,Male,Yes,2,Graduate,No,2052,1283.0,268.0,240.0,1.0,Rural,Y
LP108412,Male,Yes,2,Graduate,No,19239,1201.0,,360.0,1.0,Semiurban,Y
LP108413,Male,No,2,Graduate,No,6303,0.0,209.0,360.0,1.0,Semiurban,Y
LP108414,Male,No,0,Graduate,No,13691,0.0,168.0,360.0,1.0,Urban,Y
LP108415,Male,No,2,Graduate,No,4189,0.0,74.0,300.0,1.0,Urban,Y
LP108416,Female,Yes,0,Not Graduate,No,2617,5160.0,277.0,120.0,0.0,Rural,N
LP108417,Male,Yes,0,Graduate,No,3659,2648.0,425.0,300.0,,Rural,Y
LP108418,Male,No,1,Graduate,No,4787,0.0,85.0,300.0,1.0,Urban,Y
LP108419,Male,Yes,0,Graduate,Yes,4582,2393.0,90.0,120.0,1.0,Semiurban,Y
LP108420,Female,Yes,0,Not Graduate,Yes,15016,4959.0,139.0,360.0,0.0,Semiurban,Y
LP108421,Female,No,0,Graduate,No,2941,0.0,226.0,300.0,1.0,Semiurban,Y
LP108422,Male,Yes,0,Graduate,Yes,3419,3726.0,279.0,240.0,1.0,Semiurban,Y
LP108423,Male,Yes,0,Not Graduate,No,7538,1906.0,108.0,120.0,1.0,Semiurban,Y
LP108424,Male,No,1,Not Graduate,No,1896,0.0,145.0,120.0,1.0,Rural,Y
LP108425,Male,Yes,2,Not Graduate,No,4796,2619.0,108.0,360.0,1.0,Rural,Y
LP108426,Male,Yes,3+,Not Graduate,Yes,5350,1933.0,104.0,360.0,1.0,Rural,Y
LP108427,Male,Yes,2,Graduate,No,6374,948.0,97.0,360.0,,Semiurban,Y
LP108428,Male,Yes,1,Not Graduate,No,6059,768.0,59.0,360.0,1.0,Urban,Y
LP108429,Male,Yes,2,Graduate,Yes,16197,1276.0,225.0,360.0,1.0,Semiurban,Y
LP108430,Male,Yes,0,Not Graduate,No,2890,1201.0,142.0,300.0,0.0,Semiurban,N
LP108431,Female,Yes,0,Graduate,No,3338,4801.0,335.0,36.0,1.0,Rural,Y
LP108432,Female,No,2,Graduate,No,7084,0.0,220.0,240.0,1.0,Rural,Y
LP108433,Male,Yes,2,Graduate,No,5629,1341.0,105.0,120.0,1.0,Semiurban,Y
LP108434,Male,No,2,Graduate,No,6067,0.0,67.0,360.0,1.0,Urban,Y
LP108435,Male,Yes,2,Graduate,No,2115,5322.0,411.0,180.0,1.0,Urban,Y
LP108436,Male,No,0,Graduate,No,18190,0.0,48.0,300.0,1.0,Semiurban,Y
LP108437,Female,Yes,3+,Graduate,No,6444,668.0,109.0,360.0,1.0,Urban,Y
LP108438,Male,Yes,2,Graduate,No,1902,2730.0,110.0,480.0,1.0,Rural,Y
LP108439,Female,No,2,Graduate,No,7092,0.0,91.0,300.0,1.0,Semiurban,Y
LP108440,,Yes,2,Graduate,No,2535,1168.0,80.0,180.0,0.0,Rural,N
LP108441,Male,Yes,0,Not Graduate,No,8582,4149.0,64.0,240.0,1.0,Urban,Y
LP108442,Male,Yes,0,Graduate,No,2231,1467.0,86.0,360.0,1.0,Urban,Y
LP108443,Male,No,0,Graduate,No,8987,0.0,130.0,180.0,1.0,Semiurban,Y
LP108444,Male,Yes,0,Not Graduate,No,2362,1878.0,161.0,60.0,1.0,Rural,Y
LP108445,Male,Yes,0,Graduate,No,2739,2061.0,98.0,360.0,1.0,Urban,Y
LP108446,Male,Yes,1,Graduate,Yes,5337,10848.0,97.0,300.0,1.0,Rural,Y
LP108447,Female,Yes,3+,Graduate,No,3405,2316.0,71.0,360.0,1.0,Semiurban,Y
LP108448,Male,Yes,3+,Not Graduate,No,3523,1027.0,148.0,,0.0,Rural,N
LP108449,Male,Yes,2,Graduate,No,1962,799.0,138.0,36.0,1.0,Urban,Y
LP108450,Male,Yes,0,Graduate,No,4032,1249.0,168.0,360.0,1.0,Semiurban,Y
LP108451,Female,Yes,0,Not Graduate,Yes,8352,2183.0,97.0,120.0,1.0,Urban,Y
LP108452,Male,No,2,Graduate,Yes,15169,0.0,77.0,84.0,1.0,Urban,Y
LP108453,Female,No,0,Graduate,No,8075,0.0,132.0,300.0,1.0,Semiurban,Y
LP108454,Male,No,2,Graduate,No,7412,0.0,183.0,300.0,1.0,Urban,Y
LP108455,Male,Yes,3+,Not Graduate,No,1784,5029.0,78.0,180.0,1.0,Rural,N
LP108456,Male,No,1,Not Graduate,No,4830,0.0,92.0,300.0,,Semiurban,Y
LP108457,Male,Yes,2,Graduate,No,3324,5349.0,64.0,360.0,1.0,Urban,Y
LP108458,Female,No,0,Graduate,No,1985,0.0,66.0,300.0,1.0,Rural,Y
LP108459,Male,Yes,2,Graduate,No,2290,1508.0,96.0,360.0,0.0,Rural,N
LP108460,Female,Yes,0,Graduate,Yes,7337,1990.0,81.0,240.0,1.0,Rural,Y
LP108461,Male,Yes,,Graduate,No,3517,2814.0,217.0,300.0,1.0,Semiurban,Y
LP108462,Male,Yes,2,Graduate,No,2028,914.0,136.0,300.0,1.0,Semiurban,Y
LP108463,Male,No,2,Graduate,No,3355,0.0,286.0,180.0,1.0,Urban,Y
LP108464,Male,No,2,Not Graduate,No,5846,0.0,288.0,240.0,1.0,Urban,Y
LP108465,Female,No,1,Graduate,Yes,3279,0.0,135.0,300.0,0.0,Semiurban,N
LP108466,Female,Yes,2,Graduate,No,2377,2633.0,40.0,360.0,1.0,Semiurban,Y
LP108467,Male,Yes,2,Not Graduate,No,2829,2328.0,170.0,300.0,1.0,Semiurban,Y
LP108468,Male,Yes,3+,Graduate,No,8355,1067.0,266.0,84.0,1.0,Semiurban,Y
LP108469,Male,No,3+,Not Graduate,Yes,1500,0.0,196.0,360.0,1.0,Urban,N
LP108470,Male,Yes,2,Graduate,No,4184,665.0,165.0,300.0,1.0,Semiurban,Y
LP108471,Male,No,,Not Graduate,No,4586,0.0,115.0,240.0,1.0,Urban,Y
LP108472,Male,Yes,1,Not Graduate,Yes,3122,2216.0,66.0,360.0,1.0,Semiurban,Y
LP108473,Male,Yes,0,Graduate,Yes,2765,397.0,195.0,120.0,1.0,Urban,Y
LP108474,Male,No,0,Graduate,No,8866,0.0,119.0,360.0,1.0,Urban,Y
LP108475,Male,Yes,2,Graduate,No,8848,2516.0,161.0,360.0,1.0,Rural,Y
LP108476,Male,Yes,,Graduate,No,5235,1831.0,94.0,120.0,1.0,Urban,Y
LP108477,Male,Yes,2,Graduate,No,3547,10387.0,445.0,360.0,1.0,Semiurban,Y
LP108478,Male,No,1,Graduate,Yes,5258,0.0,155.0,120.0,1.0,Rural,Y
LP108479,Female,Yes,0,Not Graduate,No,6264,1458.0,106.0,360.0,1.0,Urban,Y
LP108480,Male,Yes,0,Not Graduate,,4595,2940.0,67.0,240.0,0.0,Semiurban,N
LP108481,Male,Yes,1,Not Graduate,No,6366,632.0,58.0,360.0,1.0,Urban,Y
LP108482,Male,Yes,1,Graduate,No,3975,4024.0,194.0,60.0,1.0,Urban,Y
LP108483,Male,Yes,3+,Graduate,No,1500,1207.0,94.0,180.0,1.0,Semiurban,Y
LP108484,Female,Yes,0,Not Graduate,Yes,4376,4381.0,102.0,300.0,1.0,Semiurban,Y
LP108485,Male,No,1,Graduate,Yes,7412,0.0,96.0,360.0,1.0,Urban,Y
LP108486,Female,No,1,Not Graduate,No,5006,0.0,69.0,,0.0,Semiurban,N
LP108487,Female,Yes,3+,Graduate,No,6040,1160.0,112.0,360.0,1.0,Urban,Y
LP108488,Male,No,3+,Graduate,No,4176,0.0,138.0,300.0,1.0,Rural,N
LP108489,Male,Yes,1,Graduate,No,4377,713.0,73.0,180.0,1.0,Semiurban,Y
LP108490,Female,Yes,3+,Graduate,No,5445,458.0,163.0,240.0,1.0,Urban,Y
LP108491,Male,Yes,1,Graduate,No,15774,1330.0,64.0,60.0,1.0,Rural,Y
LP108492,Male,Yes,0,Graduate,No,8146,1130.0,103.0,84.0,0.0,Urban,Y
LP108493,Male,Yes,1,Not Graduate,No,7524,4062.0,167.0,300.0,1.0,Urban,Y
LP108494,Male,Yes,0,Graduate,No,5557,790.0,133.0,480.0,0.0,Urban,Y
LP108495,Male,No,2,Graduate,No,2210,0.0,50.0,180.0,,Semiurban,Y
LP108496,Male,Yes,3+,Graduate,No,10253,811.0,25.0,360.0,1.0,Urban,Y
LP108497,Female,No,2,Graduate,,8470,0.0,188.0,240.0,1.0,Urban,Y
LP108498,Male,Yes,0,Graduate,No,6121,553.0,203.0,36.0,1.0,Semiurban,Y
LP108499,Female,Yes,0,Graduate,No,4787,1822.0,174.0,120.0,1.0,Rural,Y
LP108500,Male,Yes,0,Graduate,Yes,6819,1397.0,117.0,360.0,1.0,Semiurban,Y
LP108501,Male,Yes,0,Graduate,No,4278,1658.0,115.0,180.0,1.0,Semiurban,Y
LP108502,Male,No,0,Graduate,No,7606,0.0,125.0,360.0,1.0,Rural,Y
LP108503,Male,No,1,Not Graduate,,2972,0.0,190.0,240.0,1.0,Urban,Y
LP108504,Male,Yes,2,Graduate,No,1562,709.0,,180.0,1.0,Urban,Y
LP108505,Male,No,2,Graduate,No,2390,0.0,168.0,360.0,1.0,Rural,Y
LP108506,Female,No,0,Not Graduate,No,5348,0.0,295.0,120.0,1.0,Semiurban,Y
LP108507,Male,Yes,0,Graduate,No,4100,753.0,75.0,360.0,1.0,Urban,Y
LP108508,Male,Yes,0,Graduate,No,4497,16505.0,120.0,180.0,1.0,Semiurban,Y
LP108509,Female,No,0,Graduate,No,2258,0.0,80.0,360.0,1.0,Rural,Y
LP108510,Female,Yes,1,Graduate,No,5890,1702.0,106.0,300.0,1.0,Urban,Y
LP108511,Male,No,0,Graduate,No,2638,0.0,126.0,360.0,1.0,Semiurban,Y
LP108512,Male,Yes,2,Graduate,No,6620,826.0,79.0,84.0,1.0,Urban,Y
LP108513,Female,Yes,3+,Graduate,No,2103,2179.0,50.0,120.0,1.0,Semiurban,Y
LP108514,Male,Yes,1,Not Graduate,No,2971,3016.0,61.0,120.0,1.0,Semiurban,Y
LP108515,Male,Yes,2,Graduate,No,2741,414.0,175.0,84.0,1.0,Urban,Y
LP108516,Male,No,0,Graduate,No,6934,0.0,89.0,180.0,1.0,Semiurban,Y
LP108517,Female,Yes,3+,Graduate,Yes,3725,2025.0,117.0,360.0,1.0,Semiurban,Y
LP108518,Male,Yes,0,Graduate,No,6341,587.0,138.0,360.0,,Urban,Y
LP108519,Female,No,0,Graduate,,9742,0.0,231.0,180.0,1.0,Semiurban,Y
LP108520,Male,Yes,0,Not Graduate,Yes,14299,2552.0,113.0,240.0,1.0,Semiurban,Y
LP108521,Female,Yes,0,Graduate,No,5645,1588.0,155.0,,0.0,Semiurban,Y
LP108522,Male,Yes,1,Not Graduate,No,2537,1004.0,68.0,360.0,1.0,Rural,Y
LP108523,Male,Yes,3+,Graduate,No,10412,1938.0,121.0,240.0,,Urban,N
LP108524,Female,Yes,2,Graduate,No,12171,2712.0,74.0,360.0,1.0,Urban,Y
LP108525,Male,Yes,1,Graduate,No,4741,865.0,123.0,300.0,1.0,Semiurban,Y
LP108526,Male,Yes,1,Graduate,No,10841,2381.0,144.0,480.0,1.0,Semiurban,Y
LP108527,Male,No,2,Graduate,Yes,6002,0.0,116.0,360.0,1.0,Rural,Y
LP108528,Male,Yes,2,Not Graduate,No,1816,2738.0,104.0,360.0,1.0,Urban,Y
LP108529,Male,Yes,2,Graduate,Yes,3365,2231.0,157.0,360.0,1.0,Semiurban,Y
LP108530,Female,Yes,,Graduate,No,3629,2006.0,105.0,120.0,1.0,Semiurban,Y
LP108531,Male,No,2,Not Graduate,No,3951,0.0,104.0,240.0,1.0,Rural,N
LP108532,Male,Yes,2,Graduate,No,2807,1423.0,71.0,300.0,1.0,Semiurban,Y
LP108533,Male,No,0,Graduate,No,2755,0.0,181.0,120.0,1.0,Semiurban,Y
LP108534,Male,Yes,0,Graduate,No,11021,1675.0,130.0,240.0,1.0,Urban,Y
LP108535,Female,No,2,Graduate,No,1733,0.0,100.0,360.0,1.0,Semiurban,Y
LP108536,Male,Yes,3+,Not Graduate,No,3183,2739.0,72.0,180.0,0.0,Urban,N
LP108537,Male,No,1,Graduate,No,7134,0.0,545.0,300.0,1.0,Rural,Y
LP108538,Female,Yes,3+,Not Graduate,Yes,3517,1401.0,21.0,84.0,,Urban,N
LP108539,Male,No,,Not Graduate,No,6249,0.0,85.0,84.0,1.0,Semiurban,Y
LP108540,Female,Yes,1,Graduate,No,3862,1943.0,100.0,240.0,1.0,Urban,Y
LP108541,Female,Yes,1,Graduate,No,6389,2548.0,233.0,360.0,1.0,Rural,Y
LP108542,Female,Yes,3+,Not Graduate,Yes,2636,2085.0,111.0,300.0,1.0,Semiurban,Y
LP108543,Male,No,0,Not Graduate,No,1611,0.0,149.0,360.0,,Rural,Y
LP108544,Female,No,1,Graduate,Yes,3863,0.0,103.0,240.0,1.0,Urban,Y
LP108545,Female,Yes,0,Not Graduate,Yes,1680,4211.0,405.0,300.0,1.0,Urban,Y
LP108546,Male,Yes,1,Not Graduate,No,4721,2387.0,170.0,300.0,0.0,Semiurban,N
LP108547,Male,Yes,3+,Graduate,No,2484,1652.0,90.0,240.0,1.0,Semiurban,Y
LP108548,Male,No,0,Not Graduate,No,2502,0.0,204.0,36.0,0.0,Urban,N
LP108549,Male,No,2,Graduate,Yes,11887,0.0,115.0,360.0,1.0,Semiurban,Y
LP108550,Male,No,3+,Graduate,Yes,5791,0.0,401.0,360.0,1.0,Urban,Y
LP108551,Male,Yes,0,Graduate,No,1955,534.0,302.0,300.0,1.0,Semiurban,Y
LP108552,Male,No,2,Graduate,No,4774,0.0,160.0,,1.0,Semiurban,Y
LP108553,Male,No,0,Not Graduate,No,4510,0.0,116.0,360.0,1.0,Semiurban,Y
LP108554,Male,Yes,0,Graduate,No,1500,2431.0,91.0,12.0,1.0,Semiurban,Y
LP108555,Male,Yes,2,Graduate,Yes,6054,1083.0,227.0,84.0,0.0,Urban,N
LP108556,Female,Yes,2,Not Graduate,No,8705,1341.0,,180.0,0.0,Rural,N
LP108557,Male,Yes,1,Graduate,No,3813,907.0,112.0,60.0,1.0,Rural,Y
LP108558,Male,Yes,0,Graduate,No,4124,1188.0,175.0,36.0,1.0,Semiurban,Y
LP108559,Male,Yes,3+,Graduate,No,3518,4103.0,181.0,360.0,1.0,Semiurban,Y
LP108560,Male,Yes,2,Graduate,No,6193,1564.0,229.0,120.0,1.0,Urban,Y
LP108561,Female,Yes,0,Not Graduate,No,4231,3521.0,84.0,360.0,0.0,Semiurban,N
LP108562,Female,Yes,1,Graduate,No,4333,6648.0,175.0,300.0,1.0,Semiurban,Y
LP108563,Male,Yes,0,Graduate,,3024,1318.0,516.0,180.0,1.0,Urban,Y
LP108564,Female,No,0,Graduate,No,16727,0.0,142.0,360.0,1.0,Rural,Y
LP108565,Male,Yes,1,Graduate,No,4205,2556.0,176.0,240.0,1.0,Urban,Y
LP108566,Male,Yes,1,Graduate,No,7482,938.0,168.0,300.0,1.0,Urban,Y
LP108567,Male,Yes,0,Graduate,No,5763,1808.0,187.0,240.0,1.0,Semiurban,Y
LP108568,Female,No,2,Graduate,No,1500,0.0,67.0,360.0,1.0,Semiurban,Y
LP108569,Male,No,0,Graduate,No,3934,0.0,458.0,360.0,0.0,Urban,N
LP108570,Female,Yes,1,Graduate,No,2460,2340.0,142.0,240.0,1.0,Semiurban,Y
LP108571,Female,No,0,Graduate,No,8831,0.0,186.0,180.0,1.0,Urban,Y
LP108572,Male,Yes,1,Graduate,No,2298,2982.0,141.0,360.0,1.0,Semiurban,Y
LP108573,Male,No,0,Not Graduate,No,6613,0.0,236.0,180.0,1.0,Semiurban,Y
LP108574,Female,Yes,2,Graduate,No,8936,4740.0,99.0,300.0,1.0,Rural,Y
LP108575,Male,Yes,1,Graduate,No,5815,864.0,61.0,300.0,1.0,Semiurban,Y
LP108576,Male,Yes,0,Not Graduate,Yes,4925,5078.0,125.0,480.0,1.0,Rural,Y
LP108577,Male,Yes,0,Not Graduate,No,3875,11259.0,179.0,240.0,1.0,Semiurban,Y
LP108578,Male,Yes,1,Graduate,No,4563,4988.0,109.0,240.0,,Rural,Y
LP108579,Male,No,0,Graduate,No,2199,0.0,89.0,60.0,1.0,Rural,Y
LP108580,Male,No,1,Graduate,No,5468,0.0,165.0,360.0,0.0,Semiurban,N
LP108581,Male,Yes,1,Not Graduate,Yes,9236,6985.0,76.0,120.0,1.0,Urban,Y
LP108582,Male,Yes,2,Graduate,Yes,2911,1235.0,241.0,360.0,0.0,Semiurban,N
LP108583,Female,Yes,3+,Not Graduate,,4969,1752.0,111.0,180.0,1.0,Urban,N
LP108584,Female,Yes,1,Graduate,No,4618,1246.0,180.0,360.0,1.0,Urban,Y
LP108585,Male,Yes,2,Graduate,No,5928,1135.0,66.0,60.0,1.0,Rural,Y
LP108586,Male,Yes,2,Not Graduate,No,3562,1800.0,302.0,360.0,1.0,Semiurban,Y
LP108587,Female,No,3+,Not Graduate,No,1987,0.0,177.0,300.0,0.0,Urban,N
LP108588,Male,Yes,0,Not Graduate,No,2509,1043.0,194.0,360.0,0.0,Semiurban,N
LP108589,Male,Yes,2,Not Graduate,No,1500,830.0,61.0,300.0,0.0,Rural,N
LP108590,Female,Yes,3+,Not Graduate,No,7829,6169.0,85.0,,1.0,Rural,Y
LP108591,Female,Yes,1,Graduate,No,6239,6607.0,151.0,120.0,1.0,Semiurban,Y
LP108592,Female,Yes,0,Graduate,No,4872,13853.0,70.0,240.0,1.0,Urban,Y
LP108593,Female,No,3+,Graduate,No,3234,0.0,92.0,360.0,1.0,Semiurban,Y
LP108594,Male,Yes,2,Graduate,No,4459,1851.0,211.0,360.0,1.0,Semiurban,Y
LP108595,Male,Yes,1,Graduate,No,4831,3351.0,93.0,360.0,0.0,Urban,N
LP108596,Female,No,2,Graduate,Yes,3594,0.0,168.0,240.0,1.0,Rural,Y
LP108597,Male,Yes,0,Graduate,No,3677,826.0,81.0,300.0,0.0,Urban,N
LP108598,Male,No,0,Graduate,No,10782,0.0,192.0,360.0,1.0,Urban,Y
LP108599,Female,Yes,1,Not Graduate,No,2320,3531.0,68.0,360.0,,Urban,Y
LP108600,Female,Yes,1,Graduate,No,8917,907.0,191.0,300.0,1.0,Rural,Y
LP108601,Male,No,2,Graduate,No,1864,0.0,491.0,360.0,0.0,Urban,N
LP108602,Female,No,1,Graduate,No,12895,0.0,97.0,300.0,1.0,Semiurban,Y
LP108603,Female,Yes,2,Graduate,No,1500,1813.0,90.0,300.0,,Rural,Y
LP108604,Female,Yes,0,Graduate,No,6497,1576.0,266.0,360.0,1.0,Urban,Y
LP108605,Male,No,1,Graduate,No,3310,0.0,139.0,360.0,1.0,Urban,Y
LP108606,Male,Yes,0,Graduate,Yes,4446,1222.0,66.0,360.0,0.0,Urban,N
LP108607,Male,Yes,1,Not Graduate,No,4531,4153.0,164.0,360.0,1.0,Semiurban,Y
LP108608,Male,No,3+,Not Graduate,No,7068,0.0,152.0,360.0,1.0,Semiurban,Y
LP108609,Male,Yes,0,Graduate,No,1514,2419.0,91.0,360.0,1.0,Semiurban,Y
LP108610,Male,No,2,Not Graduate,Yes,4824,0.0,89.0,300.0,1.0,Urban,N
LP108611,Male,No,0,Graduate,No,5492,0.0,,360.0,1.0,Semiurban,Y
LP108612,Female,No,0,Not Graduate,Yes,3305,0.0,74.0,300.0,1.0,Rural,N
LP108613,Male,No,0,Graduate,No,4597,0.0,59.0,12.0,1.0,Rural,Y
LP108614,Female,Yes,2,Graduate,No,3299,3452.0,84.0,360.0,1.0,Semiurban,Y
LP108615,Female,Yes,0,Not Graduate,No,6855,3239.0,225.0,360.0,1.0,Rural,Y
LP108616,Male,Yes,2,Graduate,No,6114,545.0,114.0,300.0,1.0,Rural,Y
LP108617,Female,No,2,Graduate,No,5598,0.0,95.0,120.0,1.0,Semiurban,Y
LP108618,Male,No,0,Graduate,No,7313,0.0,128.0,300.0,1.0,Urban,Y
LP108619,Male,Yes,1,Not Graduate,No,10387,1434.0,179.0,12.0,,Rural,Y
LP108620,Female,Yes,1,Graduate,No,2711,1632.0,337.0,360.0,1.0,Rural,Y
LP108621,Male,No,3+,Graduate,No,18643,0.0,165.0,360.0,1.0,Urban,Y
LP108622,Female,Yes,0,Not Graduate,No,6222,1338.0,435.0,360.0,0.0,Rural,N
LP108623,Male,Yes,0,Not Graduate,No,3638,2406.0,208.0,240.0,,Urban,Y
LP108624,Female,No,1,Graduate,No,19531,0.0,112.0,240.0,1.0,Urban,Y
LP108625,Male,No,2,Graduate,No,3831,0.0,229.0,180.0,1.0,Urban,Y
LP108626,Male,No,2,Graduate,No,2376,0.0,196.0,360.0,1.0,Urban,Y
LP108627,Male,No,3+,Graduate,No,3619,0.0,269.0,240.0,1.0,Semiurban,Y
LP108628,Female,Yes,3+,Not Graduate,No,3516,263.0,208.0,300.0,1.0,Semiurban,N
LP108629,Female,No,0,Not Graduate,Yes,9423,0.0,143.0,300.0,1.0,Semiurban,Y
LP108630,Male,Yes,1,Graduate,No,4593,1829.0,100.0,360.0,1.0,Semiurban,Y
LP108631,Male,No,2,Graduate,,5218,0.0,145.0,480.0,1.0,Semiurban,Y
LP108632,Male,Yes,3+,Graduate,No,5105,594.0,55.0,300.0,0.0,Urban,N
LP108633,Female,Yes,0,Graduate,Yes,9893,2526.0,121.0,240.0,1.0,Rural,Y
LP108634,Male,Yes,1,Graduate,No,4049,1483.0,66.0,360.0,1.0,Semiurban,Y
LP108635,Female,Yes,3+,Graduate,No,4345,2020.0,176.0,36.0,1.0,Semiurban,Y
LP108636,Female,No,1,Graduate,No,3251,0.0,221.0,360.0,1.0,Semiurban,Y
LP108637,Male,No,1,Graduate,Yes,3818,0.0,162.0,120.0,1.0,Rural,Y
LP108638,Male,No,3+,Graduate,No,6735,0.0,121.0,300.0,1.0,Urban,Y
LP108639,Male,No,2,Graduate,No,7609,0.0,113.0,240.0,0.0,Urban,N
LP108640,Female,Yes,0,Graduate,No,13628,882.0,276.0,360.0,1.0,Rural,Y
LP108641,Male,No,0,Graduate,No,4617,0.0,,360.0,0.0,Semiurban,N
LP108642,Male,No,1,Graduate,No,4195,0.0,71.0,60.0,0.0,Urban,N
LP108643,Female,No,3+,Not Graduate,Yes,6237,0.0,156.0,120.0,1.0,Semiurban,Y
LP108644,Male,Yes,3+,Not Graduate,Yes,3709,1838.0,163.0,360.0,1.0,Semiurban,N
LP108645,Male,Yes,2,Not Graduate,No,3346,325.0,118.0,300.0,1.0,Semiurban,Y
LP108646,Male,No,1,Graduate,No,5967,0.0,59.0,360.0,0.0,Semiurban,N
LP108647,Male,Yes,0,Graduate,No,3885,1024.0,39.0,240.0,1.0,Rural,Y
LP108648,Female,No,2,Graduate,No,4131,0.0,148.0,300.0,1.0,Rural,Y
LP108649,Male,No,1,Not Graduate,No,7068,0.0,48.0,180.0,1.0,Rural,Y
LP108650,Male,Yes,2,Not Graduate,No,5919,2680.0,98.0,360.0,1.0,Semiurban,Y
LP108651,Female,No,2,Not Graduate,No,16322,0.0,202.0,240.0,,Urban,Y
LP108652,Male,No,1,Graduate,No,8544,0.0,172.0,360.0,0.0,Semiurban,Y
LP108653,Female,No,3+,Not Graduate,No,3101,0.0,93.0,360.0,1.0,Semiurban,N
LP108654,Female,Yes,,Not Graduate,No,3866,2242.0,229.0,84.0,1.0,Urban,Y
LP108655,Male,No,2,Graduate,Yes,2156,0.0,184.0,120.0,1.0,Semiurban,Y
LP108656,Male,Yes,1,Graduate,No,2741,1293.0,100.0,36.0,1.0,Semiurban,Y
LP108657,Female,Yes,2,Graduate,No,10481,2684.0,334.0,240.0,0.0,Rural,Y
LP108658,Male,No,2,Graduate,No,4160,0.0,179.0,180.0,1.0,Urban,Y
LP108659,Male,No,0,Graduate,Yes,2139,0.0,84.0,60.0,1.0,Semiurban,Y
LP108660,Female,No,0,Not Graduate,No,1527,0.0,39.0,360.0,1.0,Semiurban,Y
LP108661,Male,Yes,0,Not Graduate,No,2032,2943.0,153.0,360.0,,Urban,N
LP108662,Female,Yes,0,Not Graduate,,3036,3244.0,99.0,360.0,1.0,Urban,Y
LP108663,Male,No,2,Graduate,No,4925,0.0,135.0,180.0,1.0,Urban,Y
LP108664,Male,Yes,0,Graduate,No,3874,2089.0,,360.0,1.0,Urban,Y
LP108665,Male,No,1,Not Graduate,No,7473,0.0,35.0,240.0,1.0,Urban,Y
LP108666,Female,No,0,Graduate,Yes,2803,0.0,112.0,12.0,1.0,Rural,N
LP108667,Female,No,1,Graduate,No,10258,0.0,69.0,360.0,1.0,Urban,Y
LP108668,Female,Yes,2,Not Graduate,No,4528,2162.0,98.0,360.0,1.0,Rural,Y
LP108669,Male,No,0,Graduate,Yes,6470,0.0,94.0,180.0,1.0,Rural,Y
LP108670,Male,No,2,Graduate,No,3597,0.0,139.0,180.0,1.0,Semiurban,Y
LP108671,Male,Yes,2,Graduate,No,9046,1456.0,160.0,360.0,1.0,Urban,Y
LP108672,Male,Yes,0,Not Graduate,No,2216,4770.0,177.0,180.0,1.0,Semiurban,Y
LP108673,Male,Yes,2,Graduate,Yes,2344,1150.0,31.0,84.0,1.0,Urban,Y
LP108674,Male,Yes,0,Graduate,,2747,1495.0,315.0,360.0,,Urban,N
LP108675,Male,No,0,Not Graduate,Yes,9952,0.0,50.0,360.0,0.0,Semiurban,N
LP108676,Female,No,1,Graduate,No,4263,0.0,133.0,300.0,1.0,Urban,Y
LP108677,Male,No,0,Graduate,No,2782,0.0,81.0,300.0,1.0,Semiurban,Y
LP108678,Female,Yes,2,Graduate,No,4368,830.0,160.0,360.0,1.0,Semiurban,Y
LP108679,Male,No,0,Graduate,No,5449,0.0,44.0,360.0,0.0,Rural,N
LP108680,Male,Yes,0,Graduate,No,2575,2185.0,340.0,360.0,1.0,Urban,Y
LP108681,Male,No,1,Not Graduate,No,5408,0.0,108.0,180.0,1.0,Urban,Y
LP108682,Male,Yes,1,Graduate,No,4529,2321.0,181.0,360.0,1.0,Semiurban,Y
LP108683,Male,No,2,Not Graduate,No,3628,0.0,83.0,360.0,1.0,Rural,N
LP108684,Male,No,0,Graduate,No,2298,0.0,363.0,360.0,1.0,Rural,Y
LP108685,Male,No,2,Graduate,Yes,8376,0.0,58.0,360.0,0.0,Semiurban,N
LP108686,Female,No,3+,Graduate,No,3709,0.0,27.0,60.0,1.0,Semiurban,Y
LP108687,Female,No,1,Graduate,No,1500,0.0,304.0,84.0,0.0,Semiurban,N
LP108688,Female,Yes,2,Graduate,No,6085,1904.0,66.0,84.0,1.0,Urban,Y
LP108689,Male,No,1,Graduate,No,6176,0.0,128.0,360.0,1.0,Semiurban,Y
LP108690,Male,Yes,0,Graduate,No,8602,4686.0,342.0,360.0,1.0,Semiurban,Y
LP108691,Male,Yes,0,Not Graduate,Yes,6297,1535.0,105.0,300.0,1.0,Semiurban,Y
LP108692,Male,Yes,0,Graduate,No,5340,3697.0,156.0,300.0,1.0,Rural,Y
LP108693,Male,No,3+,Graduate,Yes,3669,0.0,218.0,360.0,1.0,Rural,N
LP108694,Male,Yes,0,Not Graduate,No,3676,1900.0,136.0,480.0,1.0,Urban,Y
LP108695,Male,Yes,2,Graduate,No,7372,2586.0,293.0,360.0,1.0,Rural,Y
LP108696,Male,No,0,Not Graduate,Yes,4473,0.0,205.0,360.0,0.0,Urban,N
LP108697,Male,No,2,Graduate,No,2074,0.0,78.0,480.0,0.0,Urban,N
LP108698,Female,No,0,Not Graduate,No,3997,0.0,208.0,360.0,1.0,Rural,Y
LP108699,Female,Yes,2,Graduate,Yes,4757,784.0,131.0,360.0,1.0,Semiurban,Y
LP108700,Female,Yes,0,Not Graduate,No,1500,1082.0,131.0,84.0,,Rural,Y
LP108701,Female,Yes,3+,Graduate,No,7692,660.0,163.0,180.0,0.0,Urban,N
LP108702,Male,Yes,2,Not Graduate,No,4916,6966.0,233.0,300.0,0.0,Rural,N
LP108703,Female,Yes,2,Not Graduate,No,2169,473.0,75.0,360.0,,Rural,Y
LP108704,Female,No,,Graduate,No,4111,0.0,293.0,120.0,1.0,Semiurban,Y
LP108705,Male,Yes,0,Not Graduate,No,4622,2638.0,283.0,360.0,1.0,Semiurban,Y
LP108706,Male,Yes,3+,Graduate,,8669,896.0,91.0,360.0,1.0,Rural,Y
LP108707,Female,Yes,0,Graduate,No,8521,653.0,385.0,360.0,1.0,Semiurban,Y
LP108708,Male,Yes,0,Graduate,Yes,9384,1753.0,121.0,300.0,1.0,Semiurban,Y
LP108709,Female,Yes,1,Graduate,No,6158,1510.0,188.0,240.0,1.0,Semiurban,Y
LP108710,Male,Yes,0,Graduate,No,3320,2480.0,101.0,360.0,,Semiurban,Y
LP108711,Male,No,0,Not Graduate,No,2851,0.0,219.0,360.0,1.0,Rural,N
LP108712,Male,Yes,1,Not Graduate,No,3227,1554.0,102.0,36.0,1.0,Urban,Y
LP108713,Male,Yes,1,Not Graduate,No,4724,896.0,147.0,300.0,1.0,Semiurban,Y
LP108714,Female,Yes,0,Graduate,,4841,5020.0,27.0,360.0,0.0,Semiurban,N
LP108715,Female,Yes,1,Graduate,No,9112,2508.0,101.0,300.0,1.0,Semiurban,Y
LP108716,Male,Yes,1,Graduate,No,4219,1204.0,95.0,180.0,,Urban,Y
LP108717,Male,Yes,2,Graduate,No,1500,5636.0,43.0,,1.0,Semiurban,Y
LP108718,Female,Yes,0,Graduate,No,2402,1275.0,212.0,180.0,1.0,Rural,Y
LP108719,Male,Yes,2,Not Graduate,No,2736,1663.0,106.0,360.0,1.0,Semiurban,Y
LP108720,Male,Yes,1,Not Graduate,No,2735,2245.0,45.0,180.0,1.0,Urban,Y
LP108721,Male,Yes,1,Graduate,No,1500,3742.0,192.0,12.0,1.0,Semiurban,Y
LP108722,Female,Yes,0,Graduate,Yes,12602,1825.0,258.0,60.0,1.0,Semiurban,Y
LP108723,Female,Yes,0,Graduate,Yes,1500,5632.0,123.0,240.0,0.0,Semiurban,N
LP108724,Male,Yes,2,Graduate,No,3483,1311.0,54.0,300.0,1.0,Semiurban,Y
LP108725,Male,Yes,0,Graduate,Yes,7295,824.0,43.0,360.0,1.0,Urban,Y
LP108726,Female,Yes,2,Graduate,No,7000,6464.0,64.0,300.0,1.0,Semiurban,Y
LP108727,Female,Yes,3+,Graduate,No,2034,1407.0,81.0,360.0,0.0,Semiurban,N
LP108728,Male,Yes,1,Not Graduate,No,10137,2906.0,374.0,120.0,1.0,Semiurban,Y
LP108729,Male,Yes,1,Graduate,No,9289,3343.0,118.0,240.0,1.0,Urban,Y
LP108730,Female,Yes,0,Not Graduate,No,4407,9567.0,62.0,300.0,1.0,Urban,Y
LP108731,Male,No,,Graduate,Yes,4995,0.0,92.0,12.0,1.0,Rural,N
LP108732,Male,No,2,Graduate,No,2840,0.0,,360.0,0.0,Semiurban,N
LP108733,Male,No,,Not Graduate,Yes,5718,0.0,187.0,360.0,1.0,Urban,Y
LP108734,Male,No,1,Graduate,No,5629,0.0,138.0,360.0,0.0,Urban,N
LP108735,Male,No,2,Graduate,No,3670,0.0,121.0,120.0,0.0,Urban,N
LP108736,Male,No,2,Graduate,No,7239,0.0,134.0,84.0,1.0,Semiurban,Y
LP108737,Female,Yes,0,Not Graduate,Yes,5996,3773.0,147.0,360.0,0.0,Semiurban,N
LP108738,Male,Yes,1,Graduate,No,33792,2428.0,119.0,180.0,1.0,Urban,Y
LP108739,Male,Yes,1,Graduate,No,2861,972.0,142.0,240.0,1.0,Semiurban,Y
LP108740,Male,No,0,Graduate,,10935,0.0,112.0,240.0,1.0,Urban,Y
LP108741,Female,No,2,Graduate,No,2947,0.0,80.0,120.0,1.0,Urban,Y
LP108742,Female,Yes,0,Not Graduate,No,6744,2405.0,114.0,360.0,1.0,Rural,Y
LP108743,Male,No,1,Not Graduate,Yes,1500,0.0,163.0,300.0,1.0,Semiurban,Y
LP108744,Female,Yes,0,Graduate,No,3614,1316.0,86.0,,1.0,Rural,Y
LP108745,Male,Yes,0,Graduate,No,6523,619.0,172.0,120.0,1.0,Urban,Y
LP108746,Female,Yes,1,Not Graduate,No,5675,2711.0,220.0,240.0,1.0,Urban,Y
LP108747,Male,Yes,3+,Graduate,No,1500,818.0,164.0,300.0,1.0,Semiurban,Y
LP108748,Female,Yes,1,Not Graduate,Yes,3838,8660.0,95.0,,1.0,Semiurban,Y
LP108749,Male,No,0,Graduate,Yes,11920,0.0,142.0,480.0,1.0,Semiurban,Y
LP108750,Male,No,2,Graduate,No,9112,0.0,147.0,360.0,1.0,Semiurban,Y
LP108751,Female,No,0,Not Graduate,Yes,8745,0.0,151.0,240.0,1.0,Urban,Y
LP108752,Male,Yes,0,Graduate,No,20157,2629.0,328.0,180.0,1.0,Semiurban,Y
LP108753,Male,No,0,Not Graduate,No,1725,0.0,67.0,300.0,1.0,Rural,Y
LP108754,Male,Yes,0,Not Graduate,No,3879,4868.0,152.0,300.0,0.0,Semiurban,N
LP108755,Female,Yes,1,Graduate,,5007,1674.0,105.0,300.0,1.0,Urban,Y
LP108756,Male,No,1,Not Graduate,No,3169,0.0,63.0,360.0,1.0,Semiurban,N
LP108757,Male,Yes,0,Graduate,Yes,5297,2788.0,63.0,300.0,1.0,Semiurban,Y
LP108758,Female,Yes,2,Not Graduate,No,10727,736.0,227.0,180.0,1.0,Urban,Y
LP108759,Male,Yes,0,Not Graduate,No,5251,3055.0,57.0,120.0,1.0,Semiurban,Y
LP108760,Male,No,3+,Not Graduate,Yes,1500,0.0,,360.0,1.0,Rural,N
LP108761,Female,Yes,1,Not Graduate,No,7377,1074.0,145.0,480.0,1.0,Semiurban,Y
LP108762,Male,Yes,0,Graduate,No,4870,3886.0,80.0,360.0,0.0,Urban,N
LP108763,Male,No,3+,Not Graduate,No,1500,0.0,221.0,360.0,1.0,Semiurban,N
LP108764,Male,No,0,Not Graduate,No,3397,0.0,66.0,240.0,1.0,Urban,N
LP108765,Female,No,1,Graduate,No,1734,0.0,96.0,360.0,1.0,Urban,Y
LP108766,Male,Yes,0,Graduate,No,4135,622.0,69.0,240.0,1.0,Urban,Y
LP108767,Female,Yes,2,Graduate,Yes,3632,2679.0,212.0,12.0,1.0,Urban,Y
LP108768,Female,Yes,1,Graduate,Yes,1968,562.0,273.0,36.0,0.0,Rural,N
LP108769,Male,Yes,0,Not Graduate,No,5713,2003.0,155.0,360.0,1.0,Semiurban,Y
LP108770,,No,0,Graduate,No,2566,0.0,616.0,240.0,1.0,Urban,Y
LP108771,Male,Yes,2,Graduate,No,10877,2370.0,175.0,360.0,1.0,Rural,Y
LP108772,Male,Yes,0,Graduate,No,5436,6264.0,196.0,240.0,1.0,Semiurban,Y
LP108773,Female,No,0,Not Graduate,Yes,4202,0.0,245.0,360.0,1.0,Semiurban,Y
LP108774,Female,No,1,Not Graduate,No,10430,0.0,89.0,300.0,0.0,Urban,N
LP108775,Male,No,2,Graduate,Yes,5745,0.0,171.0,360.0,1.0,Semiurban,Y
LP108776,Male,No,0,Not Graduate,No,6050,0.0,75.0,180.0,0.0,Urban,N
LP108777,Male,No,0,Graduate,No,4726,0.0,60.0,300.0,1.0,Urban,Y
LP108778,Male,No,2,Graduate,Yes,4071,0.0,258.0,240.0,0.0,Urban,N
LP108779,Male,Yes,0,Not Graduate,No,6263,1774.0,80.0,360.0,1.0,Urban,Y
LP108780,Male,No,2,Graduate,Yes,12263,0.0,149.0,180.0,0.0,Semiurban,Y
LP108781,Female,Yes,3+,Graduate,Yes,1500,876.0,357.0,240.0,0.0,Urban,N
LP108782,Male,Yes,2,Graduate,No,15077,1385.0,45.0,360.0,0.0,Semiurban,Y
LP108783,Male,Yes,0,Graduate,No,2684,925.0,198.0,180.0,1.0,Urban,Y
LP108784,Female,No,0,Graduate,No,5516,0.0,132.0,180.0,1.0,Semiurban,Y
LP108785,Female,No,0,Graduate,Yes,1754,0.0,128.0,240.0,,Urban,Y
LP108786,Male,Yes,3+,Graduate,Yes,12026,1106.0,139.0,360.0,1.0,Semiurban,Y
LP108787,Male,Yes,3+,Graduate,Yes,2143,9266.0,135.0,240.0,1.0,Urban,Y
LP108788,Male,No,0,Graduate,No,9637,0.0,183.0,240.0,0.0,Urban,N
LP108789,Male,No,2,Graduate,No,4252,0.0,71.0,36.0,1.0,Urban,Y
LP108790,Male,Yes,2,Not Graduate,No,4457,1188.0,181.0,360.0,0.0,Semiurban,N
LP108791,Female,Yes,0,Graduate,No,2308,4077.0,68.0,360.0,0.0,Urban,N
LP108792,Male,No,0,Not Graduate,No,10213,0.0,474.0,360.0,1.0,Semiurban,Y
LP108793,Male,Yes,0,Graduate,Yes,4498,5943.0,126.0,300.0,1.0,Urban,Y
LP108794,Male,No,1,Not Graduate,No,7559,0.0,149.0,240.0,,Rural,Y
LP108795,Male,Yes,3+,Graduate,No,1500,1547.0,388.0,120.0,1.0,Semiurban,N
LP108796,Male,Yes,3+,Not Graduate,No,2879,1069.0,84.0,360.0,1.0,Urban,N
LP108797,Female,Yes,0,Graduate,No,5712,845.0,133.0,300.0,1.0,Urban,Y
LP108798,Male,Yes,0,Graduate,No,1906,2108.0,57.0,240.0,1.0,Urban,Y
LP108799,Male,Yes,1,Graduate,Yes,6104,2519.0,75.0,360.0,1.0,Rural,Y
LP108800,Male,Yes,2,Graduate,No,3303,5281.0,57.0,360.0,1.0,Urban,Y
LP108801,Female,No,2,Not Graduate,,3082,0.0,216.0,84.0,1.0,Rural,N
LP108802,Male,Yes,1,Not Graduate,No,6685,1363.0,188.0,360.0,1.0,Semiurban,Y
LP108803,Male,No,1,Graduate,No,5445,0.0,103.0,300.0,1.0,Rural,Y
LP108804,Female,Yes,0,Not Graduate,No,2503,3482.0,99.0,360.0,1.0,Rural,Y
LP108805,Male,No,1,Graduate,No,9642,0.0,240.0,480.0,1.0,Rural,Y
LP108806,Male,Yes,3+,Not Graduate,No,6656,1691.0,133.0,360.0,1.0,Urban,Y
LP108807,Male,Yes,0,Not Graduate,No,1500,3066.0,79.0,240.0,1.0,Rural,Y
LP108808,Male,Yes,1,Graduate,No,4097,2307.0,255.0,300.0,1.0,Urban,Y
LP108809,Male,Yes,0,Graduate,Yes,6148,807.0,123.0,360.0,0.0,Urban,N
LP108810,Female,No,1,Graduate,No,4597,0.0,201.0,360.0,0.0,Semiurban,N
LP108811,Male,No,1,Graduate,No,1500,0.0,140.0,,0.0,Semiurban,N
LP108812,Male,No,1,Not Graduate,No,5105,0.0,467.0,360.0,1.0,Semiurban,Y
LP108813,Male,Yes,3+,Not Graduate,No,7742,639.0,118.0,360.0,0.0,Rural,N
LP108814,Male,No,1,Not Graduate,No,4680,0.0,40.0,84.0,1.0,Rural,N
LP108815,Male,Yes,1,Graduate,Yes,5081,9690.0,117.0,480.0,1.0,Urban,Y
LP108816,Female,No,0,Graduate,No,9062,0.0,157.0,480.0,1.0,Semiurban,Y
LP108817,Male,No,2,Graduate,Yes,1899,0.0,176.0,240.0,1.0,Urban,Y
LP108818,Female,Yes,0,Not Graduate,No,7645,1634.0,218.0,360.0,1.0,Semiurban,Y
LP108819,Male,Yes,,Graduate,No,6025,690.0,94.0,180.0,1.0,Semiurban,Y
LP108820,Male,Yes,0,Not Graduate,No,1855,762.0,343.0,120.0,1.0,Semiurban,Y
LP108821,Male,No,0,Graduate,No,7469,0.0,239.0,360.0,1.0,Rural,Y
LP108822,Male,Yes,0,Graduate,No,14526,10062.0,145.0,300.0,1.0,Urban,Y
LP108823,Male,No,3+,Graduate,No,6004,0.0,88.0,60.0,1.0,Rural,Y
LP108824,Male,Yes,0,Not Graduate,No,6854,2089.0,427.0,360.0,1.0,Semiurban,Y
LP108825,Female,Yes,0,Graduate,No,2593,3119.0,207.0,240.0,1.0,Urban,Y
LP108826,Male,Yes,0,Not Graduate,No,3390,2707.0,99.0,120.0,0.0,Semiurban,N
LP108827,Male,Yes,0,Graduate,No,2668,3611.0,311.0,300.0,1.0,Semiurban,Y
LP108828,Male,No,0,Graduate,No,6232,0.0,153.0,300.0,1.0,Urban,Y
LP108829,Male,Yes,1,Graduate,No,3601,701.0,332.0,360.0,1.0,Urban,Y
LP108830,Male,Yes,0,Not Graduate,No,3470,849.0,80.0,300.0,1.0,Semiurban,Y
LP108831,Male,Yes,1,Graduate,No,7496,530.0,119.0,360.0,1.0,Urban,Y
LP108832,,Yes,0,Not Graduate,No,13384,1192.0,307.0,240.0,1.0,Rural,Y
LP108833,Female,No,1,Graduate,No,4662,0.0,89.0,84.0,0.0,Rural,N
LP108834,,Yes,1,Graduate,No,1910,3228.0,115.0,36.0,1.0,Semiurban,Y
LP108835,Male,No,0,Graduate,Yes,5034,0.0,25.0,240.0,1.0,Urban,Y
LP108836,Male,,1,Graduate,No,5513,0.0,171.0,360.0,1.0,Semiurban,Y
LP108837,Female,No,0,Not Graduate,No,8093,0.0,268.0,12.0,1.0,Semiurban,Y
LP108838,Male,Yes,0,Not Graduate,No,4047,6138.0,77.0,180.0,1.0,Rural,Y
LP108839,Male,Yes,2,Graduate,No,8338,3917.0,175.0,120.0,1.0,Urban,Y
LP108840,Male,No,1,Not Graduate,No,7605,0.0,97.0,300.0,1.0,Semiurban,Y
LP108841,Male,No,2,Graduate,No,4109,0.0,,360.0,0.0,Semiurban,N
LP108842,Male,No,0,Not Graduate,No,8039,0.0,110.0,300.0,1.0,Urban,Y
LP108843,Male,Yes,0,Graduate,No,8587,570.0,95.0,360.0,1.0,Urban,Y
LP108844,Male,Yes,0,Graduate,,2553,2285.0,144.0,360.0,1.0,Semiurban,Y
LP108845,Male,Yes,,Graduate,No,8744,691.0,111.0,300.0,1.0,Urban,Y
LP108846,Female,No,1,Graduate,Yes,4573,0.0,299.0,360.0,1.0,Rural,Y
LP108847,Male,Yes,0,Not Graduate,No,4236,942.0,96.0,240.0,1.0,Rural,Y
LP108848,Male,Yes,2,Graduate,No,4606,802.0,124.0,360.0,,Semiurban,Y
LP108849,Male,No,0,Graduate,No,10349,0.0,155.0,360.0,1.0,Semiurban,Y
LP108850,Female,Yes,3+,Graduate,No,10332,6903.0,130.0,360.0,1.0,Urban,Y
LP108851,Female,Yes,0,Graduate,No,6540,740.0,97.0,180.0,1.0,Rural,Y
LP108852,Male,Yes,2,Graduate,No,5777,1668.0,138.0,180.0,1.0,Semiurban,Y
LP108853,Male,Yes,1,Graduate,,4616,1069.0,183.0,240.0,1.0,Semiurban,Y
LP108854,Female,Yes,3+,Graduate,No,24811,7865.0,230.0,180.0,1.0,Rural,Y
LP108855,Female,Yes,0,Graduate,,3258,421.0,37.0,300.0,0.0,Urban,N
LP108856,Male,Yes,1,Graduate,Yes,3758,2623.0,181.0,360.0,1.0,Semiurban,Y
LP108857,Male,Yes,0,Graduate,No,5892,5026.0,89.0,120.0,1.0,Semiurban,Y
LP108858,Male,Yes,3+,Not Graduate,No,2852,1168.0,269.0,240.0,1.0,Urban,Y
LP108859,Female,No,3+,Not Graduate,No,9221,0.0,234.0,360.0,1.0,Urban,Y
LP108860,Male,Yes,0,Not Graduate,No,2032,4198.0,234.0,360.0,1.0,Semiurban,Y
LP108861,Male,Yes,2,Not Graduate,Yes,3202,745.0,94.0,180.0,1.0,Semiurban,Y
LP108862,Female,Yes,1,Not Graduate,No,3862,3008.0,58.0,360.0,1.0,Urban,Y
LP108863,Female,Yes,0,Graduate,No,2689,523.0,287.0,360.0,1.0,Rural,Y
LP108864,Female,Yes,0,Graduate,No,9178,504.0,270.0,360.0,1.0,Urban,Y
LP108865,Female,Yes,3+,Not Graduate,,2232,3570.0,40.0,240.0,1.0,Semiurban,Y
LP108866,Male,No,1,Graduate,Yes,2757,0.0,306.0,300.0,1.0,Urban,Y
LP108867,Male,Yes,0,Graduate,Yes,3274,2086.0,166.0,240.0,1.0,Urban,Y
LP108868,Male,No,0,Graduate,Yes,8150,0.0,145.0,300.0,1.0,Semiurban,Y
LP108869,Female,Yes,0,Not Graduate,No,11748,2263.0,81.0,360.0,1.0,Semiurban,Y
LP108870,Male,Yes,1,Not Graduate,No,6723,479.0,246.0,84.0,0.0,Semiurban,N
LP108871,Female,Yes,0,Graduate,Yes,2234,5097.0,101.0,240.0,1.0,Semiurban,Y
LP108872,Male,No,1,Not Graduate,No,3387,0.0,101.0,360.0,1.0,Urban,Y
LP108873,Female,Yes,0,Not Graduate,No,12622,1117.0,37.0,300.0,1.0,Semiurban,Y
LP108874,Male,Yes,0,Graduate,Yes,5000,407.0,85.0,360.0,1.0,Semiurban,Y
LP108875,Male,Yes,0,Not Graduate,No,2064,1534.0,74.0,120.0,1.0,Urban,Y
LP108876,Female,Yes,3+,Not Graduate,No,18332,1357.0,38.0,360.0,1.0,Rural,Y
LP108877,Male,No,0,Graduate,No,3491,0.0,342.0,480.0,1.0,Semiurban,Y
LP108878,Female,Yes,2,Not Graduate,No,4708,4190.0,124.0,240.0,0.0,Urban,N
LP108879,Male,No,0,Graduate,No,3258,0.0,57.0,84.0,1.0,Semiurban,Y
LP108880,Female,No,1,Not Graduate,Yes,2770,0.0,75.0,480.0,1.0,Rural,N
LP108881,Male,Yes,0,Not Graduate,No,10695,5957.0,94.0,240.0,1.0,Semiurban,Y
LP108882,Male,Yes,2,Graduate,Yes,5528,191.0,93.0,300.0,1.0,Semiurban,Y
LP108883,Female,Yes,2,Graduate,No,5938,1417.0,217.0,180.0,1.0,Semiurban,Y
LP108884,Male,Yes,0,Not Graduate,No,2280,1364.0,114.0,60.0,1.0,Semiurban,Y
LP108885,Male,Yes,0,Not Graduate,No,4106,3546.0,142.0,84.0,1.0,Semiurban,Y
LP108886,Male,Yes,2,Graduate,No,3383,1401.0,114.0,180.0,1.0,Semiurban,Y
LP108887,Male,No,0,Not Graduate,No,2994,0.0,269.0,480.0,1.0,Semiurban,Y
LP108888,Male,No,2,Graduate,No,6505,0.0,306.0,,0.0,Urban,N
LP108889,Female,No,0,Graduate,No,4012,0.0,123.0,240.0,1.0,Urban,Y
LP108890,Male,Yes,2,Not Graduate,No,7447,3431.0,76.0,180.0,1.0,Rural,Y
LP108891,Male,Yes,1,Not Graduate,No,7573,1805.0,125.0,120.0,1.0,Rural,Y
LP108892,Male,Yes,0,Not Graduate,No,3785,2311.0,20.0,300.0,1.0,Rural,Y
LP108893,Male,No,2,Graduate,No,6453,0.0,162.0,360.0,1.0,Urban,Y
LP108894,Male,No,1,Graduate,No,3724,0.0,59.0,480.0,1.0,Urban,Y
LP108895,Female,Yes,0,Not Graduate,No,3063,763.0,117.0,360.0,0.0,Urban,N
LP108896,Female,Yes,1,Graduate,No,2601,7119.0,178.0,60.0,1.0,Semiurban,Y
LP108897,Male,Yes,1,Graduate,No,5174,1472.0,95.0,120.0,1.0,Urban,Y
LP108898,Male,No,0,Not Graduate,No,3148,0.0,103.0,,1.0,Rural,Y
LP108899,Female,Yes,3+,Graduate,,11236,3691.0,156.0,120.0,0.0,Semiurban,Y
LP108900,Male,Yes,2,Graduate,Yes,13037,1734.0,96.0,84.0,1.0,Semiurban,Y
LP108901,Male,No,0,Graduate,No,6535,0.0,233.0,84.0,1.0,Rural,Y
LP108902,Male,No,2,Not Graduate,No,5687,0.0,213.0,240.0,0.0,Rural,N
LP108903,Male,Yes,0,Not Graduate,No,4969,3199.0,188.0,120.0,1.0,Semiurban,Y
LP108904,Female,No,1,Graduate,No,20419,0.0,92.0,120.0,1.0,Urban,Y
LP108905,Female,Yes,0,Graduate,No,15953,3617.0,189.0,300.0,0.0,Rural,Y
LP108906,Male,Yes,2,Graduate,No,4347,4539.0,85.0,120.0,1.0,Urban,Y
LP108907,Male,Yes,2,Not Graduate,No,4361,508.0,127.0,12.0,1.0,Urban,Y
LP108908,Female,No,1,Graduate,Yes,5979,0.0,27.0,360.0,0.0,Rural,N
LP108909,Female,No,0,Not Graduate,No,2421,0.0,,240.0,1.0,Urban,Y
LP108910,Male,Yes,0,Graduate,No,1669,2963.0,378.0,360.0,0.0,Semiurban,N
LP108911,Male,No,1,Graduate,No,2202,0.0,153.0,360.0,0.0,Semiurban,N
LP108912,Male,Yes,0,Not Graduate,No,4100,860.0,51.0,360.0,1.0,Semiurban,Y
LP108913,Female,No,0,Graduate,No,2787,0.0,117.0,120.0,1.0,Rural,Y
LP108914,Female,Yes,2,Not Graduate,Yes,11765,2670.0,140.0,360.0,1.0,Rural,Y
LP108915,Male,Yes,2,Graduate,No,2035,1186.0,135.0,60.0,1.0,Urban,Y
LP108916,Female,Yes,0,Graduate,No,2205,672.0,616.0,300.0,1.0,Urban,Y
LP108917,Male,No,0,Graduate,No,1634,0.0,115.0,240.0,1.0,Rural,Y
LP108918,Male,Yes,2,Graduate,No,3336,4437.0,94.0,120.0,1.0,Semiurban,Y
LP108919,Male,No,3+,Graduate,No,3869,0.0,148.0,360.0,1.0,Urban,Y
LP108920,Male,Yes,1,Not Graduate,No,4685,1878.0,123.0,360.0,1.0,Semiurban,Y
LP108921,Male,No,0,Graduate,No,4813,0.0,85.0,180.0,1.0,Urban,Y
LP108922,Male,Yes,2,Not Graduate,No,3384,2988.0,46.0,180.0,1.0,Urban,Y
LP108923,Male,Yes,2,Graduate,No,2613,5732.0,208.0,120.0,1.0,Semiurban,Y
LP108924,Male,Yes,0,Graduate,No,6318,1027.0,79.0,360.0,1.0,Semiurban,Y
LP108925,Male,No,1,Graduate,No,2864,0.0,73.0,60.0,,Urban,Y
LP108926,Male,Yes,1,Not Graduate,Yes,7853,1344.0,82.0,60.0,1.0,Semiurban,Y
LP108927,Male,Yes,1,Graduate,No,2019,776.0,55.0,120.0,1.0,Rural,Y
LP108928,Male,No,2,Graduate,No,3137,0.0,199.0,300.0,,Semiurban,Y
LP108929,Male,No,1,Graduate,No,16736,0.0,183.0,180.0,1.0,Semiurban,Y
LP108930,Female,Yes,2,Graduate,No,18163,1423.0,150.0,480.0,1.0,Semiurban,Y
LP108931,Female,No,1,Graduate,No,2171,0.0,205.0,240.0,1.0,Semiurban,Y
LP108932,Female,No,0,Graduate,No,10142,0.0,173.0,300.0,1.0,Semiurban,Y
LP108933,Male,Yes,2,Graduate,No,12940,4555.0,191.0,60.0,1.0,Urban,Y
LP108934,Male,Yes,2,Graduate,Yes,9300,15109.0,401.0,360.0,1.0,Urban,Y
LP108935,Female,No,3+,Not Graduate,Yes,4721,0.0,242.0,360.0,1.0,Semiurban,N
LP108936,Male,No,1,Not Graduate,No,1543,0.0,149.0,240.0,1.0,Urban,Y
LP108937,Male,Yes,0,Not Graduate,Yes,5171,4368.0,76.0,360.0,1.0,Semiurban,Y
LP108938,Male,Yes,3+,Graduate,No,6291,1402.0,51.0,180.0,1.0,Urban,Y
LP108939,Female,Yes,2,Graduate,No,5670,1033.0,46.0,360.0,1.0,Urban,Y
LP108940,Male,Yes,3+,Not Graduate,No,6543,2975.0,236.0,300.0,1.0,Semiurban,Y
LP108941,Female,Yes,0,Graduate,No,3019,5602.0,96.0,240.0,1.0,Rural,Y
LP108942,Female,Yes,0,Graduate,No,3676,1113.0,140.0,360.0,0.0,Semiurban,N
LP108943,Male,No,0,Not Graduate,No,1500,0.0,75.0,360.0,0.0,Urban,N
LP108944,Female,No,2,Not Graduate,No,8384,0.0,504.0,300.0,1.0,Rural,Y
LP108945,Male,Yes,3+,Not Graduate,No,2868,846.0,45.0,120.0,1.0,Semiurban,N
LP108946,Female,Yes,1,Not Graduate,Yes,4232,575.0,145.0,360.0,0.0,Urban,N
LP108947,Male,Yes,0,Not Graduate,No,5721,588.0,108.0,,,Semiurban,Y
LP108948,Female,Yes,0,Not Graduate,No,3510,5029.0,135.0,300.0,1.0,Urban,Y
LP108949,Male,No,1,Graduate,No,2582,0.0,110.0,120.0,1.0,Urban,Y
LP108950,Female,No,1,Not Graduate,Yes,5730,0.0,78.0,360.0,1.0,Rural,Y
LP108951,Male,Yes,2,Not Graduate,No,1685,2332.0,68.0,300.0,1.0,Semiurban,Y
LP108952,Male,Yes,0,Graduate,No,7786,5118.0,459.0,300.0,,Semiurban,Y
LP108953,Female,Yes,1,Graduate,No,7304,712.0,112.0,480.0,1.0,Urban,Y
LP108954,Female,Yes,0,Graduate,No,3533,399.0,164.0,240.0,1.0,Urban,Y
LP108955,Male,Yes,2,Not Graduate,No,3654,5886.0,51.0,36.0,1.0,Rural,Y
LP108956,,No,1,Graduate,No,2717,0.0,37.0,180.0,1.0,Urban,Y
LP108957,Male,No,3+,Graduate,No,3907,0.0,89.0,360.0,1.0,Semiurban,Y
LP108958,Female,Yes,2,Graduate,No,4356,1273.0,226.0,120.0,1.0,Semiurban,Y
LP108959,Female,No,1,Not Graduate,No,4059,0.0,136.0,120.0,1.0,Urban,Y
LP108960,Female,No,0,Graduate,No,11721,0.0,97.0,300.0,1.0,Rural,Y
LP108961,Male,No,3+,Graduate,No,1720,0.0,173.0,300.0,1.0,Urban,Y
LP108962,Male,No,0,Graduate,No,2850,0.0,96.0,300.0,1.0,Semiurban,Y
LP108963,Male,Yes,0,Graduate,,7622,2065.0,306.0,120.0,1.0,Rural,Y
LP108964,Female,Yes,3+,Graduate,No,16864,2446.0,314.0,120.0,1.0,Semiurban,Y
LP108965,Male,No,2,Graduate,No,2926,0.0,94.0,360.0,1.0,Rural,Y
LP108966,Female,No,1,Graduate,Yes,9020,0.0,84.0,360.0,1.0,Semiurban,Y
LP108967,Male,No,0,Graduate,No,2464,0.0,128.0,240.0,1.0,Semiurban,Y
LP108968,Male,Yes,2,Graduate,No,3890,1449.0,173.0,120.0,1.0,Rural,Y
LP108969,Male,Yes,0,Graduate,No,4944,1808.0,113.0,360.0,0.0,Rural,N
LP108970,Male,Yes,0,Not Graduate,No,3247,495.0,251.0,84.0,1.0,Semiurban,Y
LP108971,Male,Yes,0,Graduate,Yes,3821,3659.0,157.0,300.0,1.0,Semiurban,Y
LP108972,Male,Yes,0,Graduate,Yes,2168,766.0,258.0,360.0,0.0,Semiurban,N
LP108973,Male,Yes,3+,Graduate,Yes,7365,334.0,68.0,360.0,,Urban,Y
LP108974,Female,Yes,2,Graduate,Yes,2867,1020.0,94.0,60.0,1.0,Urban,Y
LP108975,Male,Yes,2,Graduate,No,3300,1521.0,184.0,180.0,0.0,Urban,N
LP108976,Male,Yes,3+,Graduate,No,3074,9082.0,138.0,360.0,1.0,Rural,Y
LP108977,Male,Yes,0,Not Graduate,No,3173,1222.0,119.0,300.0,1.0,Semiurban,Y
LP108978,Male,Yes,0,Graduate,,5359,2138.0,98.0,240.0,1.0,Rural,Y
LP108979,Female,Yes,1,Graduate,No,5103,2336.0,141.0,180.0,1.0,Semiurban,Y
LP108980,Male,No,1,Not Graduate,No,22273,0.0,316.0,120.0,0.0,Urban,N
LP108981,Female,Yes,1,Graduate,No,4242,1662.0,40.0,120.0,,Urban,Y
LP108982,Male,Yes,0,Not Graduate,No,4627,1463.0,122.0,360.0,0.0,Semiurban,N
LP108983,Male,No,1,Graduate,No,10962,0.0,125.0,180.0,0.0,Rural,N
LP108984,Male,Yes,0,Graduate,Yes,5624,2536.0,69.0,,1.0,Rural,Y
LP108985,Male,No,0,Graduate,Yes,4632,0.0,122.0,180.0,1.0,Semiurban,Y
LP108986,Male,Yes,0,Graduate,Yes,4536,911.0,50.0,360.0,0.0,Semiurban,N
LP108987,Female,No,0,Not Graduate,No,5521,0.0,94.0,240.0,0.0,Semiurban,N
LP108988,Male,Yes,1,Graduate,No,8820,1009.0,114.0,36.0,1.0,Urban,Y
LP108989,Male,No,0,Graduate,No,11017,0.0,133.0,300.0,1.0,Urban,Y
LP108990,Male,No,3+,Graduate,No,9126,0.0,413.0,180.0,1.0,Semiurban,Y
LP108991,Male,Yes,3+,Graduate,No,6503,423.0,82.0,300.0,1.0,Urban,Y
LP108992,Male,No,1,Not Graduate,No,5577,0.0,60.0,360.0,1.0,Rural,Y
LP108993,Male,Yes,3+,Graduate,Yes,16695,2159.0,243.0,120.0,1.0,Urban,Y
LP108994,Male,Yes,3+,Not Graduate,No,3697,1119.0,10.0,240.0,1.0,Urban,Y
LP108995,Male,Yes,1,Not Graduate,No,7472,2039.0,92.0,360.0,1.0,Rural,Y
LP108996,Female,No,1,Graduate,No,9942,0.0,110.0,360.0,1.0,Semiurban,Y
LP108997,Female,Yes,3+,Graduate,Yes,9196,413.0,76.0,180.0,,Urban,Y
LP108998,Male,Yes,2,Graduate,No,3110,898.0,126.0,84.0,1.0,Rural,Y
LP108999,Male,No,0,Graduate,No,26610,0.0,91.0,360.0,1.0,Semiurban,Y
LP109000,Female,Yes,2,Graduate,No,13390,1576.0,47.0,120.0,1.0,Semiurban,Y
LP109001,Male,Yes,0,Not Graduate,No,9283,3007.0,194.0,240.0,1.0,Rural,Y
LP109002,Male,No,0,Graduate,No,2686,0.0,199.0,240.0,1.0,Urban,N
LP109003,Male,No,0,Graduate,No,8847,0.0,74.0,84.0,1.0,Rural,Y
LP109004,Male,Yes,0,Graduate,Yes,1500,1706.0,97.0,84.0,1.0,Semiurban,Y
LP109005,Male,No,0,Graduate,No,4275,0.0,408.0,180.0,0.0,Urban,N
LP109006,Female,Yes,3+,Graduate,No,5239,2019.0,175.0,240.0,1.0,Semiurban,Y
LP109007,Female,Yes,0,Graduate,No,3753,1443.0,134.0,360.0,1.0,Rural,Y
LP109008,Female,Yes,0,Graduate,,12707,2669.0,354.0,300.0,1.0,Rural,Y
LP109009,Female,Yes,0,Graduate,No,5230,2277.0,50.0,360.0,1.0,Semiurban,Y
LP109010,Male,Yes,1,Not Graduate,No,2760,410.0,39.0,84.0,1.0,Urban,Y
LP109011,Male,Yes,3+,Not Graduate,No,7722,5872.0,148.0,180.0,1.0,Urban,Y
LP109012,Female,No,0,Graduate,No,6241,0.0,,120.0,1.0,Semiurban,Y
LP109013,Female,Yes,0,Not Graduate,Yes,1716,522.0,48.0,240.0,1.0,Semiurban,Y
LP109014,Male,No,1,Graduate,No,10968,0.0,61.0,360.0,1.0,Rural,Y
LP109015,Female,Yes,1,Not Graduate,Yes,5222,2291.0,216.0,180.0,1.0,Semiurban,Y
LP109016,Male,No,0,Graduate,No,8876,0.0,67.0,360.0,1.0,Urban,Y
LP109017,Male,Yes,0,Not Graduate,No,6287,1171.0,,360.0,1.0,Urban,Y
LP109018,Male,Yes,1,Not Graduate,No,4015,1692.0,152.0,300.0,0.0,Urban,N
LP109019,Male,Yes,0,Not Graduate,No,6339,2756.0,238.0,300.0,0.0,Urban,Y
LP109020,Male,No,3+,Not Graduate,No,4626,0.0,111.0,300.0,1.0,Semiurban,N
LP109021,Male,No,0,Graduate,No,5851,0.0,180.0,180.0,1.0,Urban,Y
LP109022,Male,Yes,0,Graduate,,7049,904.0,63.0,240.0,,Rural,Y
LP109023,Male,Yes,2,Graduate,No,5367,5198.0,191.0,360.0,0.0,Semiurban,Y
LP109024,Male,Yes,2,Graduate,No,6496,2436.0,77.0,240.0,1.0,Rural,Y
LP109025,Female,No,0,Graduate,No,3931,0.0,58.0,240.0,1.0,Semiurban,Y
LP109026,Male,No,3+,Graduate,No,3488,0.0,463.0,84.0,1.0,Semiurban,N
LP109027,Male,No,2,Not Graduate,No,7823,0.0,402.0,300.0,1.0,Semiurban,Y
LP109028,Male,No,0,Graduate,No,11732,0.0,146.0,60.0,,Rural,Y
LP109029,Male,No,1,Graduate,No,3602,0.0,339.0,180.0,1.0,Rural,Y
LP109030,Female,Yes,0,Not Graduate,Yes,5937,831.0,110.0,480.0,1.0,Semiurban,Y
LP109031,Male,No,0,Graduate,No,2110,0.0,123.0,360.0,0.0,Semiurban,N
LP109032,Female,No,0,Graduate,No,14513,0.0,120.0,360.0,1.0,Urban,Y
LP109033,Male,No,1,Not Graduate,No,9775,0.0,77.0,360.0,1.0,Semiurban,Y
LP109034,Male,Yes,2,Not Graduate,No,3462,955.0,32.0,180.0,1.0,Rural,N
LP109035,Male,Yes,1,Graduate,No,3976,3400.0,111.0,120.0,0.0,Urban,N
LP109036,Male,Yes,0,Graduate,Yes,10153,1968.0,293.0,300.0,0.0,Semiurban,Y
LP109037,Male,No,1,Graduate,No,5461,0.0,158.0,360.0,1.0,Semiurban,Y
LP109038,Male,Yes,2,Graduate,Yes,7184,390.0,218.0,360.0,1.0,Rural,Y
LP109039,Male,Yes,2,Graduate,No,2719,922.0,170.0,300.0,1.0,Urban,Y
LP109040,Male,Yes,0,Not Graduate,Yes,6947,3039.0,80.0,480.0,0.0,Urban,N
LP109041,Female,Yes,1,Not Graduate,No,4495,878.0,155.0,180.0,1.0,Urban,Y
LP109042,Male,Yes,1,Not Graduate,No,5879,3497.0,110.0,360.0,1.0,Urban,Y
LP109043,Male,Yes,2,Graduate,No,3871,2275.0,70.0,180.0,1.0,Semiurban,Y
LP109044,Male,No,0,Graduate,No,4330,0.0,233.0,480.0,0.0,Urban,N
LP109045,Male,No,0,Graduate,Yes,5230,0.0,61.0,180.0,1.0,Semiurban,Y
LP109046,Male,Yes,1,Graduate,No,3459,3291.0,90.0,240.0,1.0,Rural,Y
LP109047,Female,No,3+,Graduate,No,19167,0.0,507.0,300.0,1.0,Urban,Y
LP109048,Female,No,1,Not Graduate,No,2610,0.0,204.0,240.0,1.0,Urban,N
LP109049,Male,Yes,3+,Not Graduate,No,6633,453.0,155.0,180.0,1.0,Rural,Y
LP109050,Male,Yes,0,Not Graduate,No,5893,10982.0,36.0,300.0,1.0,Semiurban,Y
LP109051,Male,Yes,1,Graduate,No,7758,17268.0,125.0,360.0,,Urban,Y
LP109052,Male,Yes,1,Not Graduate,No,1500,5670.0,66.0,360.0,1.0,Urban,Y
LP109053,Male,No,2,Graduate,No,1786,0.0,128.0,300.0,1.0,Rural,Y
LP109054,Male,Yes,2,Not Graduate,No,3536,1307.0,119.0,180.0,1.0,Urban,Y
LP109055,Male,Yes,2,Graduate,No,8536,1330.0,80.0,84.0,1.0,Semiurban,Y
LP109056,Female,No,2,Graduate,No,4194,0.0,271.0,360.0,1.0,Urban,Y
LP109057,Male,Yes,2,Graduate,No,4093,4252.0,238.0,360.0,1.0,Semiurban,Y
LP109058,Male,No,3+,Graduate,No,4961,0.0,68.0,60.0,0.0,Rural,N
LP109059,Female,Yes,1,Not Graduate,No,2967,1777.0,345.0,360.0,0.0,Urban,N
LP109060,Male,Yes,2,Graduate,No,6516,4942.0,67.0,360.0,1.0,Urban,Y
LP109061,Female,Yes,3+,Not Graduate,,5514,1665.0,364.0,360.0,0.0,Semiurban,N
LP109062,Male,Yes,1,Graduate,No,6643,1977.0,118.0,240.0,0.0,Semiurban,N
LP109063,Female,Yes,2,Graduate,Yes,12206,5438.0,105.0,240.0,1.0,Urban,Y
LP109064,Female,Yes,1,Graduate,No,4280,4781.0,328.0,180.0,1.0,Semiurban,Y
LP109065,Male,Yes,0,Graduate,No,5250,3442.0,121.0,300.0,1.0,Urban,Y
LP109066,Female,No,1,Graduate,Yes,2720,0.0,259.0,,1.0,Urban,Y
LP109067,Male,Yes,0,Graduate,No,2317,776.0,61.0,360.0,1.0,Urban,Y
LP109068,Female,No,1,Not Graduate,No,4892,0.0,136.0,300.0,0.0,Rural,N
LP109069,Male,Yes,3+,Graduate,No,5227,1190.0,178.0,360.0,1.0,Urban,Y
LP109070,Male,Yes,0,Graduate,No,7432,2149.0,275.0,12.0,1.0,Semiurban,Y
LP109071,Male,No,0,Graduate,No,6941,0.0,,180.0,1.0,Urban,Y
LP109072,Female,Yes,2,Not Graduate,No,5725,1588.0,137.0,240.0,1.0,Urban,Y
LP109073,Male,Yes,0,Not Graduate,Yes,13506,1470.0,178.0,360.0,1.0,Urban,Y
LP109074,Female,Yes,1,Graduate,No,4075,896.0,86.0,480.0,1.0,Semiurban,Y
LP109075,Female,No,1,Graduate,Yes,4386,0.0,192.0,360.0,1.0,Urban,Y
LP109076,Male,Yes,0,Graduate,No,5825,12668.0,178.0,240.0,0.0,Semiurban,Y
LP109077,Female,Yes,0,Not Graduate,No,2415,3163.0,84.0,360.0,0.0,Rural,N
LP109078,Female,Yes,3+,Graduate,Yes,7426,1837.0,144.0,480.0,1.0,Urban,Y
LP109079,Male,No,0,Not Graduate,No,5130,0.0,213.0,360.0,1.0,Semiurban,Y
LP109080,Male,Yes,1,Graduate,Yes,5188,818.0,581.0,240.0,1.0,Urban,Y
LP109081,Male,Yes,3+,Graduate,No,6806,1747.0,273.0,360.0,1.0,Urban,Y
LP109082,Male,Yes,2,Not Graduate,No,6158,5365.0,153.0,300.0,1.0,Urban,Y
LP109083,Male,Yes,0,Graduate,No,6289,2171.0,159.0,300.0,1.0,Semiurban,Y
LP109084,Male,Yes,1,Not Graduate,No,3890,2148.0,123.0,360.0,1.0,Urban,Y
LP109085,Male,No,2,Graduate,Yes,12602,0.0,143.0,240.0,1.0,Semiurban,Y
LP109086,Male,Yes,2,Graduate,No,2044,831.0,213.0,180.0,1.0,Urban,Y
LP109087,Male,Yes,2,Not Graduate,No,3257,5568.0,210.0,360.0,1.0,Semiurban,Y
LP109088,Female,No,1,Not Graduate,Yes,3528,0.0,127.0,300.0,1.0,Semiurban,Y
LP109089,Female,Yes,0,Not Graduate,No,3189,4566.0,69.0,240.0,1.0,Urban,Y
LP109090,Male,Yes,1,Graduate,No,1723,6878.0,118.0,180.0,,Semiurban,N
LP109091,Female,Yes,2,Graduate,No,13179,874.0,81.0,300.0,1.0,Urban,Y
LP109092,Female,Yes,,Graduate,No,7226,1808.0,64.0,120.0,1.0,Urban,Y
LP109093,Female,Yes,0,Graduate,No,3365,3399.0,193.0,180.0,1.0,Rural,Y
LP109094,Male,Yes,0,Graduate,No,7467,1437.0,165.0,360.0,1.0,Urban,Y
LP109095,Male,No,3+,Graduate,No,4463,0.0,77.0,360.0,1.0,Rural,N
LP109096,Female,No,0,Not Graduate,No,4127,0.0,110.0,240.0,1.0,Urban,Y
LP109097,Female,No,0,Not Graduate,No,2762,0.0,161.0,360.0,0.0,Urban,N
LP109098,Female,Yes,2,Not Graduate,No,4965,4213.0,156.0,84.0,1.0,Urban,Y
LP109099,Female,Yes,1,Not Graduate,No,3363,806.0,174.0,120.0,0.0,Semiurban,N
LP109100,Male,Yes,0,Graduate,No,2742,289.0,85.0,360.0,0.0,Semiurban,N
LP109101,Male,Yes,1,Not Graduate,No,8719,4177.0,166.0,360.0,1.0,Urban,Y
LP109102,Male,No,1,Not Graduate,No,3000,0.0,130.0,180.0,1.0,Semiurban,Y
LP109103,Male,Yes,1,Not Graduate,Yes,11415,629.0,213.0,360.0,1.0,Urban,Y
LP109104,Female,No,3+,Graduate,No,3200,0.0,255.0,360.0,0.0,Rural,N
LP109105,Male,Yes,0,Graduate,Yes,1994,3079.0,700.0,360.0,1.0,Semiurban,Y
LP109106,Male,Yes,2,Not Graduate,Yes,6734,1808.0,294.0,84.0,1.0,Semiurban,Y
LP109107,Female,Yes,0,Not Graduate,No,3759,1366.0,144.0,300.0,1.0,Rural,Y
LP109108,Male,Yes,1,Not Graduate,No,1903,1639.0,131.0,240.0,1.0,Urban,Y
LP109109,Female,No,2,Not Graduate,No,5726,0.0,76.0,360.0,1.0,Urban,Y
LP109110,Female,No,0,Graduate,No,2244,0.0,77.0,12.0,0.0,Urban,N
LP109111,Male,Yes,1,Not Graduate,No,1500,4422.0,158.0,360.0,1.0,Urban,Y
LP109112,Male,Yes,0,Not Graduate,No,7377,2820.0,161.0,120.0,1.0,Urban,Y
LP109113,Male,Yes,0,Not Graduate,Yes,12008,1622.0,669.0,360.0,1.0,Semiurban,Y
LP109114,Male,No,1,Not Graduate,Yes,3878,0.0,86.0,300.0,1.0,Semiurban,N
LP109115,Male,Yes,2,Graduate,No,10167,1420.0,81.0,120.0,1.0,Urban,Y
LP109116,Male,No,0,Not Graduate,No,7952,0.0,156.0,360.0,1.0,Urban,Y
LP109117,Female,Yes,3+,Graduate,No,7334,2285.0,99.0,300.0,1.0,Urban,Y
LP109118,Male,Yes,0,Not Graduate,No,4438,3314.0,169.0,60.0,1.0,Urban,Y
LP109119,Female,No,0,Graduate,No,3436,0.0,101.0,36.0,1.0,Semiurban,Y
LP109120,Male,Yes,0,Graduate,No,6041,405.0,113.0,180.0,1.0,Semiurban,Y
LP109121,Male,Yes,0,Not Graduate,No,7250,2652.0,173.0,360.0,1.0,Urban,Y
LP109122,Female,Yes,0,Graduate,No,2306,699.0,95.0,240.0,0.0,Rural,N
LP109123,Male,Yes,2,Graduate,No,4045,1107.0,108.0,300.0,1.0,Semiurban,Y
LP109124,Male,Yes,1,Not Graduate,No,4386,1921.0,184.0,84.0,1.0,Semiurban,Y
LP109125,Female,Yes,1,Graduate,No,4149,1082.0,138.0,360.0,1.0,Urban,Y
LP109126,Female,No,3+,Graduate,No,3277,0.0,91.0,240.0,1.0,Urban,Y
LP109127,,No,1,Not Graduate,No,2209,0.0,100.0,240.0,1.0,Semiurban,Y
LP109128,Male,No,0,Graduate,No,4094,0.0,250.0,300.0,1.0,Rural,Y
LP109129,Male,Yes,0,Graduate,No,4160,2251.0,161.0,360.0,1.0,Semiurban,Y
LP109130,Female,No,0,Graduate,No,3700,0.0,108.0,36.0,1.0,Urban,Y
LP109131,Female,Yes,1,Graduate,No,7256,769.0,225.0,36.0,1.0,Urban,Y
LP109132,Male,Yes,0,Graduate,No,2162,364.0,174.0,84.0,1.0,Semiurban,Y
LP109133,Female,Yes,1,Graduate,No,5815,521.0,302.0,360.0,0.0,Semiurban,Y
LP109134,Male,Yes,2,Not Graduate,No,1675,1843.0,228.0,360.0,1.0,Urban,Y
LP109135,Male,Yes,2,Graduate,No,4723,1870.0,270.0,360.0,1.0,Semiurban,Y
LP109136,Male,Yes,2,Graduate,No,1500,2737.0,109.0,36.0,1.0,Semiurban,Y
LP109137,Male,No,0,Graduate,,2881,0.0,78.0,360.0,1.0,Semiurban,Y
LP109138,Male,Yes,0,Graduate,Yes,4850,5350.0,213.0,360.0,1.0,Semiurban,Y
LP109139,Male,No,1,Graduate,No,2090,0.0,214.0,360.0,1.0,Semiurban,Y
LP109140,Male,Yes,0,Graduate,No,2098,4671.0,126.0,360.0,1.0,Urban,Y
LP109141,Female,Yes,0,Not Graduate,No,8858,2089.0,71.0,300.0,1.0,Semiurban,Y
LP109142,Female,Yes,1,Graduate,Yes,1886,2059.0,161.0,300.0,1.0,Rural,Y
LP109143,Male,No,0,Graduate,No,4576,0.0,169.0,300.0,1.0,Rural,Y
LP109144,Female,Yes,2,Not Graduate,Yes,11915,2149.0,59.0,300.0,0.0,Urban,N
LP109145,Male,Yes,0,Graduate,No,5353,2186.0,168.0,300.0,1.0,Semiurban,Y
LP109146,Male,,3+,Graduate,Yes,5000,4594.0,267.0,60.0,1.0,Rural,Y
LP109147,Female,Yes,2,Graduate,No,3203,1449.0,61.0,360.0,1.0,Semiurban,Y
LP109148,Male,No,0,Not Graduate,No,3209,0.0,184.0,12.0,1.0,Urban,Y
LP109149,Male,Yes,1,Not Graduate,Yes,4444,608.0,294.0,36.0,,Rural,Y
LP109150,Male,Yes,1,Graduate,No,1500,1248.0,306.0,36.0,,Urban,Y
LP109151,Female,No,2,Graduate,No,9023,0.0,43.0,,1.0,Urban,Y
LP109152,Male,Yes,,Graduate,Yes,5566,1452.0,257.0,480.0,1.0,Semiurban,Y
LP109153,Female,No,1,Not Graduate,Yes,1722,0.0,111.0,180.0,1.0,Urban,N
LP109154,Male,No,1,Graduate,Yes,9096,0.0,103.0,84.0,1.0,Urban,Y
LP109155,Female,No,0,Graduate,No,7387,0.0,606.0,12.0,1.0,Semiurban,Y
LP109156,Female,Yes,3+,Not Graduate,,6396,347.0,153.0,360.0,1.0,Semiurban,Y
LP109157,Female,Yes,0,Graduate,No,18802,2917.0,106.0,240.0,1.0,Rural,Y
LP109158,,Yes,0,Graduate,No,5207,3474.0,216.0,300.0,1.0,Semiurban,Y
LP109159,Male,No,0,Not Graduate,No,12309,0.0,369.0,240.0,1.0,Rural,Y
LP109160,Female,Yes,3+,Not Graduate,No,4990,4343.0,149.0,360.0,1.0,Semiurban,Y
LP109161,Male,Yes,1,Not Graduate,No,6447,1526.0,97.0,360.0,1.0,Urban,Y
LP109162,Male,No,2,Not Graduate,No,3526,0.0,141.0,360.0,1.0,Semiurban,Y
LP109163,Male,Yes,2,Graduate,No,1585,1040.0,258.0,240.0,1.0,Semiurban,Y
LP109164,Female,No,2,Graduate,Yes,1642,0.0,111.0,120.0,1.0,Semiurban,Y
LP109165,Male,No,1,Graduate,No,4671,0.0,258.0,360.0,0.0,Urban,N
LP109166,Male,Yes,0,Graduate,Yes,4262,2082.0,123.0,120.0,1.0,Urban,Y
LP109167,Male,Yes,0,Graduate,No,2421,3871.0,44.0,240.0,0.0,Semiurban,N
LP109168,Male,Yes,1,Graduate,,4161,2688.0,334.0,360.0,0.0,Urban,N
LP109169,Female,No,1,Graduate,Yes,6438,0.0,164.0,360.0,1.0,Rural,Y
LP109170,Male,Yes,1,Graduate,No,10663,363.0,252.0,240.0,0.0,Semiurban,Y
LP109171,Male,Yes,1,Graduate,,3244,2443.0,160.0,240.0,1.0,Semiurban,Y
LP109172,Female,No,2,Graduate,No,6221,0.0,137.0,300.0,0.0,Urban,N
LP109173,Female,No,0,Not Graduate,No,13954,0.0,208.0,360.0,0.0,Semiurban,Y
LP109174,Male,No,0,Graduate,No,7707,0.0,122.0,120.0,,Rural,Y
LP109175,Female,Yes,2,Graduate,Yes,3097,4696.0,398.0,360.0,1.0,Urban,Y
LP109176,Female,Yes,0,Not Graduate,No,5223,688.0,131.0,120.0,1.0,Urban,Y
LP109177,Female,Yes,2,Not Graduate,Yes,5490,1259.0,399.0,360.0,0.0,Semiurban,N
LP109178,Male,Yes,1,Graduate,No,7204,511.0,193.0,300.0,1.0,Semiurban,Y
LP109179,Male,No,3+,Graduate,Yes,5031,0.0,32.0,240.0,1.0,Semiurban,Y
LP109180,Female,No,2,Graduate,No,6569,0.0,74.0,300.0,1.0,Semiurban,Y
LP109181,Female,No,1,Graduate,No,9061,0.0,223.0,360.0,,Semiurban,Y
LP109182,Male,No,2,Graduate,No,2614,0.0,77.0,240.0,1.0,Semiurban,Y
LP109183,Male,Yes,0,Graduate,No,2225,647.0,59.0,360.0,1.0,Urban,Y
LP109184,Male,Yes,1,Graduate,No,7081,334.0,,60.0,1.0,Rural,Y
LP109185,Male,Yes,2,Graduate,,4482,3099.0,51.0,300.0,1.0,Urban,Y
LP109186,Male,Yes,2,Graduate,No,8249,1068.0,,180.0,1.0,Semiurban,Y
LP109187,Male,No,1,Graduate,No,9438,0.0,107.0,360.0,1.0,Urban,Y
LP109188,Female,Yes,0,Not Graduate,No,1619,4278.0,204.0,36.0,1.0,Rural,Y
LP109189,Male,No,2,Graduate,Yes,2974,0.0,157.0,12.0,1.0,Rural,N
LP109190,Female,No,0,Graduate,No,4559,0.0,38.0,360.0,1.0,Urban,Y
LP109191,Male,Yes,2,Graduate,No,2659,2057.0,111.0,360.0,1.0,Urban,Y
LP109192,Male,Yes,2,Graduate,No,3700,5916.0,115.0,120.0,1.0,Semiurban,Y
LP109193,Male,Yes,1,Graduate,Yes,2281,2215.0,171.0,360.0,1.0,Urban,Y
LP109194,Male,Yes,0,Graduate,Yes,3777,321.0,162.0,360.0,1.0,Semiurban,Y
LP109195,Female,No,0,Graduate,No,2752,0.0,115.0,180.0,1.0,Rural,Y
LP109196,Female,Yes,3+,Not Graduate,Yes,6043,1439.0,68.0,360.0,1.0,Semiurban,Y
LP109197,Male,No,2,Graduate,No,8446,0.0,179.0,240.0,1.0,Rural,Y
LP109198,Male,No,1,Graduate,No,6280,0.0,226.0,300.0,0.0,Urban,N
LP109199,Male,Yes,1,Not Graduate,No,23356,2036.0,163.0,360.0,1.0,Rural,Y
LP109200,Female,No,2,Graduate,No,8632,0.0,117.0,360.0,0.0,Urban,N
LP109201,Female,No,1,Graduate,No,8440,0.0,107.0,84.0,1.0,Urban,Y
LP109202,Male,No,2,Graduate,No,4678,0.0,77.0,360.0,0.0,Rural,N
LP109203,Female,Yes,0,Graduate,No,4088,2066.0,155.0,120.0,,Semiurban,Y
LP109204,Female,Yes,2,Graduate,No,10549,6164.0,150.0,300.0,1.0,Rural,Y
LP109205,Male,Yes,2,Graduate,Yes,4222,3711.0,221.0,240.0,1.0,Rural,Y
LP109206,Male,Yes,0,Graduate,Yes,5018,2920.0,92.0,60.0,1.0,Semiurban,Y
LP109207,Female,No,2,Graduate,Yes,4432,0.0,144.0,84.0,1.0,Urban,Y
LP109208,Female,No,1,Graduate,No,6795,0.0,60.0,360.0,1.0,Semiurban,Y
LP109209,Male,No,0,Not Graduate,No,8391,0.0,109.0,300.0,1.0,Urban,Y
LP109210,Male,Yes,0,Not Graduate,Yes,9307,3587.0,95.0,480.0,1.0,Urban,Y
LP109211,Male,Yes,2,Graduate,Yes,4095,2754.0,253.0,360.0,1.0,Semiurban,Y
LP109212,Male,No,3+,Not Graduate,,5482,0.0,373.0,120.0,1.0,Rural,N
LP109213,Female,Yes,2,Not Graduate,No,5995,7305.0,66.0,360.0,0.0,Semiurban,N
LP109214,Male,Yes,2,Not Graduate,No,11831,4738.0,231.0,240.0,1.0,Urban,Y
LP109215,Female,Yes,0,Graduate,Yes,1682,903.0,202.0,120.0,1.0,Rural,Y
LP109216,Female,Yes,0,Not Graduate,No,4948,1373.0,96.0,300.0,1.0,Rural,Y
LP109217,Male,Yes,0,Not Graduate,Yes,3341,1592.0,85.0,180.0,0.0,Urban,N
LP109218,Male,Yes,3+,Graduate,No,3570,3473.0,84.0,300.0,1.0,Urban,Y
LP109219,Male,Yes,3+,Not Graduate,No,2950,946.0,107.0,360.0,1.0,Urban,Y
LP109220,Female,No,0,Not Graduate,No,6791,0.0,108.0,180.0,1.0,Semiurban,Y
LP109221,Male,Yes,2,Graduate,No,1500,3650.0,122.0,300.0,1.0,Urban,Y
LP109222,Male,No,1,Graduate,Yes,4522,0.0,98.0,360.0,1.0,Semiurban,Y
LP109223,Female,Yes,0,Graduate,No,1647,380.0,217.0,360.0,1.0,Semiurban,Y
LP109224,Male,No,1,Graduate,No,3243,0.0,182.0,360.0,1.0,Semiurban,Y
LP109225,Female,Yes,2,Graduate,No,4323,555.0,121.0,360.0,0.0,Rural,N
LP109226,Female,Yes,0,Graduate,No,3853,1088.0,,240.0,1.0,Semiurban,Y
LP109227,Male,Yes,3+,Graduate,No,7395,1350.0,95.0,84.0,1.0,Urban,Y
LP109228,Male,,0,Not Graduate,No,10402,0.0,174.0,300.0,1.0,Semiurban,Y
LP109229,Female,Yes,0,Graduate,Yes,15913,1075.0,138.0,300.0,1.0,Rural,Y
LP109230,Female,Yes,,Graduate,No,4892,788.0,151.0,300.0,1.0,Urban,Y
LP109231,Male,No,2,Graduate,No,9864,0.0,224.0,300.0,1.0,Urban,Y
LP109232,Male,Yes,1,Not Graduate,No,11829,497.0,129.0,240.0,1.0,Semiurban,Y
LP109233,Male,Yes,2,Graduate,,3693,1181.0,305.0,360.0,1.0,Urban,Y
LP109234,Female,Yes,1,Not Graduate,No,10299,3404.0,40.0,360.0,1.0,Semiurban,Y
LP109235,Male,Yes,1,Graduate,No,1500,2484.0,61.0,180.0,1.0,Semiurban,Y
LP109236,Male,Yes,2,Graduate,No,5875,597.0,397.0,12.0,1.0,Rural,Y
LP109237,Female,Yes,1,Graduate,No,12878,386.0,105.0,300.0,,Semiurban,Y
LP109238,Male,No,2,Graduate,No,5216,0.0,160.0,360.0,1.0,Urban,Y
LP109239,Male,No,0,Not Graduate,Yes,4384,0.0,284.0,84.0,0.0,Semiurban,N
LP109240,Male,Yes,2,Graduate,No,4370,1945.0,165.0,300.0,1.0,Urban,Y
LP109241,Female,Yes,2,Graduate,No,11861,1251.0,232.0,480.0,1.0,Rural,Y
LP109242,Male,No,3+,Not Graduate,No,1891,0.0,194.0,300.0,1.0,Semiurban,N
LP109243,Female,No,0,Graduate,No,3887,0.0,242.0,360.0,1.0,Semiurban,Y
LP109244,Female,No,2,Graduate,,8146,0.0,180.0,120.0,,Urban,Y
LP109245,Male,Yes,1,Not Graduate,No,5947,2187.0,208.0,300.0,0.0,Semiurban,N
LP109246,Male,No,1,Graduate,No,10017,0.0,94.0,240.0,1.0,Urban,Y
LP109247,Male,No,0,Not Graduate,No,7400,0.0,183.0,36.0,0.0,Urban,N
LP109248,Male,Yes,0,Not Graduate,No,3702,1365.0,131.0,300.0,1.0,Urban,Y
LP109249,Female,Yes,2,Graduate,No,6966,2134.0,127.0,240.0,0.0,Semiurban,Y
LP109250,Female,Yes,2,Graduate,No,2226,3790.0,49.0,360.0,1.0,Semiurban,Y
LP109251,Male,Yes,1,Graduate,No,1500,594.0,104.0,300.0,1.0,Semiurban,Y
LP109252,Male,No,2,Graduate,No,3405,0.0,123.0,300.0,,Rural,Y
LP109253,Male,No,0,Not Graduate,No,5156,0.0,341.0,84.0,0.0,Semiurban,N
LP109254,Female,No,2,Graduate,No,3020,0.0,113.0,300.0,1.0,Semiurban,Y
LP109255,Male,No,3+,Graduate,No,5456,0.0,159.0,480.0,1.0,Rural,Y
LP109256,Male,Yes,2,Graduate,No,5090,4209.0,306.0,180.0,,Semiurban,Y
LP109257,Male,Yes,1,Graduate,Yes,1609,11928.0,63.0,240.0,1.0,Rural,Y
LP109258,Male,No,2,Not Graduate,Yes,3555,0.0,106.0,360.0,1.0,Semiurban,Y
LP109259,Male,Yes,1,Not Graduate,No,8644,3595.0,227.0,300.0,1.0,Urban,Y
LP109260,Male,Yes,2,Not Graduate,No,6580,1839.0,590.0,12.0,0.0,Rural,N
LP109261,Male,Yes,1,Not Graduate,No,3236,6605.0,40.0,300.0,1.0,Rural,Y
LP109262,Female,Yes,2,Graduate,No,7124,1288.0,125.0,360.0,1.0,Semiurban,Y
LP109263,Male,No,0,Graduate,Yes,14088,0.0,195.0,360.0,1.0,Semiurban,Y
LP109264,Male,Yes,1,Graduate,No,3809,2930.0,222.0,360.0,1.0,Semiurban,Y
LP109265,Male,Yes,1,Not Graduate,Yes,7668,2467.0,516.0,36.0,1.0,Rural,Y
LP109266,Male,No,2,Graduate,No,6975,0.0,91.0,120.0,1.0,Rural,Y
LP109267,Male,No,2,Not Graduate,No,3690,0.0,116.0,300.0,1.0,Urban,N
LP109268,Male,No,3+,Not Graduate,No,2490,0.0,50.0,120.0,1.0,Semiurban,N
LP109269,Male,Yes,2,Not Graduate,No,13232,2210.0,145.0,360.0,1.0,Semiurban,Y
LP109270,Male,No,0,Graduate,No,9444,0.0,182.0,180.0,1.0,Urban,Y
LP109271,Male,No,2,Graduate,No,4159,0.0,471.0,180.0,1.0,Semiurban,N
LP109272,Male,Yes,0,Graduate,Yes,10179,3555.0,373.0,36.0,1.0,Urban,Y
LP109273,Female,No,2,Graduate,No,6856,0.0,333.0,240.0,1.0,Rural,Y
LP109274,Male,Yes,3+,Not Graduate,No,10134,3006.0,88.0,180.0,1.0,Urban,Y
LP109275,Male,No,0,Not Graduate,No,1676,0.0,173.0,36.0,1.0,Rural,N
LP109276,Male,Yes,2,Not Graduate,No,3846,2771.0,169.0,84.0,0.0,Rural,N
LP109277,Male,Yes,2,Graduate,No,12632,515.0,177.0,240.0,0.0,Urban,Y
LP109278,Male,Yes,1,Graduate,No,24129,1836.0,130.0,240.0,1.0,Semiurban,Y
LP109279,Male,Yes,0,Not Graduate,No,3889,3287.0,264.0,360.0,0.0,Semiurban,N
LP109280,Female,Yes,1,Graduate,No,3849,1017.0,108.0,180.0,1.0,Rural,Y
LP109281,Male,No,3+,Not Graduate,No,7404,0.0,163.0,240.0,0.0,Rural,N
LP109282,Male,No,0,Not Graduate,No,6042,0.0,321.0,240.0,1.0,Semiurban,Y
LP109283,Female,No,1,Graduate,No,6768,0.0,488.0,360.0,1.0,Rural,Y
LP109284,Female,Yes,0,Graduate,No,1500,4461.0,81.0,360.0,1.0,Urban,Y
LP109285,,No,0,Not Graduate,No,4258,0.0,186.0,360.0,1.0,Urban,Y
LP109286,Male,Yes,2,Graduate,No,7968,473.0,176.0,360.0,1.0,Rural,Y
LP109287,Male,No,0,Graduate,No,1500,0.0,279.0,120.0,1.0,Urban,Y
LP109288,Male,Yes,3+,Graduate,No,1862,5784.0,357.0,360.0,1.0,Rural,Y
LP109289,Male,Yes,1,Graduate,No,1695,1802.0,109.0,360.0,1.0,Semiurban,Y
LP109290,Male,No,1,Not Graduate,Yes,7262,0.0,128.0,180.0,1.0,Semiurban,Y
LP109291,Female,No,,Graduate,No,2813,0.0,140.0,360.0,1.0,Urban,Y
LP109292,Male,No,3+,Not Graduate,No,2390,0.0,178.0,360.0,1.0,Urban,N
LP109293,Male,No,0,Graduate,,5079,0.0,220.0,300.0,0.0,Urban,N
LP109294,Male,Yes,1,Not Graduate,No,2334,5552.0,107.0,360.0,0.0,Semiurban,N
LP109295,Female,No,1,Not Graduate,Yes,6444,0.0,409.0,12.0,1.0,Rural,N
LP109296,Male,Yes,1,Not Graduate,No,20917,4280.0,44.0,240.0,1.0,Semiurban,Y
LP109297,,Yes,2,Graduate,No,3939,543.0,65.0,360.0,0.0,Semiurban,N
LP109298,Male,Yes,2,Graduate,No,1531,2003.0,193.0,360.0,1.0,Urban,Y
LP109299,Male,Yes,0,Graduate,No,3745,4283.0,121.0,360.0,1.0,Urban,Y
LP109300,Male,No,1,Graduate,No,6594,0.0,95.0,360.0,1.0,Rural,Y
LP109301,Male,Yes,2,Graduate,Yes,6210,1706.0,238.0,300.0,1.0,Urban,Y
LP109302,Male,Yes,1,Not Graduate,No,8127,750.0,218.0,120.0,1.0,Urban,Y
LP109303,Male,Yes,0,Graduate,No,3441,3523.0,284.0,84.0,1.0,Semiurban,Y
LP109304,Male,Yes,0,Graduate,No,4154,1522.0,72.0,360.0,1.0,Semiurban,Y
LP109305,Female,No,0,Graduate,No,1500,0.0,218.0,120.0,1.0,Urban,Y
LP109306,Male,No,0,Not Graduate,No,7104,0.0,217.0,180.0,0.0,Rural,N
LP109307,Male,Yes,1,Graduate,,2239,6237.0,73.0,360.0,1.0,Semiurban,Y
LP109308,Male,Yes,1,Graduate,No,5541,1883.0,137.0,360.0,1.0,Urban,Y
LP109309,Male,Yes,0,Not Graduate,No,2913,3405.0,240.0,240.0,1.0,Rural,Y
LP109310,Female,No,2,Graduate,Yes,4665,0.0,300.0,60.0,,Urban,N
LP109311,Male,Yes,3+,Not Graduate,No,8734,873.0,122.0,300.0,1.0,Semiurban,Y
LP109312,Male,Yes,3+,Graduate,No,3780,486.0,69.0,360.0,1.0,Rural,Y
LP109313,Male,No,2,Graduate,No,3153,0.0,336.0,360.0,0.0,Rural,N
LP109314,Female,Yes,0,Graduate,No,4922,4381.0,137.0,360.0,,Semiurban,Y
LP109315,Female,No,0,Not Graduate,,3342,0.0,43.0,360.0,1.0,Urban,Y
LP109316,Male,Yes,2,Graduate,No,2793,8591.0,116.0,36.0,1.0,Semiurban,Y
LP109317,Male,No,0,Graduate,No,15062,0.0,264.0,120.0,0.0,Rural,N
LP109318,Male,Yes,0,Graduate,No,1615,2106.0,64.0,360.0,,Semiurban,Y
LP109319,Male,Yes,1,Graduate,No,7275,1648.0,144.0,300.0,1.0,Semiurban,Y
LP109320,Female,Yes,0,Graduate,No,4530,3593.0,110.0,300.0,1.0,Urban,Y
LP109321,Male,No,2,Not Graduate,No,2994,0.0,131.0,360.0,1.0,Semiurban,Y
LP109322,Male,No,2,Not Graduate,No,6053,0.0,103.0,360.0,1.0,Rural,Y
LP109323,Female,Yes,,Graduate,Yes,5017,2313.0,181.0,240.0,0.0,Urban,N
LP109324,Female,No,2,Graduate,No,10854,0.0,117.0,480.0,1.0,Urban,Y
LP109325,Male,No,0,Graduate,No,2488,0.0,199.0,180.0,1.0,Semiurban,Y
LP109326,Female,No,2,Not Graduate,No,3605,0.0,107.0,240.0,,Urban,N
LP109327,Male,No,1,Graduate,No,9017,0.0,262.0,360.0,0.0,Semiurban,N
LP109328,Female,Yes,2,Graduate,No,4346,1195.0,135.0,180.0,1.0,Urban,Y
LP109329,Female,No,0,Not Graduate,No,6822,0.0,65.0,240.0,1.0,Urban,Y
LP109330,Male,Yes,2,Graduate,No,10187,829.0,80.0,360.0,1.0,Rural,Y
LP109331,Female,Yes,3+,Graduate,Yes,6886,536.0,67.0,240.0,1.0,Semiurban,Y
LP109332,Female,Yes,0,Graduate,No,3406,2197.0,69.0,60.0,1.0,Rural,Y
LP109333,Male,No,0,Graduate,Yes,3981,0.0,61.0,300.0,0.0,Semiurban,N
LP109334,Male,No,0,Not Graduate,Yes,10239,0.0,69.0,360.0,1.0,Urban,Y
LP109335,Female,No,1,Graduate,No,5394,0.0,133.0,360.0,1.0,Urban,Y
LP109336,Male,No,0,Graduate,No,4349,0.0,209.0,360.0,0.0,Semiurban,N
LP109337,Male,No,2,Graduate,No,6186,0.0,59.0,360.0,,Urban,N
LP109338,Female,Yes,1,Not Graduate,No,2274,347.0,82.0,120.0,1.0,Rural,Y
LP109339,Female,Yes,1,Not Graduate,No,4263,2828.0,217.0,360.0,1.0,Urban,Y
LP109340,Male,Yes,2,Graduate,No,4688,2115.0,122.0,36.0,1.0,Urban,Y
LP109341,Male,Yes,1,Graduate,Yes,4642,8098.0,48.0,360.0,1.0,Urban,Y
LP109342,Male,Yes,1,Graduate,No,3879,4490.0,137.0,60.0,1.0,Semiurban,Y
LP109343,Male,Yes,2,Graduate,No,4083,552.0,166.0,360.0,0.0,Rural,N
LP109344,Male,No,2,Graduate,No,4589,0.0,162.0,360.0,1.0,Urban,Y
LP109345,Female,No,0,Graduate,No,11803,0.0,516.0,360.0,1.0,Semiurban,Y
LP109346,Male,Yes,0,Not Graduate,Yes,1500,3522.0,85.0,240.0,1.0,Urban,Y
LP109347,Male,No,0,Graduate,No,7475,0.0,259.0,480.0,1.0,Semiurban,Y
LP109348,Male,Yes,1,Graduate,No,4665,8051.0,132.0,300.0,0.0,Urban,N
LP109349,Female,No,0,Not Graduate,No,4735,0.0,177.0,240.0,1.0,Semiurban,Y
LP109350,Male,Yes,2,Graduate,No,3851,3180.0,90.0,300.0,1.0,Semiurban,Y
LP109351,Male,Yes,2,Graduate,No,6641,4054.0,89.0,180.0,1.0,Urban,Y
LP109352,Male,No,0,Graduate,No,8691,0.0,63.0,120.0,1.0,Semiurban,Y
LP109353,Male,Yes,1,Graduate,No,1575,474.0,55.0,120.0,0.0,Semiurban,N
LP109354,Male,Yes,1,Not Graduate,No,17263,2045.0,200.0,120.0,1.0,Semiurban,Y
LP109355,Male,Yes,1,Graduate,No,5358,2850.0,97.0,180.0,1.0,Semiurban,Y
LP109356,Male,No,2,Graduate,No,5249,0.0,618.0,360.0,1.0,Semiurban,Y
LP109357,Male,No,3+,Not Graduate,Yes,2129,0.0,101.0,240.0,,Semiurban,N
LP109358,Male,Yes,0,Graduate,Yes,3489,1539.0,201.0,12.0,1.0,Rural,Y
LP109359,Male,No,0,Graduate,Yes,11108,0.0,138.0,180.0,1.0,Rural,Y
LP109360,Male,Yes,2,Graduate,No,5121,2477.0,44.0,480.0,1.0,Semiurban,Y
LP109361,Male,Yes,1,Not Graduate,Yes,6307,2623.0,59.0,360.0,1.0,Rural,Y
LP109362,Male,Yes,0,Graduate,No,3726,1481.0,54.0,300.0,1.0,Rural,Y
LP109363,Male,No,0,Graduate,No,16033,0.0,,84.0,1.0,Urban,Y
LP109364,Male,Yes,1,Graduate,No,4482,335.0,292.0,300.0,1.0,Rural,Y
LP109365,Male,Yes,0,Not Graduate,No,9684,1745.0,426.0,360.0,1.0,Urban,Y
LP109366,Male,Yes,3+,Not Graduate,No,4488,1333.0,35.0,360.0,1.0,Urban,Y
LP109367,Male,Yes,1,Graduate,No,6054,1847.0,59.0,300.0,0.0,Rural,N
LP109368,Female,No,0,Not Graduate,No,6071,0.0,193.0,300.0,1.0,Urban,Y
LP109369,Female,Yes,2,Not Graduate,No,8559,2431.0,84.0,300.0,1.0,Semiurban,Y
LP109370,Male,Yes,0,Not Graduate,No,7656,8416.0,203.0,360.0,1.0,Rural,Y
LP109371,Male,Yes,1,Not Graduate,No,3698,1928.0,102.0,,1.0,Urban,Y
LP109372,Male,Yes,1,Graduate,No,9851,1876.0,96.0,360.0,1.0,Urban,Y
LP109373,Male,No,1,Graduate,,2713,0.0,45.0,240.0,1.0,Semiurban,Y
LP109374,Male,Yes,2,Not Graduate,No,2416,847.0,95.0,360.0,1.0,Semiurban,Y
LP109375,Female,Yes,0,Graduate,No,4126,2686.0,167.0,300.0,1.0,Rural,Y
LP109376,Male,Yes,3+,Graduate,No,6223,6401.0,74.0,300.0,1.0,Rural,Y
LP109377,Female,Yes,2,Graduate,Yes,2661,1323.0,139.0,240.0,1.0,Urban,Y
LP109378,Male,No,0,Not Graduate,No,4690,0.0,71.0,240.0,0.0,Urban,N
LP109379,Female,No,0,Not Graduate,No,2141,0.0,84.0,300.0,1.0,Semiurban,N
LP109380,Female,Yes,0,Graduate,No,4180,765.0,87.0,360.0,1.0,Semiurban,Y
LP109381,Male,Yes,0,Not Graduate,No,8805,1585.0,177.0,240.0,1.0,Urban,Y
LP109382,Male,No,1,Not Graduate,No,2962,0.0,224.0,360.0,1.0,Urban,N
LP109383,Male,No,0,Not Graduate,,2361,0.0,404.0,360.0,0.0,Urban,N
LP109384,Male,Yes,3+,Graduate,Yes,6168,500.0,214.0,300.0,1.0,Rural,Y
LP109385,Male,No,0,Graduate,No,3063,0.0,167.0,360.0,1.0,Rural,Y
LP109386,Male,No,0,Not Graduate,Yes,21030,0.0,389.0,12.0,1.0,Urban,Y
LP109387,Male,Yes,0,Graduate,No,5514,2788.0,158.0,360.0,1.0,Urban,Y
LP109388,Female,Yes,0,Graduate,No,9088,2805.0,194.0,,1.0,Semiurban,Y
LP109389,Male,No,2,Graduate,No,2233,0.0,238.0,300.0,1.0,Rural,N
LP109390,,Yes,2,Not Graduate,No,6466,1930.0,149.0,360.0,1.0,Rural,Y
LP109391,Male,No,0,Graduate,No,2687,0.0,128.0,360.0,1.0,Semiurban,Y
LP109392,Female,No,3+,Graduate,Yes,4413,0.0,121.0,36.0,1.0,Urban,N
LP109393,Male,No,2,Graduate,No,3129,0.0,95.0,120.0,1.0,Urban,Y
LP109394,Male,Yes,2,Graduate,Yes,9171,2654.0,99.0,12.0,1.0,Semiurban,Y
LP109395,Female,Yes,2,Not Graduate,No,5959,494.0,253.0,180.0,1.0,Rural,Y
LP109396,Male,Yes,2,Graduate,Yes,5273,3969.0,69.0,480.0,1.0,Urban,Y
LP109397,Female,No,1,Graduate,No,11121,0.0,145.0,240.0,1.0,Rural,Y
LP109398,Male,No,1,Graduate,Yes,4961,0.0,132.0,300.0,1.0,Urban,Y
LP109399,Male,No,0,Graduate,Yes,9120,0.0,57.0,480.0,1.0,Semiurban,Y
LP109400,Male,Yes,1,Not Graduate,No,14477,338.0,222.0,360.0,1.0,Semiurban,Y
LP109401,Female,No,3+,Not Graduate,No,5345,0.0,60.0,120.0,1.0,Semiurban,Y
LP109402,Male,No,1,Graduate,Yes,5742,0.0,,360.0,1.0,Semiurban,Y
LP109403,Female,Yes,3+,Graduate,No,8714,1872.0,127.0,300.0,1.0,Rural,Y
LP109404,Female,Yes,1,Graduate,No,11638,713.0,328.0,480.0,1.0,Urban,Y
LP109405,Male,No,2,Graduate,No,5307,0.0,183.0,360.0,,Urban,N
LP109406,Male,No,2,Graduate,No,3352,0.0,161.0,480.0,1.0,Rural,Y
LP109407,Female,No,2,Graduate,No,8266,0.0,302.0,360.0,1.0,Urban,Y
LP109408,Male,Yes,2,Not Graduate,No,6925,832.0,114.0,120.0,1.0,Semiurban,Y
LP109409,Male,Yes,0,Not Graduate,No,8218,11377.0,445.0,360.0,,Rural,Y
LP109410,Male,No,0,Graduate,No,7474,0.0,181.0,300.0,1.0,Rural,Y
LP109411,Male,No,3+,Not Graduate,No,5563,0.0,145.0,84.0,0.0,Rural,N
LP109412,Male,No,0,Not Graduate,No,5760,0.0,45.0,300.0,0.0,Urban,N
LP109413,Male,No,1,Graduate,,7490,0.0,241.0,84.0,1.0,Rural,Y
LP109414,Female,Yes,1,Not Graduate,No,2059,3661.0,185.0,360.0,1.0,Rural,Y
LP109415,Male,No,1,Not Graduate,No,10914,0.0,117.0,240.0,1.0,Semiurban,Y
LP109416,Male,Yes,2,Graduate,No,6438,4318.0,99.0,360.0,0.0,Urban,Y
LP109417,Female,Yes,2,Not Graduate,No,2958,4173.0,449.0,360.0,1.0,Semiurban,Y
LP109418,Female,Yes,3+,Graduate,Yes,5492,2251.0,83.0,360.0,1.0,Semiurban,Y
LP109419,Female,No,1,Graduate,No,10841,0.0,165.0,120.0,1.0,Rural,Y
LP109420,Male,No,1,Graduate,No,5849,0.0,137.0,360.0,1.0,Urban,Y
LP109421,Female,Yes,3+,Not Graduate,Yes,3167,508.0,202.0,360.0,0.0,Urban,N
LP109422,Male,Yes,3+,Graduate,No,2287,5217.0,42.0,180.0,1.0,Semiurban,Y
LP109423,Male,No,3+,Graduate,No,21567,0.0,201.0,360.0,1.0,Semiurban,Y
LP109424,Male,Yes,2,Graduate,No,1731,1858.0,350.0,180.0,1.0,Semiurban,Y
LP109425,Male,No,0,Graduate,No,6015,0.0,42.0,360.0,1.0,Semiurban,Y
LP109426,Female,Yes,0,Not Graduate,No,3456,6952.0,76.0,300.0,1.0,Semiurban,Y
LP109427,Male,Yes,2,Graduate,No,9186,713.0,188.0,360.0,1.0,Urban,Y
LP109428,Female,Yes,2,Graduate,Yes,2368,2340.0,123.0,240.0,0.0,Urban,N
LP109429,Female,Yes,2,Not Graduate,No,12900,515.0,201.0,360.0,1.0,Semiurban,Y
LP109430,Male,Yes,0,Not Graduate,Yes,4559,3628.0,209.0,84.0,1.0,Urban,Y
LP109431,Male,Yes,2,Not Graduate,No,4306,4306.0,153.0,120.0,1.0,Semiurban,Y
LP109432,Male,Yes,0,Graduate,No,4072,1833.0,386.0,60.0,1.0,Semiurban,Y
LP109433,Male,Yes,1,Graduate,No,3444,1715.0,210.0,360.0,1.0,Semiurban,Y
LP109434,Male,No,1,Not Graduate,No,3939,0.0,60.0,300.0,1.0,Rural,Y
LP109435,Female,Yes,3+,Graduate,No,7562,1110.0,204.0,300.0,1.0,Urban,Y
LP109436,Male,Yes,0,Not Graduate,No,1749,4320.0,131.0,180.0,1.0,Urban,Y
LP109437,Male,No,1,Graduate,No,3135,0.0,186.0,300.0,0.0,Urban,N
LP109438,Female,No,1,Graduate,,12053,0.0,270.0,180.0,1.0,Rural,Y
LP109439,Male,Yes,2,Graduate,No,4655,7921.0,353.0,360.0,1.0,Semiurban,Y
LP109440,Female,No,1,Graduate,No,3486,0.0,141.0,180.0,0.0,Urban,N
LP109441,Male,No,3+,Graduate,No,2287,0.0,222.0,360.0,1.0,Urban,Y
LP109442,Male,No,0,Graduate,No,2435,0.0,70.0,300.0,1.0,Rural,Y
LP109443,Male,Yes,0,Not Graduate,No,8860,1017.0,101.0,240.0,0.0,Semiurban,N
LP109444,Male,No,2,Graduate,No,3000,0.0,95.0,360.0,0.0,Semiurban,N
LP109445,Male,Yes,1,Graduate,No,7964,3399.0,249.0,300.0,1.0,Rural,Y
LP109446,Female,Yes,0,Graduate,No,2729,3134.0,378.0,180.0,0.0,Rural,N
LP109447,Male,No,1,Graduate,No,4557,0.0,700.0,240.0,1.0,Urban,N
LP109448,Female,Yes,2,Graduate,No,4715,1117.0,225.0,240.0,0.0,Semiurban,N
LP109449,Male,No,0,Not Graduate,No,3126,0.0,263.0,180.0,,Semiurban,N
LP109450,Male,Yes,0,Graduate,No,5147,2465.0,47.0,240.0,1.0,Rural,Y
LP109451,Male,Yes,2,Graduate,No,1500,3349.0,45.0,84.0,1.0,Urban,Y
LP109452,Female,No,1,Graduate,No,4660,0.0,79.0,360.0,1.0,Semiurban,Y
LP109453,Male,Yes,0,Not Graduate,,6419,1506.0,63.0,360.0,1.0,Semiurban,Y
LP109454,Male,No,0,Graduate,No,2978,0.0,182.0,120.0,0.0,Rural,N
LP109455,Female,No,2,Graduate,No,5584,0.0,380.0,360.0,1.0,Rural,Y
LP109456,Male,No,0,Graduate,No,5388,0.0,135.0,180.0,1.0,Semiurban,Y
LP109457,Female,Yes,2,Graduate,No,5520,635.0,90.0,360.0,1.0,Semiurban,Y
LP109458,Male,Yes,2,Graduate,No,2193,565.0,161.0,360.0,1.0,Rural,Y
LP109459,Female,No,1,Graduate,Yes,5203,0.0,87.0,360.0,1.0,Semiurban,Y
LP109460,Female,No,3+,Graduate,,1748,0.0,96.0,84.0,0.0,Rural,N
LP109461,Female,Yes,1,Graduate,No,3368,1943.0,119.0,300.0,1.0,Rural,Y
LP109462,Male,No,0,Graduate,No,4903,0.0,169.0,360.0,1.0,Rural,Y
LP109463,Male,No,2,Graduate,No,5569,0.0,49.0,120.0,1.0,Urban,Y
LP109464,Female,No,1,Graduate,No,2378,0.0,39.0,84.0,1.0,Urban,Y
LP109465,,Yes,0,Graduate,No,4144,2297.0,80.0,120.0,0.0,Semiurban,N
LP109466,Male,Yes,0,Graduate,No,7916,1712.0,183.0,360.0,1.0,Semiurban,Y
LP109467,Female,Yes,1,Not Graduate,No,2730,2774.0,62.0,360.0,1.0,Urban,Y
LP109468,Male,Yes,0,Graduate,Yes,1500,3769.0,403.0,360.0,0.0,Urban,N
LP109469,Male,No,2,Graduate,No,6752,0.0,223.0,180.0,1.0,Semiurban,Y
LP109470,,Yes,2,Not Graduate,No,2792,2606.0,200.0,300.0,1.0,Rural,Y
LP109471,Male,No,1,Graduate,No,3349,0.0,224.0,300.0,0.0,Semiurban,N
LP109472,Male,Yes,1,Graduate,No,5315,2580.0,173.0,360.0,1.0,Urban,Y
LP109473,Male,Yes,1,Graduate,No,5147,4703.0,182.0,240.0,1.0,Urban,Y
LP109474,Male,Yes,0,Graduate,,9071,1597.0,282.0,300.0,0.0,Urban,Y
LP109475,Female,Yes,,Graduate,No,4250,1453.0,244.0,300.0,1.0,Rural,Y
LP109476,Female,Yes,,Graduate,Yes,5120,2683.0,160.0,240.0,1.0,Rural,Y
LP109477,Male,Yes,0,Graduate,No,1779,3263.0,425.0,36.0,1.0,Semiurban,Y
LP109478,Male,No,1,Not Graduate,No,7164,0.0,140.0,300.0,1.0,Semiurban,Y
LP109479,Female,Yes,2,Not Graduate,No,3245,2592.0,102.0,300.0,1.0,Rural,Y
LP109480,Male,Yes,1,Not Graduate,No,34154,923.0,55.0,36.0,1.0,Urban,Y
LP109481,Male,No,3+,Graduate,No,4323,0.0,87.0,300.0,1.0,Urban,Y
LP109482,Male,Yes,2,Not Graduate,No,6340,6262.0,276.0,300.0,1.0,Semiurban,Y
LP109483,Male,Yes,3+,Not Graduate,No,7205,2940.0,131.0,84.0,1.0,Rural,Y
LP109484,Female,Yes,3+,Not Graduate,No,4660,1077.0,179.0,120.0,1.0,Semiurban,N
LP109485,Male,Yes,2,Graduate,No,6387,1199.0,140.0,360.0,1.0,Urban,Y
LP109486,Female,No,1,Not Graduate,Yes,19020,0.0,65.0,120.0,1.0,Rural,Y
LP109487,Male,Yes,0,Graduate,Yes,3126,6626.0,112.0,180.0,1.0,Semiurban,Y
LP109488,Female,No,2,Graduate,No,1500,0.0,81.0,180.0,1.0,Rural,Y
LP109489,Male,No,2,Graduate,No,2249,0.0,103.0,360.0,1.0,Semiurban,Y
LP109490,Male,Yes,1,Not Graduate,No,8940,586.0,78.0,360.0,0.0,Urban,N
LP109491,Male,No,2,Graduate,No,3686,0.0,179.0,360.0,1.0,Urban,Y
LP109492,Male,Yes,1,Graduate,No,19913,1018.0,218.0,240.0,0.0,Rural,N
LP109493,Male,Yes,1,Not Graduate,No,7602,2005.0,137.0,360.0,1.0,Urban,Y
LP109494,Male,Yes,1,Graduate,No,3321,2376.0,40.0,240.0,1.0,Semiurban,Y
LP109495,Male,Yes,2,Not Graduate,No,3080,1097.0,59.0,,1.0,Semiurban,Y
LP109496,Male,Yes,3+,Not Graduate,No,3760,866.0,197.0,360.0,1.0,Semiurban,Y
LP109497,Male,Yes,2,Graduate,Yes,1500,3746.0,85.0,300.0,1.0,Semiurban,Y
LP109498,Female,No,2,Graduate,No,5805,0.0,85.0,240.0,1.0,Urban,Y
LP109499,Female,No,,Graduate,No,7451,0.0,139.0,360.0,1.0,Urban,Y
LP109500,Female,Yes,3+,Not Graduate,No,2750,528.0,83.0,360.0,1.0,Urban,N
LP109501,Female,No,0,Not Graduate,No,1937,0.0,37.0,300.0,1.0,Urban,Y
LP109502,Male,No,3+,Graduate,Yes,2845,0.0,77.0,12.0,1.0,Urban,N
LP109503,,Yes,0,Graduate,Yes,8940,2126.0,105.0,36.0,,Semiurban,Y
LP109504,Male,Yes,1,Graduate,No,7957,1576.0,,360.0,0.0,Urban,N
LP109505,Female,Yes,2,Not Graduate,No,5592,1093.0,204.0,360.0,,Urban,Y
LP109506,Female,Yes,2,Graduate,No,13162,4095.0,,360.0,0.0,Semiurban,Y
LP109507,Male,Yes,1,Graduate,Yes,1783,2336.0,135.0,360.0,1.0,Urban,Y
LP109508,Male,Yes,2,Not Graduate,Yes,4337,871.0,268.0,360.0,1.0,Rural,Y
LP109509,Male,No,1,Graduate,No,6878,0.0,52.0,360.0,1.0,Semiurban,Y
LP109510,Male,Yes,0,Graduate,No,7894,982.0,343.0,360.0,1.0,Rural,Y
LP109511,Male,Yes,2,Not Graduate,No,7960,1369.0,361.0,360.0,1.0,Urban,Y
LP109512,Male,Yes,0,Graduate,No,7588,1859.0,125.0,240.0,1.0,Urban,Y
LP109513,Female,Yes,2,Graduate,No,10847,2516.0,106.0,240.0,0.0,Semiurban,Y
LP109514,Male,Yes,,Not Graduate,Yes,7759,935.0,300.0,,1.0,Urban,Y
LP109515,Female,Yes,1,Graduate,No,2458,610.0,114.0,120.0,1.0,Semiurban,Y
LP109516,Female,No,1,Graduate,No,3740,0.0,166.0,240.0,0.0,Semiurban,N
LP109517,Female,Yes,0,Not Graduate,No,1777,3509.0,158.0,360.0,1.0,Semiurban,Y
LP109518,Male,Yes,,Graduate,No,8935,7101.0,180.0,480.0,1.0,Rural,Y
LP109519,Male,Yes,2,Not Graduate,,10064,2499.0,69.0,120.0,1.0,Urban,Y
LP109520,Male,No,3+,Graduate,No,2363,0.0,174.0,360.0,0.0,Semiurban,N
LP109521,Male,No,2,Graduate,No,3912,0.0,79.0,360.0,0.0,Semiurban,N
LP109522,Male,Yes,2,Graduate,Yes,1714,1602.0,93.0,120.0,1.0,Semiurban,Y
LP109523,Female,Yes,1,Graduate,No,4570,616.0,234.0,360.0,1.0,Urban,Y
LP109524,Female,Yes,1,Not Graduate,No,2992,1739.0,99.0,180.0,1.0,Semiurban,Y
LP109525,Female,Yes,0,Graduate,Yes,2439,2266.0,91.0,240.0,0.0,Semiurban,N
LP109526,Female,No,1,Graduate,No,4842,0.0,151.0,360.0,1.0,Rural,Y
LP109527,Male,Yes,2,Not Graduate,No,15200,1914.0,301.0,60.0,1.0,Semiurban,Y
LP109528,Male,No,1,Graduate,No,7919,0.0,568.0,300.0,1.0,Urban,Y
LP109529,,Yes,1,Not Graduate,No,4225,399.0,266.0,300.0,0.0,Semiurban,N
LP109530,Male,Yes,0,Graduate,No,4773,676.0,264.0,360.0,1.0,Rural,Y
LP109531,Female,No,0,Graduate,No,15168,0.0,132.0,300.0,1.0,Semiurban,Y
LP109532,Male,Yes,0,Graduate,No,10458,6856.0,623.0,360.0,0.0,Urban,Y
LP109533,Male,No,2,Graduate,Yes,4078,0.0,151.0,180.0,1.0,Urban,Y
LP109534,Male,Yes,1,Graduate,No,6638,1682.0,131.0,300.0,1.0,Urban,Y
LP109535,Male,Yes,2,Graduate,No,2699,4363.0,168.0,36.0,,Urban,Y
LP109536,Male,No,1,Graduate,No,4988,0.0,157.0,480.0,1.0,Semiurban,Y
LP109537,Female,Yes,2,Not Graduate,,7773,1466.0,61.0,180.0,1.0,Semiurban,Y
LP109538,Male,Yes,2,Graduate,No,9065,4524.0,88.0,360.0,1.0,Urban,Y
LP109539,Male,Yes,2,Not Graduate,Yes,3347,1046.0,168.0,240.0,1.0,Semiurban,Y
LP109540,Male,No,1,Graduate,No,8964,0.0,83.0,120.0,1.0,Urban,Y
LP109541,Male,Yes,1,Graduate,No,5372,662.0,198.0,240.0,1.0,Urban,Y
LP109542,Male,Yes,3+,Graduate,No,4133,2226.0,137.0,240.0,1.0,Semiurban,Y
LP109543,Female,Yes,0,Graduate,No,15453,4081.0,235.0,360.0,1.0,Rural,Y
LP109544,Male,Yes,0,Not Graduate,No,3959,3630.0,124.0,360.0,1.0,Semiurban,Y
LP109545,Male,No,1,Not Graduate,,2528,0.0,179.0,120.0,1.0,Rural,Y
LP109546,Male,Yes,2,Graduate,Yes,3283,18218.0,45.0,300.0,1.0,Urban,Y
LP109547,Female,No,0,Graduate,No,7596,0.0,51.0,360.0,0.0,Urban,N
LP109548,Male,Yes,2,Not Graduate,No,2718,877.0,82.0,300.0,1.0,Semiurban,Y
LP109549,Male,No,1,Not Graduate,No,8083,0.0,161.0,360.0,1.0,Urban,Y
LP109550,Male,No,1,Graduate,Yes,2945,0.0,84.0,84.0,1.0,Semiurban,Y
LP109551,Female,No,1,Graduate,No,4698,0.0,207.0,36.0,1.0,Urban,N
LP109552,Male,,1,Graduate,No,18510,1477.0,169.0,360.0,0.0,Semiurban,Y
LP109553,Male,Yes,0,Not Graduate,No,2894,8815.0,101.0,360.0,1.0,Semiurban,Y
LP109554,Male,No,0,Not Graduate,No,1500,0.0,153.0,360.0,1.0,Rural,Y
LP109555,Male,Yes,0,Graduate,No,11164,2451.0,102.0,120.0,,Rural,Y
LP109556,Female,Yes,2,Graduate,Yes,2121,474.0,162.0,120.0,0.0,Urban,N
LP109557,Female,No,,Not Graduate,No,3018,0.0,98.0,360.0,1.0,Urban,Y
LP109558,Male,Yes,1,Not Graduate,No,7610,5687.0,170.0,240.0,1.0,Rural,Y
LP109559,Female,No,1,Graduate,No,7429,0.0,303.0,360.0,1.0,Semiurban,Y
LP109560,Female,Yes,1,Graduate,No,1500,10466.0,63.0,120.0,0.0,Semiurban,N
LP109561,Female,No,0,Graduate,No,4000,0.0,88.0,360.0,1.0,Urban,Y
LP109562,Male,Yes,0,Graduate,No,8195,1602.0,90.0,360.0,1.0,Semiurban,Y
LP109563,Male,Yes,3+,Graduate,No,16599,1406.0,,480.0,1.0,Urban,Y
LP109564,Male,No,1,Graduate,No,2337,0.0,221.0,300.0,0.0,Rural,N
LP109565,Female,Yes,2,Not Graduate,No,9329,565.0,47.0,180.0,1.0,Urban,Y
LP109566,Male,No,1,Not Graduate,No,3303,0.0,120.0,,1.0,Urban,Y
LP109567,Male,No,2,Graduate,No,9181,0.0,136.0,180.0,1.0,Urban,Y
LP109568,Male,Yes,1,Not Graduate,No,2632,1472.0,227.0,360.0,1.0,Semiurban,Y
LP109569,Male,No,0,Not Graduate,No,4281,0.0,78.0,240.0,1.0,Rural,Y
LP109570,Male,Yes,3+,Graduate,Yes,6200,3455.0,208.0,300.0,1.0,Urban,Y
LP109571,Female,No,0,Not Graduate,No,8712,0.0,160.0,300.0,1.0,Urban,Y
LP109572,Male,Yes,0,Graduate,No,6920,6156.0,389.0,360.0,1.0,Semiurban,Y
LP109573,Female,No,0,Not Graduate,No,3798,0.0,500.0,360.0,1.0,Semiurban,Y
LP109574,Male,Yes,2,Graduate,,3636,936.0,216.0,12.0,1.0,Rural,Y
LP109575,Male,Yes,2,Graduate,No,14291,530.0,114.0,360.0,1.0,Urban,Y
LP109576,Male,Yes,2,Graduate,No,5804,1994.0,180.0,240.0,1.0,Rural,Y
LP109577,Male,Yes,3+,Graduate,,3694,966.0,190.0,180.0,1.0,Urban,N
LP109578,Male,Yes,0,Graduate,No,6787,2047.0,184.0,480.0,1.0,Urban,Y
LP109579,Female,Yes,1,Not Graduate,Yes,7141,2281.0,,84.0,1.0,Urban,Y
LP109580,Male,Yes,2,Graduate,No,2181,3208.0,185.0,240.0,0.0,Rural,N
LP109581,Female,Yes,3+,Graduate,No,6579,708.0,252.0,360.0,1.0,Rural,Y
LP109582,Male,Yes,0,Graduate,Yes,1990,889.0,502.0,300.0,1.0,Urban,Y
LP109583,Male,Yes,3+,Not Graduate,No,3337,1406.0,45.0,360.0,1.0,Rural,Y
LP109584,Male,Yes,0,Graduate,No,2719,2226.0,292.0,180.0,1.0,Urban,Y
LP109585,Male,Yes,2,Graduate,No,4548,2124.0,146.0,240.0,0.0,Urban,N
LP109586,Male,No,2,Not Graduate,No,3780,0.0,83.0,60.0,1.0,Semiurban,Y
LP109587,Male,No,2,Not Graduate,No,4358,0.0,59.0,300.0,,Rural,Y
LP109588,Male,Yes,,Not Graduate,Yes,1576,4394.0,161.0,12.0,1.0,Semiurban,Y
LP109589,Male,No,0,Graduate,No,4695,0.0,137.0,180.0,1.0,Rural,Y
LP109590,Male,Yes,0,Graduate,No,2538,869.0,70.0,360.0,1.0,Rural,Y
LP109591,Female,No,1,Not Graduate,No,19343,0.0,131.0,360.0,1.0,Urban,Y
LP109592,Male,Yes,2,Not Graduate,No,3866,7400.0,250.0,240.0,,Urban,Y
LP109593,Male,Yes,3+,Not Graduate,No,4210,1099.0,340.0,12.0,1.0,Urban,N
LP109594,Female,No,1,Graduate,No,7457,0.0,144.0,84.0,0.0,Semiurban,N
LP109595,Male,No,0,Not Graduate,No,10867,0.0,144.0,180.0,1.0,Semiurban,Y
LP109596,Male,Yes,0,Graduate,Yes,2424,2724.0,195.0,12.0,1.0,Urban,Y
LP109597,Male,Yes,0,Graduate,No,6931,4016.0,270.0,120.0,1.0,Semiurban,Y
LP109598,Male,No,2,Graduate,No,8775,0.0,149.0,300.0,1.0,Semiurban,Y
LP109599,Female,No,2,Not Graduate,No,5490,0.0,165.0,84.0,1.0,Semiurban,Y
LP109600,Male,No,3+,Graduate,No,5425,0.0,105.0,360.0,1.0,Semiurban,Y
LP109601,Female,Yes,1,Graduate,Yes,3614,1749.0,122.0,60.0,1.0,Urban,Y
LP109602,Female,Yes,0,Not Graduate,No,4050,3077.0,91.0,360.0,0.0,Semiurban,N
LP109603,Male,Yes,0,Graduate,Yes,4607,3126.0,72.0,300.0,1.0,Urban,Y
LP109604,Male,Yes,1,Graduate,Yes,3806,1024.0,65.0,360.0,1.0,Semiurban,Y
LP109605,Male,Yes,3+,Not Graduate,Yes,8373,797.0,80.0,300.0,1.0,Semiurban,Y
LP109606,Male,No,0,Not Graduate,No,2912,0.0,76.0,240.0,1.0,Semiurban,Y
LP109607,Male,Yes,0,Graduate,No,8211,2623.0,,360.0,,Urban,Y
LP109608,Male,No,2,Not Graduate,No,10901,0.0,175.0,180.0,1.0,Semiurban,Y
LP109609,Male,Yes,2,Graduate,No,6135,2025.0,104.0,300.0,1.0,Rural,Y
LP109610,Male,Yes,0,Not Graduate,No,1679,768.0,81.0,360.0,1.0,Semiurban,Y
LP109611,Female,Yes,2,Not Graduate,No,7096,2087.0,488.0,120.0,1.0,Rural,Y
LP109612,Male,Yes,0,Graduate,Yes,3340,844.0,103.0,84.0,0.0,Urban,N
LP109613,Female,No,3+,Not Graduate,No,3581,0.0,94.0,360.0,1.0,Urban,N
LP109614,Female,Yes,0,Graduate,No,6106,1346.0,52.0,360.0,1.0,Semiurban,Y
LP109615,,Yes,0,Graduate,No,9539,954.0,183.0,240.0,1.0,Semiurban,Y
LP109616,Female,Yes,0,Not Graduate,No,1813,732.0,400.0,360.0,1.0,Urban,Y
LP109617,Male,Yes,0,Graduate,No,5087,6244.0,120.0,300.0,1.0,Semiurban,Y
LP109618,Male,No,1,Graduate,No,16237,0.0,109.0,180.0,1.0,Semiurban,Y
LP109619,Male,Yes,2,Graduate,Yes,2541,1126.0,158.0,300.0,1.0,Semiurban,Y
LP109620,Male,No,1,Graduate,No,4357,0.0,161.0,300.0,0.0,Urban,N
LP109621,Male,No,2,Not Graduate,Yes,3396,0.0,30.0,180.0,1.0,Rural,N
LP109622,Male,Yes,1,Not Graduate,No,7495,2288.0,198.0,240.0,0.0,Semiurban,N
LP109623,Male,Yes,0,Graduate,No,2320,1443.0,413.0,240.0,1.0,Semiurban,Y
LP109624,Male,No,3+,Graduate,No,1915,0.0,138.0,360.0,1.0,Rural,Y
LP109625,Male,No,2,Graduate,No,8096,0.0,125.0,180.0,1.0,Urban,Y
LP109626,Male,Yes,0,Graduate,No,5671,948.0,216.0,360.0,1.0,Semiurban,Y
LP109627,Male,Yes,1,Graduate,Yes,2412,2140.0,201.0,12.0,1.0,Rural,Y
LP109628,Male,Yes,2,Graduate,No,4716,1578.0,148.0,84.0,1.0,Semiurban,Y
LP109629,Male,Yes,0,Graduate,No,2277,2654.0,213.0,36.0,1.0,Semiurban,Y
LP109630,Male,Yes,1,Graduate,No,8547,6354.0,,360.0,0.0,Rural,N
LP109631,Female,Yes,1,Not Graduate,No,5807,3179.0,66.0,84.0,1.0,Urban,Y
LP109632,Male,Yes,0,Not Graduate,No,3200,1630.0,67.0,300.0,1.0,Urban,Y
LP109633,Female,Yes,0,Not Graduate,No,3469,6908.0,61.0,360.0,1.0,Urban,Y
LP109634,Male,Yes,2,Graduate,No,3731,6398.0,54.0,300.0,1.0,Semiurban,Y
LP109635,Female,No,0,Not Graduate,No,2578,0.0,218.0,84.0,0.0,Urban,N
LP109636,Male,Yes,0,Not Graduate,No,10981,2265.0,218.0,360.0,1.0,Urban,Y
LP109637,Male,No,2,Not Graduate,No,9876,0.0,175.0,120.0,1.0,Rural,Y
LP109638,Male,Yes,2,Graduate,Yes,3863,272.0,364.0,,1.0,Semiurban,Y
LP109639,Male,No,0,Graduate,Yes,4069,0.0,111.0,360.0,1.0,Urban,N
LP109640,Male,Yes,3+,Graduate,No,2505,3358.0,88.0,36.0,1.0,Rural,Y
LP109641,Male,Yes,2,Graduate,No,4463,620.0,144.0,360.0,1.0,Semiurban,Y
LP109642,Female,Yes,0,Not Graduate,No,6591,2520.0,266.0,240.0,,Urban,Y
LP109643,Male,Yes,1,Graduate,,9983,1266.0,94.0,240.0,1.0,Semiurban,Y
LP109644,Male,No,2,Graduate,No,2870,0.0,430.0,360.0,0.0,Semiurban,N
LP109645,Female,Yes,0,Graduate,,1788,1104.0,128.0,36.0,1.0,Semiurban,Y
LP109646,Male,No,1,Graduate,No,2685,0.0,182.0,360.0,1.0,Urban,Y
LP109647,Female,Yes,2,Not Graduate,No,6861,1721.0,148.0,360.0,1.0,Urban,Y
LP109648,Male,Yes,1,Graduate,No,4788,705.0,105.0,360.0,0.0,Urban,N
LP109649,Female,Yes,2,Graduate,No,8914,3902.0,231.0,300.0,0.0,Urban,Y
LP109650,Male,No,1,Graduate,Yes,5038,0.0,16.0,120.0,1.0,Semiurban,Y
LP109651,Female,Yes,0,Graduate,Yes,12957,723.0,109.0,36.0,1.0,Semiurban,Y
LP109652,Female,No,1,Not Graduate,No,1898,0.0,216.0,300.0,1.0,Urban,Y
LP109653,Male,Yes,1,Not Graduate,Yes,1500,2899.0,56.0,360.0,1.0,Rural,Y
LP109654,Male,No,2,Graduate,No,11069,0.0,88.0,36.0,0.0,Semiurban,Y
LP109655,Male,Yes,2,Not Graduate,No,3048,3190.0,99.0,180.0,1.0,Semiurban,Y
LP109656,Female,Yes,1,Graduate,No,5337,815.0,110.0,360.0,1.0,Rural,Y
LP109657,Male,Yes,3+,Not Graduate,No,5327,1445.0,93.0,180.0,1.0,Rural,Y
LP109658,Male,Yes,0,Not Graduate,No,5979,1706.0,72.0,240.0,1.0,Urban,Y
LP109659,Male,Yes,0,Not Graduate,No,3698,10737.0,128.0,360.0,1.0,Semiurban,Y
LP109660,Male,Yes,0,Graduate,No,2776,1009.0,217.0,240.0,0.0,Rural,N
LP109661,Male,Yes,0,Graduate,No,2646,2984.0,168.0,,1.0,Urban,Y
LP109662,Female,Yes,2,Not Graduate,Yes,7059,2636.0,248.0,180.0,1.0,Urban,Y
LP109663,Male,Yes,0,Not Graduate,No,7807,7319.0,119.0,360.0,1.0,Urban,Y
LP109664,Female,Yes,0,Graduate,No,4229,5365.0,285.0,84.0,1.0,Urban,Y
LP109665,Male,Yes,0,Graduate,No,3435,1248.0,62.0,360.0,1.0,Rural,Y
LP109666,Male,No,2,Graduate,Yes,6913,0.0,294.0,60.0,1.0,Rural,Y
LP109667,Male,No,3+,Not Graduate,No,2020,0.0,258.0,360.0,1.0,Urban,Y
LP109668,Male,Yes,2,Graduate,No,15832,2183.0,52.0,84.0,1.0,Rural,Y
LP109669,Female,No,0,Not Graduate,No,6447,0.0,177.0,300.0,1.0,Urban,Y
LP109670,Female,No,1,Not Graduate,No,4466,0.0,124.0,240.0,1.0,Urban,Y
LP109671,Male,Yes,0,Graduate,No,8086,1467.0,125.0,360.0,1.0,Urban,Y
LP109672,Male,Yes,0,Graduate,No,7175,1873.0,139.0,36.0,1.0,Urban,Y
LP109673,Male,No,2,Not Graduate,No,5659,0.0,92.0,360.0,,Urban,Y
LP109674,Female,Yes,1,Graduate,No,1581,981.0,235.0,360.0,1.0,Semiurban,Y
LP109675,Female,No,0,Graduate,,6289,0.0,134.0,240.0,,Urban,Y
LP109676,Female,No,1,Graduate,No,11772,0.0,68.0,300.0,0.0,Rural,N
LP109677,Male,Yes,0,Graduate,No,3522,714.0,131.0,360.0,1.0,Urban,Y
LP109678,Male,Yes,1,Graduate,No,8735,1433.0,101.0,360.0,1.0,Semiurban,Y
LP109679,Male,Yes,1,Not Graduate,Yes,8179,2605.0,194.0,360.0,1.0,Rural,Y
LP109680,Male,Yes,0,Not Graduate,No,5863,1249.0,60.0,120.0,0.0,Urban,N
LP109681,Male,Yes,3+,Not Graduate,No,5443,4290.0,446.0,360.0,1.0,Semiurban,Y
LP109682,Male,Yes,1,Graduate,No,6876,15322.0,144.0,300.0,1.0,Semiurban,Y
LP109683,Male,Yes,2,Graduate,No,6307,948.0,63.0,360.0,1.0,Urban,Y
LP109684,Female,Yes,2,Graduate,Yes,15283,2012.0,118.0,360.0,1.0,Urban,Y
LP109685,Female,Yes,2,Graduate,No,8778,1815.0,100.0,84.0,1.0,Semiurban,Y
LP109686,Male,Yes,1,Graduate,Yes,7512,2322.0,83.0,240.0,0.0,Urban,N
LP109687,Male,Yes,0,Graduate,,9267,1115.0,173.0,300.0,,Urban,Y
LP109688,Male,Yes,2,Graduate,No,7515,1074.0,511.0,84.0,1.0,Semiurban,Y
LP109689,Female,Yes,1,Graduate,No,1500,1095.0,412.0,180.0,1.0,Rural,N
LP109690,Female,No,0,Graduate,,4582,0.0,151.0,36.0,1.0,Urban,Y
LP109691,Female,Yes,1,Graduate,No,3388,1265.0,84.0,360.0,,Semiurban,Y
LP109692,Female,Yes,2,Graduate,No,5983,243.0,158.0,300.0,1.0,Rural,Y
LP109693,Male,No,3+,Not Graduate,No,3519,0.0,209.0,36.0,0.0,Urban,N
LP109694,Male,Yes,1,Graduate,No,7007,1420.0,151.0,180.0,1.0,Semiurban,Y
LP109695,Male,No,1,Graduate,No,3817,0.0,209.0,240.0,1.0,Urban,Y
LP109696,Male,Yes,3+,Graduate,No,13610,1947.0,175.0,240.0,1.0,Rural,Y
LP109697,Female,No,0,Graduate,No,13227,0.0,159.0,12.0,1.0,Urban,Y
LP109698,Male,No,0,Not Graduate,No,2063,0.0,64.0,180.0,1.0,Urban,Y
LP109699,Male,Yes,0,Graduate,No,5965,1820.0,124.0,60.0,0.0,Semiurban,Y
LP109700,Male,Yes,3+,Not Graduate,No,3725,1135.0,422.0,12.0,1.0,Rural,N
LP109701,Female,No,0,Graduate,No,5717,0.0,180.0,240.0,1.0,Semiurban,Y
LP109702,Male,No,0,Graduate,,6988,0.0,270.0,240.0,1.0,Semiurban,Y
LP109703,Male,No,1,Not Graduate,No,2281,0.0,448.0,360.0,1.0,Rural,N
LP109704,Male,Yes,2,Not Graduate,Yes,2740,2235.0,66.0,84.0,1.0,Rural,Y
LP109705,Male,No,3+,Graduate,No,2952,0.0,638.0,360.0,1.0,Semiurban,N
LP109706,Male,Yes,1,Not Graduate,No,3530,1298.0,240.0,180.0,1.0,Rural,Y
LP109707,Female,Yes,,Graduate,No,3592,2612.0,269.0,300.0,1.0,Rural,Y
LP109708,Male,Yes,0,Graduate,No,7927,11630.0,89.0,240.0,1.0,Semiurban,Y
LP109709,Female,Yes,0,Not Graduate,No,5616,483.0,207.0,300.0,1.0,Rural,Y
LP109710,Male,No,3+,Not Graduate,No,2914,0.0,83.0,360.0,1.0,Rural,N
LP109711,Male,Yes,1,Graduate,No,4057,2159.0,146.0,12.0,1.0,Semiurban,Y
LP109712,Female,Yes,0,Not Graduate,Yes,1500,1206.0,164.0,240.0,1.0,Semiurban,Y
LP109713,Male,No,1,Graduate,Yes,16511,0.0,,240.0,1.0,Urban,Y
LP109714,Male,No,2,Graduate,No,4968,0.0,267.0,84.0,1.0,Urban,Y
LP109715,Female,Yes,2,Not Graduate,No,8915,6380.0,98.0,12.0,0.0,Semiurban,N
LP109716,Male,Yes,3+,Graduate,No,7910,1785.0,40.0,360.0,1.0,Semiurban,Y
LP109717,Female,Yes,1,Graduate,No,4809,3159.0,116.0,360.0,0.0,Semiurban,N
LP109718,Male,Yes,3+,Graduate,No,1500,1184.0,284.0,180.0,1.0,Rural,Y
LP109719,Male,Yes,1,Not Graduate,No,3516,2284.0,586.0,360.0,1.0,Semiurban,Y
LP109720,Male,Yes,2,Graduate,No,6076,1331.0,295.0,480.0,1.0,Urban,Y
LP109721,Female,Yes,2,Graduate,No,5096,580.0,254.0,120.0,1.0,Semiurban,Y
LP109722,Male,No,1,Graduate,No,9174,0.0,106.0,180.0,1.0,Urban,Y
LP109723,Female,Yes,0,Not Graduate,No,4908,2388.0,534.0,360.0,1.0,Semiurban,Y
LP109724,Female,Yes,1,Not Graduate,No,14842,3350.0,202.0,12.0,0.0,Semiurban,N
LP109725,Male,Yes,2,Not Graduate,No,2602,1009.0,207.0,360.0,1.0,Semiurban,Y
LP109726,Male,Yes,0,Not Graduate,No,6704,4664.0,195.0,300.0,1.0,Urban,Y
LP109727,Male,Yes,0,Graduate,No,2650,2628.0,67.0,360.0,1.0,Urban,Y
LP109728,Male,Yes,0,Graduate,No,8505,2038.0,169.0,300.0,1.0,Urban,Y
LP109729,Male,Yes,0,Graduate,No,3127,4119.0,56.0,300.0,1.0,Semiurban,Y
LP109730,Male,Yes,2,Graduate,No,1713,1389.0,220.0,360.0,1.0,Semiurban,Y
LP109731,Female,Yes,0,Graduate,Yes,2014,5093.0,164.0,300.0,1.0,Semiurban,Y
LP109732,Female,Yes,0,Not Graduate,No,3702,1064.0,91.0,480.0,0.0,Urban,N
LP109733,Female,No,2,Graduate,Yes,12521,0.0,263.0,360.0,1.0,Rural,Y
LP109734,Female,Yes,2,Graduate,No,7668,854.0,108.0,360.0,1.0,Rural,Y
LP109735,Male,Yes,0,Graduate,No,6426,721.0,109.0,240.0,1.0,Urban,Y
LP109736,Female,Yes,0,Graduate,Yes,4726,1245.0,185.0,360.0,1.0,Semiurban,Y
LP109737,Female,No,3+,Graduate,No,2500,0.0,133.0,300.0,1.0,Urban,Y
LP109738,Male,No,1,Not Graduate,Yes,2808,0.0,154.0,240.0,1.0,Semiurban,Y
LP109739,Female,Yes,3+,Graduate,Yes,3529,1080.0,249.0,360.0,1.0,Semiurban,Y
LP109740,Male,No,0,Graduate,Yes,3342,0.0,86.0,240.0,1.0,Semiurban,N
LP109741,Male,Yes,0,Not Graduate,No,3314,1399.0,81.0,240.0,0.0,Urban,N
LP109742,Female,No,,Graduate,Yes,2777,0.0,116.0,300.0,1.0,Rural,Y
LP109743,Female,Yes,0,Not Graduate,Yes,4932,2991.0,129.0,360.0,1.0,Urban,Y
LP109744,Male,Yes,,Graduate,No,3131,1169.0,197.0,240.0,1.0,Rural,Y
LP109745,Female,Yes,3+,Not Graduate,Yes,9691,7786.0,430.0,360.0,1.0,Urban,Y
LP109746,Male,Yes,3+,Graduate,No,9632,2555.0,130.0,120.0,1.0,Urban,Y
LP109747,Male,Yes,3+,Graduate,No,7048,605.0,137.0,120.0,0.0,Semiurban,N
LP109748,Female,Yes,2,Graduate,No,6577,1643.0,90.0,300.0,1.0,Rural,Y
LP109749,Male,Yes,2,Graduate,No,1936,1077.0,84.0,180.0,1.0,Semiurban,Y
LP109750,Female,Yes,2,Not Graduate,Yes,19428,486.0,201.0,300.0,1.0,Urban,Y
LP109751,Male,Yes,0,Graduate,No,4150,4214.0,137.0,12.0,1.0,Rural,Y
LP109752,Male,No,1,Graduate,No,7912,0.0,283.0,180.0,1.0,Semiurban,Y
LP109753,Male,No,2,Graduate,No,8101,0.0,265.0,360.0,1.0,Urban,Y
LP109754,Male,No,3+,Graduate,No,2631,0.0,226.0,360.0,1.0,Semiurban,Y
LP109755,Male,No,2,Graduate,Yes,3372,0.0,55.0,36.0,1.0,Semiurban,Y
LP109756,Female,No,2,Graduate,No,6240,0.0,202.0,360.0,1.0,Semiurban,Y
LP109757,Male,Yes,1,Graduate,No,1943,3873.0,76.0,300.0,1.0,Semiurban,Y
LP109758,Female,Yes,2,Graduate,No,4658,2288.0,43.0,360.0,1.0,Rural,Y
LP109759,Male,Yes,3+,Not Graduate,No,1500,4520.0,153.0,180.0,1.0,Rural,Y
LP109760,Male,Yes,0,Graduate,No,4944,707.0,303.0,,1.0,Semiurban,Y
LP109761,Male,No,3+,Graduate,,11216,0.0,205.0,480.0,1.0,Urban,Y
LP109762,Male,Yes,1,Graduate,No,4907,2124.0,79.0,240.0,1.0,Semiurban,Y
LP109763,Male,No,2,Not Graduate,No,2042,0.0,700.0,360.0,1.0,Rural,N
LP109764,Male,Yes,3+,Graduate,No,3527,773.0,219.0,360.0,1.0,Urban,Y
LP109765,,No,1,Graduate,Yes,7108,0.0,81.0,120.0,1.0,Semiurban,Y
LP109766,Male,Yes,1,Graduate,No,5432,1874.0,39.0,180.0,0.0,Semiurban,N
LP109767,Male,Yes,1,Graduate,No,6445,1271.0,118.0,84.0,0.0,Semiurban,N
LP109768,Male,No,0,Graduate,No,4432,0.0,41.0,180.0,,Rural,Y
LP109769,Male,Yes,1,Not Graduate,No,3104,4787.0,72.0,300.0,1.0,Semiurban,Y
LP109770,Female,Yes,0,Graduate,No,5298,2490.0,48.0,360.0,0.0,Semiurban,Y
LP109771,Male,Yes,3+,Graduate,No,5119,1012.0,85.0,240.0,1.0,Urban,Y
LP109772,Female,Yes,0,Not Graduate,No,9102,2127.0,97.0,480.0,,Rural,Y
LP109773,Male,Yes,1,Graduate,Yes,3707,1494.0,79.0,240.0,,Urban,Y
LP109774,Female,Yes,3+,Graduate,Yes,5060,518.0,533.0,300.0,0.0,Rural,N
LP109775,Male,Yes,3+,Graduate,No,4504,2250.0,120.0,360.0,1.0,Urban,Y
LP109776,Female,Yes,2,Not Graduate,No,19232,6713.0,297.0,360.0,1.0,Urban,Y
LP109777,Male,Yes,1,Graduate,No,3128,5594.0,188.0,240.0,1.0,Semiurban,Y
LP109778,Female,No,0,Graduate,No,3901,0.0,118.0,300.0,1.0,Semiurban,Y
LP109779,Female,No,1,Graduate,No,2767,0.0,100.0,300.0,1.0,Semiurban,Y
LP109780,Female,Yes,0,Graduate,No,10746,2836.0,302.0,84.0,1.0,Urban,Y
LP109781,Male,Yes,2,Graduate,Yes,11234,2237.0,72.0,240.0,0.0,Semiurban,Y
LP109782,Male,Yes,0,Not Graduate,No,4315,1618.0,92.0,300.0,1.0,Rural,Y
LP109783,Male,No,2,Graduate,No,10010,0.0,91.0,360.0,1.0,Rural,Y
LP109784,Male,No,1,Not Graduate,No,5984,0.0,140.0,12.0,0.0,Urban,N
LP109785,Female,No,1,Graduate,No,7489,0.0,77.0,360.0,0.0,Semiurban,N
LP109786,Male,Yes,1,Not Graduate,No,2705,2028.0,235.0,180.0,0.0,Semiurban,N
LP109787,Male,Yes,2,Not Graduate,No,5414,2036.0,255.0,360.0,1.0,Semiurban,Y
LP109788,Male,Yes,0,Graduate,No,15114,482.0,87.0,360.0,0.0,Urban,Y
LP109789,Male,Yes,1,Graduate,No,11925,4363.0,184.0,360.0,1.0,Semiurban,Y
LP109790,Male,Yes,0,Not Graduate,No,7967,3531.0,81.0,360.0,1.0,Semiurban,Y
LP109791,Female,Yes,0,Graduate,No,8696,2101.0,149.0,360.0,1.0,Urban,Y
LP109792,Male,No,2,Graduate,No,21158,0.0,270.0,360.0,1.0,Urban,Y
LP109793,Male,Yes,0,Not Graduate,Yes,7875,2521.0,142.0,360.0,1.0,Urban,Y
LP109794,Male,No,0,Graduate,No,3304,0.0,126.0,360.0,1.0,Rural,Y
LP109795,Male,Yes,3+,Graduate,No,10176,831.0,529.0,300.0,0.0,Rural,N
LP109796,Male,No,1,Not Graduate,No,4700,0.0,166.0,360.0,1.0,Urban,N
LP109797,Female,No,0,Graduate,No,6589,0.0,80.0,300.0,,Semiurban,Y
LP109798,Female,No,0,Graduate,No,5276,0.0,77.0,360.0,0.0,Urban,N
LP109799,Female,No,0,Graduate,No,3212,0.0,527.0,360.0,1.0,Semiurban,Y
LP109800,Female,No,1,Graduate,No,5914,0.0,86.0,300.0,1.0,Semiurban,Y
LP109801,Male,Yes,2,Not Graduate,No,8779,824.0,88.0,300.0,1.0,Semiurban,Y
LP109802,Female,Yes,2,Not Graduate,No,7656,3032.0,136.0,360.0,1.0,Rural,Y
LP109803,Female,No,0,Graduate,No,6554,0.0,208.0,240.0,0.0,Semiurban,N
LP109804,Female,No,2,Not Graduate,No,4357,0.0,63.0,300.0,,Urban,N
LP109805,Male,No,1,Graduate,No,1816,0.0,113.0,360.0,0.0,Urban,N
LP109806,Female,Yes,1,Not Graduate,No,4776,5154.0,60.0,180.0,1.0,Rural,Y
LP109807,Female,Yes,2,Graduate,No,6853,3293.0,122.0,360.0,0.0,Urban,Y
LP109808,Female,No,0,Graduate,No,1500,0.0,219.0,36.0,1.0,Semiurban,Y
LP109809,Male,No,0,Graduate,No,4721,0.0,115.0,84.0,0.0,Semiurban,N
LP109810,Female,Yes,3+,Graduate,No,4642,1435.0,437.0,360.0,1.0,Urban,N
LP109811,Female,Yes,0,Graduate,Yes,2838,1383.0,80.0,360.0,1.0,Semiurban,Y
LP109812,Female,Yes,0,Graduate,No,7756,2474.0,153.0,300.0,1.0,Rural,Y
LP109813,Male,Yes,2,Not Graduate,No,8660,1762.0,294.0,360.0,1.0,Urban,Y
LP109814,Female,Yes,2,Not Graduate,No,14595,1798.0,246.0,240.0,1.0,Urban,Y
LP109815,Male,Yes,2,Not Graduate,No,4832,6202.0,655.0,360.0,1.0,Rural,N
LP109816,Male,No,0,Graduate,No,10666,0.0,163.0,360.0,1.0,Semiurban,Y
LP109817,Male,Yes,1,Graduate,No,3006,967.0,78.0,120.0,1.0,Semiurban,Y
LP109818,Female,Yes,0,Graduate,No,3933,2292.0,141.0,300.0,0.0,Semiurban,N
LP109819,Male,No,1,Graduate,No,7388,0.0,81.0,360.0,,Semiurban,Y
LP109820,Male,No,0,Graduate,No,3315,0.0,144.0,60.0,1.0,Urban,Y
LP109821,Female,No,2,Graduate,Yes,4459,0.0,281.0,120.0,0.0,Semiurban,N
LP109822,Female,Yes,0,Graduate,Yes,8133,1359.0,203.0,300.0,1.0,Urban,Y
LP109823,Male,No,0,Not Graduate,Yes,4896,0.0,126.0,360.0,0.0,Semiurban,N
LP109824,Female,Yes,1,Not Graduate,No,2830,6573.0,88.0,360.0,1.0,Semiurban,Y
LP109825,Female,No,3+,Graduate,No,3450,0.0,163.0,120.0,1.0,Rural,Y
LP109826,Male,Yes,3+,Graduate,No,4171,2685.0,184.0,360.0,1.0,Rural,Y
LP109827,Male,Yes,3+,Graduate,No,6992,7128.0,63.0,240.0,1.0,Rural,Y
LP109828,Male,Yes,1,Graduate,No,4044,855.0,72.0,180.0,1.0,Semiurban,Y
LP109829,Male,Yes,0,Graduate,No,1500,788.0,112.0,60.0,1.0,Urban,Y
LP109830,Male,No,0,Not Graduate,No,7877,0.0,60.0,84.0,1.0,Urban,Y
LP109831,Female,Yes,2,Graduate,No,7239,3307.0,45.0,360.0,1.0,Semiurban,Y
LP109832,Female,Yes,0,Graduate,No,2593,803.0,72.0,300.0,0.0,Semiurban,N
LP109833,Male,Yes,0,Graduate,No,2489,2829.0,168.0,360.0,1.0,Urban,Y
LP109834,Male,Yes,0,Graduate,No,11055,5365.0,142.0,360.0,1.0,Rural,Y
LP109835,Male,No,1,Graduate,Yes,4254,0.0,102.0,360.0,1.0,Urban,Y
LP109836,Male,No,0,Graduate,No,7724,0.0,76.0,480.0,1.0,Semiurban,Y
LP109837,Male,No,0,Graduate,Yes,3240,0.0,167.0,180.0,1.0,Semiurban,Y
LP109838,Female,Yes,1,Not Graduate,No,7282,1878.0,162.0,60.0,1.0,Semiurban,Y
LP109839,Female,Yes,1,Graduate,No,2825,273.0,283.0,300.0,1.0,Semiurban,Y
LP109840,Male,Yes,1,Graduate,No,6331,6157.0,29.0,360.0,,Urban,Y
LP109841,Female,Yes,2,Not Graduate,No,6088,2811.0,47.0,120.0,1.0,Rural,Y
LP109842,Male,Yes,0,Graduate,No,1500,1333.0,235.0,300.0,1.0,Rural,Y
LP109843,Female,No,2,Graduate,No,5294,0.0,178.0,240.0,1.0,Semiurban,Y
LP109844,Male,Yes,0,Graduate,No,3193,3165.0,235.0,360.0,1.0,Urban,Y
LP109845,Male,Yes,1,Not Graduate,No,9469,1744.0,78.0,240.0,1.0,Urban,Y
LP109846,Female,Yes,1,Graduate,No,5659,1892.0,106.0,480.0,1.0,Urban,Y
LP109847,Male,Yes,3+,Graduate,No,4237,2039.0,62.0,360.0,1.0,Semiurban,Y
LP109848,Female,No,1,Graduate,No,12225,0.0,33.0,360.0,1.0,Semiurban,Y
LP109849,Male,Yes,0,Not Graduate,Yes,1568,1354.0,146.0,240.0,1.0,Semiurban,N
LP109850,Male,Yes,1,Graduate,No,15621,1555.0,314.0,360.0,,Semiurban,Y
LP109851,Male,Yes,1,Graduate,No,15142,983.0,121.0,300.0,0.0,Rural,Y
LP109852,Male,No,1,Not Graduate,No,3890,0.0,87.0,360.0,1.0,Urban,Y
LP109853,Female,No,0,Graduate,No,8375,0.0,68.0,360.0,1.0,Semiurban,Y
LP109854,Male,No,1,Graduate,No,6576,0.0,261.0,360.0,1.0,Semiurban,Y
LP109855,Female,Yes,0,Not Graduate,No,1500,983.0,140.0,180.0,0.0,Rural,N
LP109856,Female,Yes,2,Graduate,No,4596,3686.0,144.0,300.0,,Semiurban,N
LP109857,Female,Yes,1,Not Graduate,No,2300,5653.0,56.0,360.0,,Semiurban,N
LP109858,Male,No,0,Graduate,No,2178,0.0,77.0,360.0,,Semiurban,Y
LP109859,Female,No,3+,Graduate,No,4138,0.0,208.0,360.0,1.0,Rural,N
LP109860,Male,No,2,Graduate,No,4225,0.0,97.0,300.0,1.0,Rural,Y
LP109861,Male,Yes,0,Graduate,No,10193,6089.0,90.0,360.0,,Urban,Y
LP109862,Male,No,0,Graduate,No,3129,0.0,605.0,300.0,1.0,Semiurban,Y
LP109863,Male,Yes,2,Not Graduate,No,3878,1764.0,140.0,360.0,1.0,Rural,Y
LP109864,Male,No,1,Graduate,Yes,11163,0.0,121.0,300.0,1.0,Semiurban,Y
LP109865,Male,Yes,3+,Not Graduate,No,4401,3357.0,123.0,360.0,1.0,Semiurban,Y
LP109866,Male,Yes,0,Graduate,No,3612,252.0,89.0,60.0,1.0,Urban,Y
LP109867,Male,Yes,0,Not Graduate,No,8218,945.0,128.0,240.0,1.0,Semiurban,Y
LP109868,Female,Yes,3+,Graduate,No,6757,825.0,430.0,84.0,1.0,Semiurban,Y
LP109869,Male,Yes,3+,Graduate,No,5218,6442.0,172.0,180.0,,Semiurban,Y
LP109870,Male,No,0,Graduate,No,8556,0.0,51.0,300.0,1.0,Rural,Y
LP109871,Male,Yes,2,Graduate,No,2324,1538.0,103.0,300.0,1.0,Urban,Y
LP109872,Female,Yes,0,Graduate,No,3466,1535.0,142.0,360.0,1.0,Semiurban,Y
LP109873,Male,Yes,2,Graduate,No,16301,598.0,54.0,300.0,1.0,Rural,Y
LP109874,Male,Yes,3+,Not Graduate,No,1500,5350.0,,360.0,0.0,Semiurban,N
LP109875,,No,0,Not Graduate,No,3282,0.0,75.0,240.0,0.0,Semiurban,N
LP109876,Female,Yes,0,Not Graduate,Yes,2416,2905.0,105.0,300.0,1.0,Urban,Y
LP109877,Male,Yes,0,Graduate,Yes,5128,1069.0,140.0,360.0,1.0,Semiurban,Y
LP109878,Female,No,0,Not Graduate,,7065,0.0,204.0,360.0,1.0,Rural,Y
LP109879,Male,No,0,Graduate,No,9548,0.0,67.0,120.0,1.0,Rural,Y
LP109880,Male,Yes,2,Graduate,No,3842,1482.0,127.0,300.0,1.0,Semiurban,Y
LP109881,Male,No,0,Graduate,No,2825,0.0,110.0,60.0,0.0,Semiurban,N
LP109882,Male,No,1,Graduate,No,2057,0.0,117.0,,1.0,Urban,Y
LP109883,Male,No,2,Graduate,No,5058,0.0,82.0,84.0,1.0,Semiurban,Y
LP109884,Male,Yes,1,Graduate,No,17612,1900.0,130.0,84.0,0.0,Urban,Y
LP109885,Male,No,1,Graduate,No,3454,0.0,180.0,120.0,1.0,Rural,Y
LP109886,Female,Yes,0,Not Graduate,No,4707,940.0,58.0,360.0,1.0,Urban,Y
LP109887,Male,Yes,1,Not Graduate,No,5333,1618.0,378.0,360.0,1.0,Semiurban,Y
LP109888,Female,Yes,0,Graduate,No,3813,2101.0,236.0,360.0,1.0,Urban,Y
LP109889,Male,Yes,2,Graduate,No,11544,815.0,52.0,360.0,1.0,Semiurban,Y
LP109890,Male,No,0,Not Graduate,No,10153,0.0,319.0,360.0,,Semiurban,Y
LP109891,Male,Yes,2,Graduate,Yes,8030,1851.0,333.0,360.0,1.0,Urban,Y
LP109892,Male,Yes,2,Not Graduate,No,8745,1980.0,99.0,360.0,0.0,Semiurban,N
LP109893,Male,Yes,2,Not Graduate,No,3257,1987.0,151.0,360.0,0.0,Semiurban,N
LP109894,Male,Yes,0,Graduate,No,2468,1056.0,141.0,360.0,0.0,Urban,N
LP109895,Female,No,0,Graduate,Yes,3273,0.0,58.0,84.0,,Urban,Y
LP109896,Female,Yes,3+,Not Graduate,Yes,5815,2093.0,248.0,60.0,1.0,Rural,Y
LP109897,Male,Yes,0,Not Graduate,No,4045,884.0,43.0,120.0,0.0,Urban,N
LP109898,Female,No,0,Graduate,No,6915,0.0,159.0,360.0,0.0,Semiurban,N
LP109899,Female,No,2,Graduate,No,5244,0.0,344.0,300.0,1.0,Semiurban,Y
LP109900,Male,Yes,2,Graduate,No,2200,553.0,48.0,300.0,1.0,Semiurban,Y
LP109901,Female,Yes,1,Graduate,No,10347,2412.0,112.0,240.0,1.0,Semiurban,Y
LP109902,Male,No,2,Not Graduate,No,3616,0.0,266.0,360.0,0.0,Urban,N
LP109903,Male,No,1,Not Graduate,No,7877,0.0,170.0,360.0,1.0,Rural,Y
LP109904,Male,No,,Graduate,No,2955,0.0,221.0,60.0,1.0,Urban,Y
LP109905,Male,No,2,Graduate,No,2896,0.0,88.0,120.0,,Urban,Y
LP109906,Male,No,2,Not Graduate,No,2814,0.0,76.0,300.0,1.0,Semiurban,Y
LP109907,Male,No,3+,Graduate,Yes,2081,0.0,119.0,120.0,1.0,Rural,N
LP109908,Female,No,0,Graduate,No,2111,0.0,157.0,120.0,1.0,Urban,Y
LP109909,Female,Yes,2,Graduate,No,6175,558.0,192.0,12.0,1.0,Semiurban,Y
LP109910,Female,Yes,1,Graduate,No,2817,5489.0,175.0,480.0,1.0,Semiurban,Y
LP109911,Female,Yes,0,Not Graduate,Yes,6048,469.0,241.0,180.0,0.0,Urban,N
LP109912,Female,Yes,2,Not Graduate,No,5224,3766.0,143.0,240.0,1.0,Semiurban,Y
LP109913,Male,No,0,Graduate,No,8333,0.0,71.0,360.0,1.0,Semiurban,Y
LP109914,Male,No,1,Graduate,No,2667,0.0,59.0,180.0,0.0,Semiurban,N
LP109915,Male,No,0,Graduate,No,9288,0.0,211.0,360.0,1.0,Urban,Y
LP109916,Female,No,1,Graduate,No,2854,0.0,245.0,360.0,1.0,Rural,N
LP109917,Male,Yes,1,Not Graduate,No,1500,1726.0,438.0,360.0,1.0,Urban,N
LP109918,Female,No,1,Graduate,No,5509,0.0,574.0,120.0,1.0,Semiurban,Y
LP109919,Male,Yes,1,Not Graduate,,2907,7293.0,240.0,360.0,1.0,Rural,Y
LP109920,Male,Yes,0,Not Graduate,No,12087,2296.0,167.0,60.0,1.0,Urban,Y
LP109921,Female,Yes,2,Graduate,No,5887,504.0,104.0,240.0,,Urban,Y
LP109922,Male,No,3+,Graduate,No,4669,0.0,79.0,240.0,0.0,Urban,N
LP109923,Male,Yes,0,Graduate,Yes,5546,1531.0,139.0,84.0,1.0,Rural,Y
LP109924,Male,No,1,Graduate,No,3646,0.0,126.0,300.0,1.0,Semiurban,Y
LP109925,Male,Yes,2,Graduate,No,13501,480.0,421.0,240.0,,Rural,N
LP109926,Female,Yes,1,Graduate,No,3537,2197.0,190.0,84.0,0.0,Semiurban,N
LP109927,Male,Yes,1,Not Graduate,Yes,6489,543.0,116.0,180.0,0.0,Rural,N
LP109928,Male,Yes,2,Graduate,No,3006,238.0,79.0,300.0,1.0,Urban,Y
LP109929,Male,No,0,Not Graduate,No,4919,0.0,185.0,180.0,1.0,Rural,Y
LP109930,Female,Yes,,Graduate,No,2339,8390.0,145.0,300.0,1.0,Urban,Y
LP109931,Male,No,1,Graduate,No,5637,0.0,102.0,360.0,1.0,Urban,Y
LP109932,Male,No,0,Graduate,No,5109,0.0,88.0,360.0,1.0,Urban,Y
LP109933,Female,No,1,Graduate,No,6831,0.0,186.0,360.0,1.0,Urban,Y
LP109934,Male,Yes,2,Graduate,Yes,6508,4582.0,105.0,360.0,1.0,Urban,Y
LP109935,Female,No,2,Graduate,No,5001,0.0,110.0,300.0,1.0,Urban,Y
LP109936,Male,Yes,0,Graduate,No,16708,1025.0,100.0,300.0,1.0,Urban,Y
LP109937,Male,Yes,3+,Graduate,No,4861,5223.0,700.0,180.0,1.0,Semiurban,N
LP109938,Male,Yes,2,Not Graduate,No,5031,675.0,147.0,360.0,1.0,Urban,Y
LP109939,Female,No,1,Not Graduate,No,4669,0.0,81.0,360.0,,Semiurban,Y
LP109940,Female,Yes,0,Not Graduate,No,5550,2894.0,28.0,360.0,1.0,Rural,Y
LP109941,Male,Yes,1,Graduate,No,4139,515.0,50.0,120.0,0.0,Urban,N
LP109942,Male,Yes,3+,Not Graduate,Yes,3940,2466.0,112.0,360.0,1.0,Urban,Y
LP109943,Female,Yes,1,Not Graduate,No,7717,4495.0,371.0,360.0,1.0,Urban,Y
LP109944,Female,Yes,2,Not Graduate,No,4774,6913.0,529.0,360.0,1.0,Rural,N
LP109945,Female,No,1,Graduate,No,9250,0.0,116.0,360.0,1.0,Urban,Y
LP109946,Male,Yes,1,Graduate,No,1577,1271.0,167.0,360.0,1.0,Semiurban,Y
LP109947,Female,No,0,Not Graduate,Yes,12255,0.0,121.0,180.0,1.0,Rural,Y
LP109948,Male,No,2,Not Graduate,No,8409,0.0,176.0,300.0,1.0,Urban,Y
LP109949,Male,No,1,Not Graduate,No,4765,0.0,116.0,180.0,0.0,Semiurban,N
LP109950,Male,Yes,0,Graduate,No,4691,2339.0,96.0,360.0,1.0,Urban,Y
LP109951,Female,Yes,1,Graduate,No,7218,2435.0,90.0,120.0,1.0,Urban,Y
LP109952,Male,Yes,3+,Graduate,No,2654,393.0,205.0,120.0,1.0,Urban,Y
LP109953,Male,Yes,2,Not Graduate,No,5029,711.0,293.0,180.0,1.0,Semiurban,Y
LP109954,Female,No,0,Graduate,No,5394,0.0,102.0,360.0,1.0,Rural,Y
LP109955,Male,Yes,3+,Graduate,Yes,1500,476.0,207.0,300.0,0.0,Urban,N
LP109956,Female,No,0,Not Graduate,No,6055,0.0,147.0,300.0,1.0,Semiurban,Y
LP109957,Female,No,,Graduate,No,2183,0.0,106.0,120.0,1.0,Urban,Y
LP109958,Male,Yes,0,Graduate,No,9412,1635.0,201.0,300.0,0.0,Urban,N
LP109959,Female,No,0,Not Graduate,No,10969,0.0,301.0,,1.0,Semiurban,Y
LP109960,Female,Yes,0,Graduate,No,12165,857.0,81.0,360.0,1.0,Rural,Y
LP109961,Female,Yes,2,Graduate,No,4050,536.0,110.0,300.0,1.0,Urban,Y
LP109962,Female,No,2,Not Graduate,No,4016,0.0,323.0,180.0,1.0,Semiurban,Y
LP109963,Female,No,2,Not Graduate,,1501,0.0,130.0,480.0,1.0,Rural,Y
LP109964,Male,Yes,2,Not Graduate,Yes,7391,4948.0,83.0,120.0,1.0,Semiurban,Y
LP109965,Male,Yes,2,Graduate,No,1987,1617.0,148.0,360.0,1.0,Semiurban,Y
LP109966,Female,Yes,0,Graduate,Yes,2060,1112.0,134.0,180.0,1.0,Semiurban,Y
LP109967,Male,Yes,2,Not Graduate,No,4095,1465.0,252.0,360.0,1.0,Urban,Y
LP109968,Male,No,1,Graduate,No,2531,0.0,130.0,84.0,0.0,Urban,N
LP109969,Female,No,3+,Graduate,Yes,2759,0.0,133.0,180.0,0.0,Urban,N
LP109970,Female,No,0,Graduate,Yes,5055,0.0,130.0,360.0,0.0,Urban,N
LP109971,Male,No,0,Graduate,No,8340,0.0,148.0,84.0,1.0,Semiurban,Y
LP109972,Female,Yes,2,Graduate,No,6793,3400.0,333.0,240.0,1.0,Semiurban,Y
LP109973,Female,Yes,2,Graduate,Yes,5506,1065.0,207.0,240.0,1.0,Rural,Y
LP109974,Male,Yes,0,Graduate,,9780,427.0,71.0,300.0,1.0,Urban,Y
LP109975,Female,No,1,Not Graduate,No,5305,0.0,159.0,12.0,,Rural,Y
LP109976,Male,No,0,Graduate,No,3583,0.0,,360.0,1.0,Urban,Y
LP109977,Male,No,3+,Graduate,Yes,3096,0.0,168.0,240.0,1.0,Urban,N
LP109978,Male,Yes,0,Graduate,No,6845,2213.0,55.0,180.0,1.0,Semiurban,Y
LP109979,Male,Yes,0,Graduate,No,2538,3539.0,146.0,120.0,1.0,Rural,Y
LP109980,Male,No,0,Not Graduate,No,6058,0.0,95.0,360.0,1.0,Semiurban,Y
LP109981,Female,Yes,,Not Graduate,No,3800,3109.0,54.0,180.0,1.0,Semiurban,Y
LP109982,Female,No,0,Not Graduate,No,2972,0.0,277.0,360.0,1.0,Semiurban,Y
LP109983,Male,Yes,2,Not Graduate,No,2942,2098.0,113.0,12.0,1.0,Semiurban,Y
LP109984,Female,Yes,3+,Not Graduate,Yes,8771,687.0,114.0,480.0,0.0,Urban,N
LP109985,Male,No,0,Graduate,No,2937,0.0,227.0,60.0,1.0,Semiurban,Y
LP109986,Male,Yes,2,Graduate,Yes,4156,452.0,248.0,240.0,1.0,Semiurban,Y
LP109987,Female,No,0,Graduate,No,3710,0.0,115.0,360.0,0.0,Semiurban,N
LP109988,Male,No,1,Graduate,No,9278,0.0,136.0,360.0,0.0,Urban,N
LP109989,Male,Yes,0,Not Graduate,No,12369,1986.0,73.0,360.0,1.0,Semiurban,Y
LP109990,Female,No,0,Graduate,No,8478,0.0,76.0,360.0,1.0,Semiurban,Y
LP109991,Male,Yes,2,Graduate,No,3923,3320.0,292.0,360.0,1.0,Semiurban,Y
LP109992,Female,Yes,0,Graduate,Yes,6035,625.0,138.0,360.0,1.0,Semiurban,Y
LP109993,Male,No,3+,Graduate,No,2847,0.0,240.0,84.0,1.0,Semiurban,N
LP109994,Male,Yes,2,Graduate,No,5576,2202.0,121.0,300.0,1.0,Semiurban,Y
LP109995,Male,Yes,2,Not Graduate,No,1712,1242.0,,120.0,1.0,Urban,Y
LP109996,Male,No,3+,Graduate,No,5659,0.0,47.0,240.0,1.0,Rural,Y
LP109997,Male,Yes,,Not Graduate,Yes,4754,796.0,225.0,120.0,1.0,Rural,N
LP109998,Male,No,1,Not Graduate,No,6402,0.0,131.0,360.0,1.0,Urban,Y
LP109999,Female,No,1,Graduate,No,4878,0.0,101.0,300.0,,Rural,Y
LP110000,Female,Yes,0,Graduate,No,8111,1857.0,195.0,84.0,1.0,Semiurban,Y
LP110001,Male,Yes,2,Not Graduate,No,3108,8422.0,243.0,300.0,1.0,Semiurban,Y
LP110002,Male,Yes,1,Not Graduate,No,7737,3846.0,105.0,240.0,1.0,Rural,Y
LP110003,Male,Yes,3+,Graduate,No,6524,1775.0,65.0,300.0,1.0,Rural,Y
LP110004,Female,No,0,Graduate,No,9449,0.0,364.0,180.0,1.0,Urban,Y
LP110005,Female,No,0,Graduate,No,9838,0.0,117.0,360.0,1.0,Urban,Y
LP110006,Male,Yes,0,Graduate,No,2776,5152.0,42.0,12.0,1.0,Rural,Y
LP110007,Female,Yes,2,Not Graduate,No,6702,2362.0,104.0,120.0,0.0,Semiurban,N
LP110008,Male,No,0,Graduate,No,2442,0.0,175.0,300.0,1.0,Urban,Y
LP110009,Male,Yes,1,Graduate,No,9855,881.0,127.0,360.0,,Rural,Y
LP110010,Male,No,1,Graduate,Yes,2945,0.0,124.0,36.0,1.0,Urban,N
LP110011,Male,No,0,Not Graduate,No,3912,0.0,,360.0,1.0,Semiurban,Y
LP110012,Male,Yes,1,Not Graduate,Yes,5600,3191.0,104.0,120.0,1.0,Semiurban,Y
LP110013,Male,Yes,1,Graduate,No,7654,1615.0,62.0,,1.0,Semiurban,Y
LP110014,Female,No,0,Graduate,No,6141,0.0,61.0,36.0,1.0,Urban,Y
LP110015,Male,Yes,1,Graduate,No,7780,2087.0,167.0,300.0,1.0,Urban,Y
LP110016,Male,Yes,3+,Graduate,No,4951,6877.0,280.0,360.0,1.0,Urban,Y
LP110017,Male,No,3+,Not Graduate,No,5689,0.0,113.0,360.0,1.0,Semiurban,Y
LP110018,,No,1,Graduate,,1702,0.0,,360.0,1.0,Semiurban,Y
LP110019,Male,Yes,1,Graduate,Yes,9096,473.0,259.0,300.0,1.0,Rural,Y
LP110020,Male,Yes,0,Graduate,No,4126,1010.0,124.0,12.0,1.0,Semiurban,Y
LP110021,Male,Yes,3+,Graduate,Yes,3796,1897.0,196.0,360.0,,Urban,Y
LP110022,Male,Yes,0,Graduate,No,15710,1629.0,180.0,360.0,1.0,Rural,Y
LP110023,Male,Yes,1,Graduate,No,1500,4344.0,99.0,360.0,1.0,Urban,Y
LP110024,Male,Yes,0,Graduate,Yes,5203,1502.0,36.0,120.0,1.0,Urban,Y
LP110025,Female,Yes,0,Not Graduate,No,1500,3536.0,145.0,480.0,1.0,Semiurban,Y
LP110026,Female,Yes,0,Graduate,No,6025,556.0,204.0,360.0,1.0,Urban,Y
LP110027,Male,Yes,2,Graduate,No,3230,1188.0,96.0,360.0,1.0,Urban,Y
LP110028,Male,Yes,1,Graduate,No,1500,3151.0,447.0,300.0,0.0,Rural,N
LP110029,Male,Yes,1,Graduate,No,9447,9450.0,249.0,120.0,1.0,Urban,Y
LP110030,Male,Yes,0,Graduate,Yes,2266,1613.0,55.0,120.0,0.0,Semiurban,N
LP110031,Male,No,2,Graduate,No,8684,0.0,119.0,300.0,1.0,Rural,Y
LP110032,Male,Yes,0,Graduate,,2738,5265.0,81.0,360.0,1.0,Rural,Y
LP110033,Male,No,0,Graduate,Yes,3719,0.0,107.0,240.0,1.0,Urban,Y
LP110034,Female,No,2,Graduate,No,1500,0.0,198.0,300.0,,Urban,Y
LP110035,Male,Yes,3+,Graduate,No,6340,1362.0,115.0,240.0,1.0,Semiurban,Y
LP110036,Male,,0,Not Graduate,No,3482,0.0,95.0,360.0,1.0,Urban,N
LP110037,Male,Yes,1,Graduate,No,3944,629.0,142.0,84.0,1.0,Semiurban,Y
LP110038,Female,Yes,1,Graduate,No,4642,656.0,211.0,360.0,1.0,Semiurban,Y
LP110039,Female,Yes,3+,Graduate,No,1828,8053.0,210.0,360.0,1.0,Semiurban,Y
LP110040,Male,Yes,0,Graduate,No,7440,2414.0,194.0,360.0,0.0,Semiurban,Y
LP110041,Female,Yes,1,Not Graduate,No,3504,671.0,305.0,360.0,1.0,Rural,Y
LP110042,Male,Yes,,Graduate,No,19479,574.0,127.0,240.0,0.0,Urban,Y
LP110043,Female,No,0,Graduate,No,3685,0.0,108.0,300.0,1.0,Semiurban,Y
LP110044,Female,No,0,Graduate,No,3890,0.0,122.0,120.0,1.0,Urban,Y
LP110045,Male,Yes,3+,Graduate,No,2177,1694.0,82.0,360.0,0.0,Urban,N
LP110046,Female,Yes,0,Graduate,No,1866,1195.0,81.0,120.0,0.0,Urban,N
LP110047,Male,Yes,3+,Graduate,No,8321,6654.0,209.0,300.0,1.0,Semiurban,Y
LP110048,Male,Yes,0,Graduate,No,9289,2210.0,221.0,360.0,1.0,Rural,Y
LP110049,Male,No,3+,Graduate,No,3500,0.0,27.0,120.0,1.0,Semiurban,Y
LP110050,Female,Yes,2,Not Graduate,No,5285,4224.0,236.0,180.0,1.0,Urban,Y
LP110051,Male,Yes,0,Graduate,No,10353,2916.0,104.0,240.0,1.0,Semiurban,Y
LP110052,Male,No,1,Graduate,No,5846,0.0,91.0,360.0,0.0,Urban,N
LP110053,Female,No,0,Not Graduate,No,6574,0.0,110.0,240.0,1.0,Semiurban,Y
LP110054,Male,Yes,1,Not Graduate,No,5178,883.0,62.0,120.0,1.0,Rural,Y
LP110055,Male,Yes,1,Graduate,Yes,3322,805.0,121.0,120.0,1.0,Urban,Y
LP110056,Male,Yes,1,Not Graduate,No,6193,1963.0,423.0,180.0,1.0,Urban,Y
LP110057,Male,Yes,2,Graduate,No,15045,1818.0,53.0,240.0,0.0,Urban,Y
LP110058,Male,Yes,2,Graduate,No,3596,2660.0,194.0,84.0,,Urban,Y
LP110059,Male,Yes,0,Not Graduate,No,8270,1287.0,240.0,360.0,0.0,Semiurban,Y
LP110060,Female,No,3+,Not Graduate,Yes,5479,0.0,190.0,480.0,1.0,Urban,Y
LP110061,Female,Yes,3+,Graduate,No,3449,626.0,337.0,360.0,1.0,Urban,Y
LP110062,Male,Yes,0,Graduate,No,8409,2526.0,242.0,360.0,1.0,Semiurban,Y
LP110063,Male,Yes,0,Not Graduate,No,7843,873.0,200.0,240.0,1.0,Rural,Y
LP110064,Male,Yes,1,Graduate,No,6962,1488.0,250.0,240.0,1.0,Semiurban,Y
LP110065,Male,Yes,1,Not Graduate,No,14033,865.0,243.0,240.0,1.0,Urban,Y
LP110066,Male,Yes,0,Graduate,No,14784,1347.0,108.0,12.0,1.0,Urban,Y
LP110067,Male,Yes,0,Graduate,Yes,5076,767.0,196.0,120.0,1.0,Semiurban,Y
LP110068,Female,Yes,2,Graduate,No,4611,811.0,114.0,300.0,1.0,Urban,Y
LP110069,Male,Yes,2,Graduate,No,2087,3908.0,60.0,360.0,1.0,Rural,Y
LP110070,Male,Yes,0,Graduate,No,12331,594.0,404.0,360.0,1.0,Urban,Y
LP110071,Female,Yes,3+,Graduate,,4704,3041.0,96.0,360.0,0.0,Urban,N
LP110072,Female,Yes,2,Graduate,No,3410,3574.0,259.0,300.0,1.0,Urban,Y
LP110073,Male,Yes,1,Not Graduate,Yes,2807,3243.0,185.0,180.0,1.0,Rural,Y
LP110074,Female,Yes,2,Graduate,No,2795,1769.0,78.0,,1.0,Semiurban,Y
LP110075,Male,No,0,Graduate,Yes,14118,0.0,84.0,480.0,1.0,Rural,Y
LP110076,Female,No,1,Graduate,No,8425,0.0,170.0,360.0,0.0,Semiurban,N
LP110077,Male,Yes,0,Graduate,Yes,2012,703.0,170.0,300.0,1.0,Rural,Y
LP110078,Female,No,0,Graduate,Yes,2062,0.0,107.0,360.0,1.0,Urban,Y
LP110079,Female,Yes,0,Not Graduate,No,5287,2252.0,51.0,360.0,1.0,Urban,Y
LP110080,Female,No,0,Not Graduate,No,2670,0.0,217.0,,1.0,Semiurban,Y
LP110081,Female,Yes,,Not Graduate,No,4224,1532.0,23.0,300.0,1.0,Semiurban,Y
LP110082,Male,Yes,2,Graduate,No,12479,1867.0,165.0,300.0,1.0,Semiurban,Y
LP110083,Male,Yes,0,Not Graduate,No,9336,1418.0,264.0,12.0,0.0,Semiurban,N
LP110084,Male,Yes,0,Graduate,Yes,1760,1456.0,44.0,240.0,1.0,Semiurban,Y
LP110085,Female,No,2,Graduate,No,2679,0.0,147.0,36.0,1.0,Rural,Y
LP110086,Female,Yes,0,Graduate,No,5695,2696.0,106.0,360.0,0.0,Rural,N
LP110087,Male,Yes,0,Graduate,No,9680,3173.0,150.0,300.0,1.0,Urban,Y
LP110088,Female,Yes,1,Graduate,No,3001,1343.0,241.0,240.0,1.0,Semiurban,Y
LP110089,Female,Yes,2,Graduate,No,6131,3386.0,59.0,84.0,1.0,Semiurban,Y
LP110090,Female,Yes,2,Graduate,No,3740,2305.0,117.0,36.0,1.0,Urban,Y
LP110091,Female,Yes,2,Graduate,No,14062,2139.0,121.0,180.0,1.0,Urban,Y
LP110092,Male,Yes,0,Not Graduate,No,7139,1322.0,41.0,240.0,1.0,Semiurban,Y
LP110093,Male,No,2,Not Graduate,No,4376,0.0,189.0,360.0,1.0,Rural,Y
LP110094,Male,Yes,,Not Graduate,No,2004,9765.0,356.0,240.0,1.0,Urban,Y
LP110095,Male,Yes,0,Graduate,Yes,2599,2930.0,200.0,300.0,0.0,Rural,N
LP110096,Male,Yes,1,Graduate,,1500,7096.0,145.0,360.0,1.0,Urban,Y
LP110097,Female,No,2,Graduate,No,5786,0.0,228.0,36.0,0.0,Semiurban,N
LP110098,Female,Yes,0,Graduate,No,7329,1915.0,93.0,300.0,1.0,Semiurban,Y
LP110099,Male,Yes,0,Not Graduate,No,7554,3486.0,79.0,180.0,1.0,Urban,Y
LP110100,Male,No,2,Graduate,No,3400,0.0,182.0,360.0,1.0,Rural,Y
LP110101,Male,Yes,3+,Not Graduate,No,10594,2729.0,154.0,240.0,1.0,Rural,Y
LP110102,Male,Yes,2,Not Graduate,No,12709,1324.0,162.0,120.0,,Semiurban,Y
LP110103,Male,Yes,1,Graduate,No,3297,4764.0,80.0,360.0,1.0,Semiurban,Y
LP110104,Male,No,2,Not Graduate,No,9985,0.0,54.0,360.0,1.0,Semiurban,Y
LP110105,Male,No,2,Graduate,No,5344,0.0,71.0,300.0,1.0,Urban,Y
LP110106,Male,No,1,Graduate,No,3582,0.0,80.0,120.0,1.0,Urban,Y
LP110107,Male,Yes,0,Not Graduate,No,10287,1143.0,39.0,300.0,1.0,Semiurban,Y
LP110108,Male,Yes,0,Graduate,No,2382,1848.0,178.0,300.0,1.0,Semiurban,Y
LP110109,Male,Yes,1,Graduate,No,2016,375.0,61.0,120.0,1.0,Urban,Y
LP110110,Male,No,0,Graduate,No,3874,0.0,59.0,240.0,0.0,Rural,N
LP110111,Male,No,0,Not Graduate,No,4285,0.0,114.0,360.0,1.0,Urban,Y
LP110112,Female,Yes,1,Graduate,No,1833,2196.0,77.0,300.0,0.0,Urban,N
LP110113,Male,No,0,Not Graduate,No,6597,0.0,52.0,84.0,1.0,Rural,Y
LP110114,Male,Yes,2,Graduate,No,3076,3959.0,55.0,360.0,1.0,Semiurban,Y
LP110115,Female,Yes,0,Graduate,No,2240,5484.0,185.0,360.0,0.0,Semiurban,N
LP110116,Male,Yes,1,Graduate,No,7257,7690.0,109.0,300.0,1.0,Urban,Y
LP110117,Female,Yes,2,Graduate,No,3798,399.0,54.0,180.0,1.0,Rural,Y
LP110118,Male,Yes,1,Graduate,No,9270,5465.0,321.0,84.0,1.0,Urban,Y
LP110119,Male,Yes,1,Not Graduate,No,6473,714.0,87.0,360.0,1.0,Urban,Y
LP110120,Male,No,1,Not Graduate,Yes,4364,0.0,184.0,360.0,1.0,Urban,Y
LP110121,Male,No,2,Not Graduate,No,9497,0.0,125.0,360.0,1.0,Semiurban,Y
LP110122,Male,No,3+,Graduate,No,6324,0.0,142.0,360.0,1.0,Rural,Y
LP110123,Male,No,2,Graduate,No,4856,0.0,135.0,120.0,1.0,Urban,Y
LP110124,Male,Yes,2,Graduate,No,6681,2260.0,58.0,300.0,1.0,Urban,Y
LP110125,Male,Yes,0,Graduate,Yes,6812,924.0,516.0,180.0,1.0,Semiurban,Y
LP110126,Male,No,3+,Not Graduate,No,2548,0.0,85.0,360.0,1.0,Rural,N
LP110127,Female,Yes,3+,Graduate,No,20229,905.0,220.0,180.0,0.0,Urban,N
LP110128,Male,No,1,Not Graduate,No,5118,0.0,83.0,300.0,1.0,Semiurban,Y
LP110129,Male,No,2,Graduate,No,5180,0.0,69.0,300.0,1.0,Semiurban,Y
LP110130,Male,No,1,Graduate,No,1712,0.0,305.0,360.0,1.0,Rural,Y
LP110131,Female,Yes,0,Not Graduate,No,5308,1018.0,341.0,360.0,1.0,Semiurban,Y
LP110132,Male,Yes,3+,Not Graduate,No,5448,3389.0,176.0,360.0,1.0,Urban,Y
LP110133,Male,No,1,Not Graduate,No,2465,0.0,217.0,240.0,1.0,Semiurban,Y
LP110134,Male,No,1,Not Graduate,No,2634,0.0,63.0,300.0,0.0,Urban,N
LP110135,Male,No,2,Not Graduate,Yes,2865,0.0,,60.0,1.0,Semiurban,N
LP110136,Female,Yes,3+,Not Graduate,No,4117,1632.0,198.0,300.0,0.0,Urban,N
LP110137,Female,Yes,2,Not Graduate,No,5585,4787.0,174.0,360.0,1.0,Urban,Y
LP110138,Male,No,0,Not Graduate,No,4299,0.0,360.0,360.0,1.0,Urban,Y
LP110139,Male,No,1,Graduate,No,5893,0.0,34.0,120.0,1.0,Rural,Y
LP110140,Female,Yes,3+,Not Graduate,No,7369,478.0,120.0,360.0,0.0,Semiurban,N
LP110141,Male,Yes,1,Graduate,Yes,6807,1765.0,326.0,240.0,1.0,Urban,Y
LP110142,Female,No,3+,Graduate,No,6114,0.0,68.0,240.0,0.0,Urban,N
LP110143,Female,Yes,2,Graduate,No,5833,2927.0,198.0,300.0,1.0,Urban,Y
LP110144,Male,No,2,Not Graduate,No,5846,0.0,100.0,84.0,1.0,Urban,Y
LP110145,Female,Yes,0,Graduate,No,4500,1438.0,141.0,180.0,0.0,Semiurban,N
LP110146,Male,Yes,0,Not Graduate,Yes,3308,837.0,71.0,60.0,1.0,Semiurban,Y
LP110147,Female,No,2,Graduate,No,4647,0.0,522.0,480.0,1.0,Rural,N
LP110148,Male,Yes,1,Graduate,Yes,7272,5136.0,67.0,120.0,0.0,Rural,N
LP110149,Male,Yes,2,Graduate,No,7248,825.0,124.0,360.0,1.0,Urban,Y
LP110150,Male,Yes,2,Graduate,Yes,6665,543.0,114.0,84.0,1.0,Rural,Y
LP110151,Female,No,0,Graduate,No,3695,0.0,255.0,360.0,1.0,Semiurban,Y
LP110152,Male,Yes,2,Not Graduate,Yes,4316,529.0,140.0,360.0,1.0,Semiurban,Y
LP110153,Male,Yes,1,Graduate,No,4326,1797.0,52.0,300.0,1.0,Rural,Y
LP110154,Male,No,0,Graduate,No,3414,0.0,91.0,360.0,1.0,Rural,Y
LP110155,Male,Yes,1,Graduate,No,8403,1339.0,36.0,360.0,1.0,Rural,Y
LP110156,Male,Yes,3+,Not Graduate,No,1628,2615.0,140.0,360.0,1.0,Urban,Y
LP110157,Male,Yes,1,Graduate,No,16534,329.0,390.0,84.0,1.0,Urban,Y
LP110158,Male,No,0,Graduate,,17057,0.0,119.0,360.0,1.0,Rural,Y
LP110159,Male,Yes,1,Graduate,Yes,5064,5664.0,164.0,300.0,1.0,Semiurban,Y
LP110160,Male,Yes,0,Not Graduate,Yes,6267,8035.0,260.0,180.0,,Rural,Y
LP110161,Male,Yes,1,Graduate,No,8180,5879.0,88.0,240.0,1.0,Semiurban,Y
LP110162,Male,No,0,Graduate,No,3118,0.0,259.0,360.0,1.0,Semiurban,Y
LP110163,Female,No,2,Not Graduate,No,6908,0.0,423.0,360.0,1.0,Urban,Y
LP110164,Male,Yes,0,Not Graduate,No,10844,3445.0,46.0,120.0,1.0,Semiurban,Y
LP110165,Female,Yes,1,Graduate,Yes,1666,1478.0,265.0,360.0,1.0,Rural,Y
LP110166,Female,No,0,Graduate,No,2070,0.0,55.0,300.0,1.0,Semiurban,Y
LP110167,Male,,,Graduate,No,7708,2018.0,84.0,360.0,1.0,Semiurban,Y
LP110168,Male,No,1,Not Graduate,No,4179,0.0,264.0,360.0,1.0,Semiurban,Y
LP110169,Female,Yes,2,Graduate,No,3897,542.0,162.0,240.0,1.0,Urban,Y
LP110170,Male,No,2,Graduate,No,4038,0.0,101.0,240.0,1.0,Urban,Y
LP110171,Male,Yes,,Graduate,No,2499,2046.0,512.0,360.0,0.0,Semiurban,N
LP110172,Female,No,2,Not Graduate,Yes,3842,0.0,,360.0,0.0,Urban,N
LP110173,Male,Yes,0,Not Graduate,No,2225,1148.0,259.0,360.0,1.0,Urban,Y
LP110174,Female,Yes,2,Not Graduate,No,10777,885.0,111.0,12.0,1.0,Rural,Y
LP110175,Male,Yes,0,Graduate,No,5323,1688.0,176.0,480.0,1.0,Semiurban,Y
LP110176,Female,Yes,2,Graduate,No,5239,3388.0,180.0,36.0,0.0,Rural,N
LP110177,Male,Yes,3+,Graduate,No,7331,5506.0,140.0,360.0,1.0,Urban,Y
LP110178,Male,Yes,3+,Graduate,No,26216,2098.0,57.0,360.0,0.0,Semiurban,Y
LP110179,Male,No,0,Not Graduate,No,2613,0.0,158.0,,1.0,Urban,Y
LP110180,Male,Yes,1,Graduate,No,1627,1611.0,94.0,360.0,1.0,Urban,Y
LP110181,Female,No,1,Graduate,No,4825,0.0,102.0,300.0,0.0,Rural,N
LP110182,Male,Yes,0,Not Graduate,No,1642,5865.0,191.0,240.0,1.0,Urban,Y
LP110183,Female,Yes,0,Graduate,Yes,4011,964.0,183.0,120.0,,Urban,Y
LP110184,Male,Yes,1,Not Graduate,No,8305,2456.0,85.0,300.0,1.0,Rural,Y
LP110185,Male,No,3+,Not Graduate,No,12293,0.0,153.0,360.0,0.0,Rural,N
LP110186,Male,No,1,Not Graduate,No,1920,0.0,135.0,300.0,1.0,Rural,N
LP110187,Male,Yes,,Not Graduate,No,2790,1318.0,80.0,180.0,1.0,Urban,Y
LP110188,Male,No,1,Not Graduate,No,6112,0.0,83.0,300.0,1.0,Urban,Y
LP110189,Male,Yes,2,Graduate,No,7726,353.0,83.0,360.0,1.0,Semiurban,Y
LP110190,Female,Yes,3+,Graduate,,7994,4300.0,133.0,360.0,1.0,Semiurban,Y
LP110191,Female,Yes,1,Not Graduate,Yes,11909,2109.0,111.0,120.0,1.0,Urban,Y
LP110192,Male,Yes,0,Graduate,No,7609,2210.0,152.0,300.0,1.0,Urban,Y
LP110193,Male,Yes,1,Not Graduate,No,4573,3517.0,,360.0,1.0,Semiurban,Y
LP110194,Male,No,3+,Graduate,No,9294,0.0,121.0,300.0,0.0,Semiurban,N
LP110195,Male,Yes,1,Graduate,Yes,5124,867.0,126.0,360.0,1.0,Urban,Y
LP110196,Male,No,1,Graduate,Yes,5795,0.0,163.0,360.0,1.0,Rural,Y
LP110197,Male,Yes,0,Graduate,No,3653,4566.0,324.0,240.0,1.0,Urban,Y
LP110198,Female,Yes,0,Not Graduate,No,5399,2767.0,255.0,180.0,1.0,Rural,Y
LP110199,Female,No,3+,Not Graduate,No,1848,0.0,128.0,300.0,0.0,Rural,N
LP110200,Male,No,0,Graduate,No,9143,0.0,51.0,84.0,0.0,Semiurban,N
LP110201,Male,No,0,Not Graduate,No,2682,0.0,98.0,360.0,1.0,Semiurban,Y
LP110202,Male,Yes,1,Graduate,No,2884,3490.0,233.0,360.0,1.0,Urban,Y
LP110203,Female,No,3+,Not Graduate,No,1500,0.0,129.0,360.0,1.0,Rural,N
LP110204,,No,,Not Graduate,No,3000,0.0,63.0,360.0,1.0,Urban,Y
LP110205,Male,Yes,2,Graduate,Yes,2765,1835.0,118.0,84.0,1.0,Semiurban,Y
LP110206,Female,Yes,0,Graduate,,5599,3200.0,101.0,300.0,,Semiurban,Y
LP110207,Male,Yes,2,Graduate,No,2260,909.0,286.0,360.0,1.0,Urban,Y
LP110208,Male,Yes,3+,Not Graduate,No,3765,587.0,94.0,360.0,1.0,Rural,N
LP110209,Male,Yes,0,Not Graduate,No,3268,1011.0,172.0,180.0,1.0,Rural,Y
LP110210,Male,No,0,Not Graduate,No,1709,0.0,202.0,480.0,1.0,Urban,Y
LP110211,Male,Yes,0,Not Graduate,No,5669,2687.0,63.0,300.0,1.0,Semiurban,Y
LP110212,Male,No,2,Graduate,No,4308,0.0,85.0,300.0,1.0,Urban,Y
LP110213,Male,No,0,Not Graduate,No,5033,0.0,103.0,240.0,1.0,Rural,Y
LP110214,Male,Yes,0,Graduate,,8087,2253.0,145.0,120.0,1.0,Urban,Y
LP110215,Female,Yes,0,Graduate,No,4937,2096.0,93.0,300.0,1.0,Rural,Y
LP110216,Male,Yes,1,Not Graduate,No,4024,2604.0,58.0,84.0,1.0,Urban,Y
LP110217,Male,No,0,Graduate,Yes,8548,0.0,73.0,360.0,1.0,Urban,Y
LP110218,Female,No,3+,Graduate,Yes,4042,0.0,236.0,36.0,1.0,Semiurban,N
LP110219,Female,Yes,3+,Graduate,No,3630,1037.0,465.0,360.0,0.0,Urban,N
LP110220,Female,No,1,Graduate,No,7344,0.0,161.0,360.0,1.0,Rural,Y
LP110221,Male,Yes,2,Not Graduate,Yes,3077,1155.0,256.0,180.0,1.0,Urban,Y
LP110222,Male,No,2,Not Graduate,No,9900,0.0,166.0,36.0,1.0,Rural,Y
LP110223,Female,Yes,2,Graduate,No,5411,3508.0,204.0,360.0,0.0,Rural,N
LP110224,Female,Yes,1,Graduate,No,12599,1102.0,209.0,360.0,1.0,Rural,Y
LP110225,Male,Yes,1,Not Graduate,No,4741,817.0,201.0,360.0,1.0,Semiurban,Y
LP110226,Female,Yes,2,Graduate,No,8681,2780.0,166.0,60.0,1.0,Semiurban,Y
LP110227,Male,Yes,2,Graduate,Yes,1838,1101.0,146.0,300.0,1.0,Semiurban,Y
LP110228,Female,No,0,Not Graduate,No,10606,0.0,105.0,360.0,1.0,Rural,Y
LP110229,Female,Yes,0,Not Graduate,No,7432,918.0,184.0,84.0,1.0,Urban,Y
LP110230,Female,Yes,0,Graduate,No,3336,1239.0,161.0,300.0,1.0,Semiurban,Y
LP110231,Female,Yes,1,Not Graduate,No,8258,1135.0,77.0,360.0,1.0,Rural,Y
LP110232,Female,No,1,Graduate,No,2297,0.0,274.0,360.0,1.0,Urban,Y
LP110233,Male,No,1,Graduate,Yes,3646,0.0,243.0,240.0,1.0,Semiurban,Y
LP110234,Male,No,1,Not Graduate,No,2949,0.0,150.0,360.0,1.0,Semiurban,Y
LP110235,Male,Yes,2,Graduate,No,8535,636.0,272.0,300.0,1.0,Rural,Y
LP110236,Male,Yes,0,Graduate,No,10394,1404.0,207.0,360.0,1.0,Urban,Y
LP110237,Female,No,1,Not Graduate,No,3754,0.0,103.0,360.0,1.0,Rural,Y
LP110238,Male,Yes,1,Not Graduate,No,2291,1298.0,45.0,180.0,1.0,Urban,Y
LP110239,Male,Yes,1,Graduate,No,2734,2219.0,44.0,360.0,1.0,Rural,Y
LP110240,Male,Yes,1,Not Graduate,No,5193,702.0,286.0,360.0,,Urban,Y
LP110241,Female,No,2,Graduate,Yes,5001,0.0,132.0,180.0,0.0,Urban,N
LP110242,Male,No,0,Graduate,No,4007,0.0,107.0,,1.0,Rural,Y
LP110243,Male,No,3+,Graduate,No,2987,0.0,90.0,480.0,0.0,Semiurban,N
LP110244,Male,Yes,3+,Graduate,No,13056,3087.0,139.0,300.0,1.0,Semiurban,Y
LP110245,Female,Yes,2,Graduate,,3388,2533.0,232.0,480.0,1.0,Semiurban,Y
LP110246,Male,No,2,Not Graduate,No,2981,0.0,82.0,180.0,0.0,Semiurban,N
LP110247,Female,Yes,2,Graduate,No,9782,2430.0,142.0,84.0,1.0,Urban,Y
LP110248,Male,Yes,1,Graduate,No,4148,1114.0,661.0,12.0,1.0,Urban,N
LP110249,Male,Yes,3+,Not Graduate,No,6681,1772.0,399.0,180.0,1.0,Semiurban,Y
LP110250,Female,Yes,0,Graduate,No,2907,2036.0,35.0,300.0,1.0,Urban,Y
LP110251,Male,Yes,0,Not Graduate,No,6658,3019.0,45.0,180.0,,Semiurban,Y
LP110252,Male,Yes,0,Graduate,Yes,7639,506.0,396.0,300.0,1.0,Rural,Y
LP110253,Male,Yes,,Graduate,No,2515,2140.0,229.0,60.0,0.0,Semiurban,N
LP110254,Male,Yes,0,Not Graduate,No,3567,4228.0,138.0,480.0,1.0,Semiurban,Y
LP110255,,No,3+,Graduate,No,2855,0.0,184.0,240.0,1.0,Semiurban,Y
LP110256,Male,Yes,1,Graduate,Yes,3580,1656.0,111.0,480.0,1.0,Urban,Y
LP110257,Male,Yes,2,Graduate,No,12844,407.0,90.0,300.0,1.0,Rural,Y
LP110258,Male,No,,Graduate,No,5733,0.0,208.0,300.0,1.0,Semiurban,Y
LP110259,Female,No,0,Not Graduate,Yes,15816,0.0,126.0,60.0,1.0,Urban,Y
LP110260,Female,Yes,0,Graduate,No,11964,1161.0,225.0,60.0,1.0,Urban,Y
LP110261,Male,No,0,Graduate,No,9686,0.0,96.0,300.0,1.0,Semiurban,Y
LP110262,Male,Yes,1,Graduate,Yes,11761,1112.0,205.0,180.0,1.0,Semiurban,Y
LP110263,Male,Yes,3+,Graduate,No,9857,1585.0,161.0,120.0,0.0,Urban,N
LP110264,Male,Yes,1,Not Graduate,No,13666,2437.0,60.0,84.0,1.0,Semiurban,Y
LP110265,Male,Yes,2,Not Graduate,No,6814,1753.0,325.0,300.0,0.0,Semiurban,N
LP110266,Male,No,,Graduate,No,7418,0.0,57.0,180.0,1.0,Urban,Y
LP110267,Male,Yes,0,Graduate,No,7293,405.0,298.0,360.0,1.0,Semiurban,Y
LP110268,Male,Yes,1,Graduate,No,3775,1593.0,176.0,60.0,1.0,Urban,Y
LP110269,Male,No,0,Graduate,No,8165,0.0,197.0,12.0,1.0,Urban,Y
LP110270,Female,Yes,3+,Graduate,No,10453,1317.0,,360.0,1.0,Semiurban,Y
LP110271,Male,No,2,Graduate,No,3428,0.0,107.0,12.0,1.0,Semiurban,Y
LP110272,Male,No,1,Not Graduate,No,2938,0.0,134.0,360.0,0.0,Urban,N
LP110273,Female,Yes,2,Graduate,Yes,3531,577.0,61.0,360.0,1.0,Semiurban,Y
LP110274,Male,No,0,Not Graduate,No,11092,0.0,189.0,360.0,1.0,Semiurban,Y
LP110275,Male,Yes,2,Graduate,No,4262,1570.0,108.0,300.0,0.0,Semiurban,N
LP110276,Male,Yes,2,Not Graduate,,2533,2711.0,37.0,360.0,1.0,Rural,Y
LP110277,,Yes,2,Not Graduate,Yes,2635,3570.0,416.0,240.0,1.0,Rural,N
LP110278,Male,Yes,0,Graduate,No,2857,6657.0,157.0,480.0,1.0,Semiurban,Y
LP110279,Female,Yes,0,Not Graduate,Yes,3204,842.0,163.0,360.0,1.0,Semiurban,Y
LP110280,Male,Yes,1,Graduate,Yes,2123,2152.0,88.0,360.0,1.0,Urban,Y
LP110281,Male,Yes,3+,Not Graduate,No,7068,441.0,163.0,240.0,,Rural,Y
LP110282,Female,Yes,3+,Not Graduate,Yes,4386,2509.0,208.0,180.0,1.0,Rural,N
LP110283,Female,No,1,Graduate,No,6772,0.0,56.0,300.0,1.0,Semiurban,Y
LP110284,Male,No,2,Not Graduate,No,1500,0.0,192.0,60.0,1.0,Urban,N
LP110285,Female,No,3+,Graduate,No,9353,0.0,71.0,240.0,1.0,Semiurban,Y
LP110286,Male,No,0,Graduate,No,4678,0.0,62.0,300.0,1.0,Urban,Y
LP110287,Male,Yes,2,Graduate,No,6634,629.0,79.0,360.0,1.0,Urban,Y
LP110288,Male,Yes,0,Graduate,No,12244,845.0,473.0,300.0,1.0,Semiurban,Y
LP110289,Male,Yes,0,Graduate,Yes,6128,2430.0,214.0,240.0,0.0,Rural,N
LP110290,Female,No,0,Graduate,No,17447,0.0,132.0,36.0,1.0,Urban,Y
LP110291,Male,Yes,1,Not Graduate,No,1591,909.0,372.0,360.0,1.0,Urban,Y
LP110292,Male,Yes,2,Graduate,No,4062,1046.0,77.0,360.0,1.0,Urban,Y
LP110293,Male,No,1,Not Graduate,No,1665,0.0,72.0,360.0,1.0,Rural,N
LP110294,Male,No,0,Graduate,No,5935,0.0,77.0,120.0,0.0,Semiurban,N
LP110295,Male,Yes,0,Graduate,No,5145,1263.0,414.0,300.0,0.0,Semiurban,N
LP110296,Male,Yes,1,Not Graduate,No,2552,3909.0,226.0,300.0,1.0,Semiurban,Y
LP110297,Female,No,1,Not Graduate,No,18107,0.0,82.0,360.0,1.0,Semiurban,Y
LP110298,Male,Yes,1,Not Graduate,Yes,3961,1173.0,88.0,300.0,,Urban,Y
LP110299,Male,Yes,0,Graduate,No,1500,624.0,159.0,360.0,1.0,Urban,Y
LP110300,Male,Yes,2,Graduate,No,7391,1417.0,68.0,60.0,1.0,Rural,Y
LP110301,Male,Yes,3+,Graduate,No,7460,3566.0,120.0,60.0,1.0,Semiurban,Y
LP110302,Male,No,1,Graduate,Yes,3686,0.0,74.0,180.0,1.0,Urban,Y
LP110303,Female,Yes,,Graduate,No,7887,1952.0,128.0,300.0,,Semiurban,Y
LP110304,Female,Yes,3+,Graduate,No,2779,913.0,,360.0,1.0,Urban,N
LP110305,Male,Yes,2,Graduate,Yes,3826,1294.0,382.0,240.0,1.0,Semiurban,Y
LP110306,Male,Yes,2,Not Graduate,Yes,6224,538.0,52.0,360.0,1.0,Urban,Y
LP110307,Female,Yes,2,Not Graduate,No,8557,11551.0,192.0,360.0,1.0,Semiurban,Y
LP110308,Male,No,0,Graduate,No,4296,0.0,201.0,300.0,1.0,Urban,Y
LP110309,Male,Yes,1,Graduate,No,3679,1392.0,116.0,360.0,,Semiurban,Y
LP110310,Male,Yes,2,Graduate,No,4794,5077.0,94.0,120.0,1.0,Semiurban,Y
LP110311,Female,No,0,Graduate,No,1500,0.0,94.0,180.0,1.0,Semiurban,Y
LP110312,Male,Yes,3+,Not Graduate,No,4155,2610.0,44.0,480.0,1.0,Semiurban,Y
LP110313,Female,Yes,2,Not Graduate,No,1500,6310.0,214.0,120.0,1.0,Urban,Y
LP110314,Female,No,1,Not Graduate,No,2966,0.0,84.0,360.0,1.0,Rural,Y
LP110315,Male,Yes,2,Graduate,No,2093,724.0,49.0,360.0,1.0,Urban,Y
LP110316,Female,Yes,1,Not Graduate,No,6747,1826.0,162.0,360.0,0.0,Semiurban,N
LP110317,Female,Yes,2,Graduate,No,3169,5022.0,162.0,36.0,0.0,Rural,N
LP110318,Male,No,1,Not Graduate,No,10329,0.0,223.0,300.0,1.0,Urban,Y
LP110319,Male,Yes,3+,Graduate,,1622,1471.0,399.0,60.0,1.0,Urban,N
LP110320,Male,Yes,1,Graduate,No,4246,1428.0,137.0,240.0,1.0,Urban,Y
LP110321,Male,Yes,2,Graduate,Yes,5170,2699.0,112.0,12.0,0.0,Urban,N
LP110322,Male,Yes,3+,Graduate,Yes,6594,3435.0,106.0,36.0,1.0,Semiurban,Y
LP110323,Male,Yes,0,Graduate,No,17892,4537.0,112.0,360.0,1.0,Semiurban,Y
LP110324,Male,Yes,2,Not Graduate,No,1510,1931.0,86.0,480.0,1.0,Semiurban,Y
LP110325,Female,Yes,0,Graduate,No,3119,786.0,103.0,,1.0,Rural,Y
LP110326,Male,Yes,2,Graduate,Yes,16288,1361.0,87.0,240.0,1.0,Semiurban,Y
LP110327,Male,Yes,1,Not Graduate,No,2828,775.0,72.0,240.0,1.0,Semiurban,Y
LP110328,Male,Yes,3+,Graduate,No,6406,1047.0,380.0,480.0,1.0,Urban,Y
LP110329,Male,Yes,3+,Graduate,No,2796,3188.0,308.0,180.0,1.0,Urban,Y
LP110330,Male,Yes,0,Not Graduate,No,2129,573.0,43.0,36.0,1.0,Urban,Y
LP110331,Male,No,0,Graduate,Yes,3012,0.0,162.0,180.0,1.0,Semiurban,Y
LP110332,Male,No,2,Graduate,No,16099,0.0,129.0,240.0,1.0,Rural,Y
LP110333,Female,Yes,1,Not Graduate,No,2440,3126.0,146.0,300.0,1.0,Rural,Y
LP110334,Female,Yes,0,Graduate,No,4109,951.0,56.0,360.0,1.0,Urban,Y
LP110335,Male,Yes,0,Not Graduate,Yes,4218,880.0,44.0,360.0,1.0,Urban,Y
LP110336,Female,Yes,1,Graduate,No,8516,6376.0,129.0,360.0,1.0,Urban,Y
LP110337,Female,Yes,0,Graduate,No,9675,2440.0,107.0,360.0,0.0,Urban,Y
LP110338,Male,Yes,3+,Graduate,No,5243,943.0,96.0,300.0,1.0,Urban,Y
LP110339,Female,No,2,Not Graduate,No,1500,0.0,118.0,120.0,1.0,Urban,Y
LP110340,Female,Yes,2,Not Graduate,Yes,2882,4312.0,192.0,240.0,1.0,Urban,Y
LP110341,Male,Yes,0,Graduate,No,2395,884.0,227.0,360.0,1.0,Urban,Y
LP110342,Male,No,0,Graduate,No,9849,0.0,74.0,300.0,1.0,Urban,Y
LP110343,Male,No,1,Graduate,No,2828,0.0,78.0,300.0,1.0,Semiurban,Y
LP110344,Male,Yes,3+,Graduate,Yes,13495,612.0,146.0,180.0,1.0,Semiurban,Y
LP110345,Female,Yes,0,Not Graduate,No,6278,1055.0,279.0,180.0,1.0,Rural,Y
LP110346,Male,Yes,,Not Graduate,No,9709,1276.0,118.0,300.0,1.0,Semiurban,Y
LP110347,Female,Yes,0,Not Graduate,No,19024,215.0,146.0,36.0,1.0,Semiurban,Y
LP110348,Female,Yes,2,Graduate,No,2789,1932.0,59.0,240.0,0.0,Urban,N
LP110349,Male,Yes,2,Graduate,Yes,1859,2951.0,35.0,300.0,0.0,Urban,N
LP110350,Female,Yes,0,Graduate,Yes,5498,8605.0,538.0,60.0,1.0,Semiurban,Y
LP110351,Male,No,1,Graduate,No,8711,0.0,158.0,36.0,1.0,Urban,Y
LP110352,Male,No,,Graduate,No,3297,0.0,72.0,12.0,1.0,Semiurban,Y
LP110353,Male,Yes,1,Not Graduate,Yes,5023,1259.0,37.0,240.0,1.0,Semiurban,Y
LP110354,Male,Yes,2,Graduate,No,10200,8013.0,319.0,300.0,1.0,Semiurban,Y
LP110355,Male,Yes,2,Graduate,Yes,9612,2599.0,76.0,120.0,1.0,Semiurban,Y
LP110356,Female,Yes,2,Graduate,No,3466,4181.0,76.0,360.0,1.0,Semiurban,Y
LP110357,Female,Yes,2,Not Graduate,No,5783,1142.0,87.0,300.0,1.0,Semiurban,Y
LP110358,Male,No,3+,Not Graduate,No,2803,0.0,145.0,360.0,0.0,Semiurban,N
LP110359,Female,No,3+,Graduate,No,2059,0.0,196.0,60.0,1.0,Semiurban,N
LP110360,Female,No,1,Not Graduate,No,11102,0.0,112.0,60.0,1.0,Urban,Y
LP110361,Male,No,0,Graduate,No,1500,0.0,71.0,300.0,1.0,Urban,Y
LP110362,Male,No,2,Graduate,Yes,5511,0.0,533.0,360.0,0.0,Semiurban,N
LP110363,Female,Yes,0,Graduate,No,3935,1807.0,99.0,360.0,1.0,Urban,Y
LP110364,Male,No,3+,Graduate,No,6831,0.0,135.0,300.0,1.0,Rural,Y
LP110365,Male,Yes,0,Graduate,No,3258,1803.0,54.0,300.0,0.0,Urban,N
LP110366,Male,Yes,3+,Not Graduate,No,9749,4373.0,190.0,360.0,1.0,Urban,Y
LP110367,Female,Yes,1,Graduate,No,4301,1816.0,258.0,180.0,1.0,Semiurban,Y
LP110368,,No,2,Graduate,,11741,0.0,80.0,480.0,1.0,Rural,Y
LP110369,Male,Yes,1,Graduate,No,5604,5647.0,44.0,480.0,1.0,Semiurban,Y
LP110370,Male,Yes,3+,Not Graduate,No,2617,2469.0,106.0,360.0,0.0,Urban,N
LP110371,Female,Yes,0,Not Graduate,No,6805,598.0,418.0,240.0,0.0,Semiurban,N
LP110372,Male,Yes,0,Graduate,No,6314,1434.0,91.0,,1.0,Semiurban,Y
LP110373,Male,Yes,0,Graduate,No,4609,2240.0,613.0,120.0,,Semiurban,Y
LP110374,Female,No,3+,Graduate,No,3136,0.0,95.0,,1.0,Rural,N
LP110375,Male,No,1,Graduate,No,8236,0.0,44.0,360.0,1.0,Semiurban,Y
LP110376,Female,No,2,Graduate,No,2754,0.0,98.0,12.0,1.0,Urban,Y
LP110377,Female,Yes,2,Graduate,No,2933,1526.0,43.0,240.0,1.0,Urban,Y
LP110378,Female,Yes,3+,Not Graduate,No,6744,1828.0,87.0,180.0,1.0,Rural,Y
LP110379,Male,Yes,2,Graduate,No,4330,3413.0,168.0,360.0,1.0,Urban,Y
LP110380,Male,Yes,1,Not Graduate,No,1511,1045.0,101.0,360.0,1.0,Urban,Y
LP110381,Female,Yes,2,Not Graduate,No,2759,1706.0,259.0,120.0,1.0,Semiurban,Y
LP110382,Female,No,2,Graduate,Yes,6269,0.0,97.0,120.0,1.0,Semiurban,Y
LP110383,Male,Yes,0,Graduate,No,4180,1175.0,54.0,360.0,1.0,Semiurban,Y
LP110384,Female,No,0,Graduate,No,4625,0.0,146.0,300.0,1.0,Urban,Y
LP110385,Male,No,0,Not Graduate,Yes,5751,0.0,122.0,84.0,1.0,Urban,Y
LP110386,Male,Yes,1,Graduate,No,6462,345.0,132.0,60.0,1.0,Semiurban,Y
LP110387,Male,No,1,Graduate,No,5269,0.0,62.0,360.0,1.0,Urban,Y
LP110388,Female,No,2,Graduate,No,1500,0.0,157.0,240.0,1.0,Semiurban,Y
LP110389,Male,Yes,3+,Graduate,No,4754,5985.0,308.0,360.0,1.0,Semiurban,Y
LP110390,Male,Yes,0,Graduate,No,3605,3121.0,61.0,300.0,1.0,Rural,Y
LP110391,Female,Yes,2,Graduate,No,5005,4994.0,42.0,360.0,1.0,Rural,Y
LP110392,Male,Yes,1,Graduate,No,9326,1599.0,53.0,180.0,,Rural,Y
LP110393,Male,Yes,0,Not Graduate,No,2582,2851.0,131.0,60.0,1.0,Urban,Y
LP110394,Male,Yes,2,Graduate,No,5126,2061.0,51.0,360.0,1.0,Rural,Y
LP110395,Male,Yes,3+,Graduate,No,6543,3087.0,163.0,120.0,1.0,Semiurban,Y
LP110396,Female,Yes,0,Graduate,No,4081,7909.0,166.0,360.0,1.0,Rural,Y
LP110397,Female,Yes,1,Graduate,,2240,4031.0,167.0,60.0,1.0,Urban,Y
LP110398,Male,Yes,0,Graduate,No,2386,1374.0,634.0,300.0,0.0,Urban,N
LP110399,Female,Yes,,Graduate,No,4813,6401.0,43.0,360.0,1.0,Semiurban,Y
LP110400,Male,Yes,2,Not Graduate,No,3387,2204.0,48.0,12.0,1.0,Rural,Y
LP110401,Male,Yes,2,Graduate,No,1545,3045.0,289.0,240.0,1.0,Semiurban,Y
LP110402,Male,No,2,Graduate,Yes,3044,0.0,184.0,300.0,1.0,Rural,Y
LP110403,Male,Yes,1,Graduate,No,2252,3261.0,267.0,360.0,1.0,Urban,Y
LP110404,Male,Yes,3+,Graduate,No,7700,2487.0,,180.0,1.0,Urban,Y
LP110405,Male,Yes,0,Graduate,No,2017,4470.0,59.0,360.0,1.0,Semiurban,Y
LP110406,Male,Yes,2,Graduate,No,11524,1209.0,241.0,360.0,0.0,Semiurban,Y
LP110407,Male,Yes,1,Graduate,Yes,17958,3868.0,121.0,240.0,1.0,Semiurban,Y
LP110408,Male,Yes,3+,Graduate,No,3151,256.0,295.0,180.0,,Rural,Y
LP110409,Male,No,2,Graduate,No,3400,0.0,104.0,360.0,1.0,Rural,Y
LP110410,Female,No,3+,Graduate,No,8658,0.0,118.0,360.0,1.0,Urban,Y
LP110411,Male,Yes,0,Not Graduate,No,9418,2368.0,530.0,360.0,0.0,Rural,N
LP110412,Male,No,2,Not Graduate,No,3657,0.0,71.0,300.0,1.0,Urban,Y
LP110413,Female,Yes,2,Graduate,No,3774,1794.0,209.0,36.0,1.0,Semiurban,Y
LP110414,Female,No,2,Not Graduate,,3793,0.0,52.0,300.0,1.0,Urban,Y
LP110415,Male,Yes,1,Graduate,Yes,2948,973.0,79.0,360.0,1.0,Urban,Y
LP110416,Male,Yes,0,Not Graduate,Yes,8492,589.0,209.0,180.0,1.0,Semiurban,Y
LP110417,Female,Yes,0,Graduate,No,5395,3224.0,57.0,120.0,1.0,Urban,Y
LP110418,Male,Yes,0,Graduate,No,3180,4611.0,227.0,360.0,1.0,Urban,Y
LP110419,Female,No,3+,Graduate,No,5109,0.0,117.0,120.0,1.0,Semiurban,Y
LP110420,Female,Yes,2,Graduate,No,3916,7767.0,74.0,120.0,1.0,Semiurban,Y
LP110421,Male,Yes,0,Graduate,No,22072,2715.0,125.0,360.0,1.0,Urban,Y
LP110422,,Yes,3+,Graduate,Yes,4233,2485.0,94.0,180.0,1.0,Urban,Y
LP110423,Male,Yes,0,Graduate,No,7662,1281.0,87.0,300.0,1.0,Urban,Y
LP110424,Male,Yes,1,Not Graduate,No,6379,637.0,99.0,300.0,,Urban,N
LP110425,Female,No,0,Not Graduate,No,4490,0.0,58.0,360.0,1.0,Urban,Y
LP110426,Male,No,3+,Not Graduate,Yes,6400,0.0,46.0,180.0,1.0,Urban,Y
LP110427,Female,Yes,2,Graduate,No,5576,2106.0,37.0,36.0,1.0,Rural,Y
LP110428,Female,Yes,1,Not Graduate,Yes,21852,1322.0,181.0,84.0,1.0,Urban,Y
LP110429,Female,Yes,2,Not Graduate,No,4636,876.0,174.0,60.0,1.0,Urban,Y
LP110430,Male,No,0,Not Graduate,No,1500,0.0,83.0,360.0,1.0,Semiurban,N
LP110431,Male,No,1,Graduate,No,18277,0.0,124.0,480.0,1.0,Urban,Y
LP110432,Male,Yes,1,Graduate,No,3619,2405.0,308.0,60.0,1.0,Urban,Y
LP110433,Male,No,0,Graduate,No,5176,0.0,92.0,180.0,1.0,Semiurban,Y
LP110434,Male,Yes,3+,Not Graduate,No,3546,1467.0,114.0,360.0,1.0,Semiurban,Y
LP110435,Female,Yes,2,Graduate,Yes,3431,3022.0,429.0,360.0,1.0,Urban,Y
LP110436,Female,No,0,Graduate,No,2511,0.0,169.0,120.0,0.0,Semiurban,N
LP110437,Male,Yes,0,Graduate,No,1500,1817.0,231.0,360.0,1.0,Urban,Y
LP110438,Male,Yes,0,Graduate,No,3195,532.0,205.0,300.0,1.0,Urban,Y
LP110439,Female,No,0,Not Graduate,No,6691,0.0,181.0,480.0,1.0,Urban,Y
LP110440,Male,Yes,1,Graduate,Yes,1830,2690.0,86.0,36.0,1.0,Rural,Y
LP110441,Male,Yes,,Graduate,No,6655,3405.0,74.0,360.0,,Semiurban,Y
LP110442,Female,No,2,Not Graduate,No,19768,0.0,201.0,60.0,1.0,Rural,Y
LP110443,Female,No,1,Graduate,No,5837,0.0,183.0,360.0,1.0,Urban,Y
LP110444,Male,No,0,Not Graduate,No,2135,0.0,154.0,360.0,1.0,Semiurban,Y
LP110445,Female,Yes,3+,Graduate,No,6257,424.0,159.0,240.0,1.0,Urban,Y
LP110446,Male,Yes,0,Not Graduate,No,8730,3993.0,84.0,240.0,1.0,Rural,Y
LP110447,Female,No,1,Graduate,No,10748,0.0,66.0,180.0,,Urban,N
LP110448,Male,Yes,1,Graduate,No,5500,568.0,86.0,240.0,1.0,Urban,Y
LP110449,Male,Yes,0,Graduate,No,7063,8080.0,115.0,300.0,0.0,Urban,Y
LP110450,Female,Yes,0,Not Graduate,No,8185,1722.0,93.0,300.0,1.0,Urban,Y
LP110451,Male,Yes,0,Graduate,No,7054,2673.0,344.0,360.0,1.0,Semiurban,Y
LP110452,Female,Yes,3+,Graduate,Yes,5949,2170.0,325.0,360.0,1.0,Urban,Y
LP110453,Female,No,2,Not Graduate,No,3349,0.0,223.0,84.0,1.0,Semiurban,Y
LP110454,Female,No,2,Graduate,No,8713,0.0,279.0,360.0,1.0,Rural,Y
LP110455,Female,Yes,1,Graduate,No,3563,1133.0,61.0,120.0,1.0,Semiurban,Y
LP110456,Male,No,1,Not Graduate,No,23423,0.0,206.0,300.0,1.0,Rural,Y
LP110457,Female,No,0,Graduate,No,3347,0.0,131.0,300.0,1.0,Urban,Y
LP110458,Male,No,0,Graduate,No,7954,0.0,101.0,240.0,1.0,Urban,Y
LP110459,Male,Yes,0,Not Graduate,Yes,2283,886.0,113.0,240.0,1.0,Urban,Y
LP110460,Female,Yes,1,Graduate,Yes,3692,2735.0,114.0,240.0,1.0,Urban,Y
LP110461,Male,Yes,0,Graduate,No,3451,1298.0,106.0,180.0,1.0,Rural,Y
LP110462,Male,Yes,0,Not Graduate,No,2163,1212.0,92.0,360.0,1.0,Semiurban,Y
LP110463,Male,Yes,0,Graduate,No,3481,3021.0,60.0,300.0,1.0,Semiurban,Y
LP110464,Male,Yes,1,Not Graduate,No,6101,8502.0,52.0,300.0,1.0,Semiurban,Y
LP110465,Female,Yes,1,Graduate,No,4236,930.0,170.0,120.0,1.0,Rural,Y
LP110466,Male,Yes,0,Not Graduate,Yes,10054,522.0,24.0,300.0,1.0,Urban,Y
LP110467,Male,Yes,0,Graduate,,2810,1900.0,431.0,240.0,1.0,Urban,Y
LP110468,Female,Yes,0,Graduate,No,7468,3533.0,92.0,240.0,1.0,Rural,Y
LP110469,Male,No,0,Not Graduate,No,3444,0.0,45.0,300.0,1.0,Urban,N
LP110470,Male,Yes,0,Graduate,No,9676,2999.0,183.0,180.0,1.0,Rural,Y
LP110471,Male,No,0,Graduate,No,7863,0.0,123.0,360.0,0.0,Semiurban,N
LP110472,Male,No,2,Not Graduate,No,9025,0.0,76.0,120.0,1.0,Rural,Y
LP110473,Male,No,1,Graduate,No,4461,0.0,95.0,300.0,1.0,Urban,Y
LP110474,Female,No,0,Graduate,No,10911,0.0,127.0,240.0,1.0,Rural,Y
LP110475,Male,No,0,Graduate,No,1815,0.0,257.0,360.0,1.0,Urban,Y
LP110476,Female,Yes,0,Not Graduate,Yes,6423,2244.0,27.0,360.0,0.0,Urban,N
LP110477,Female,No,,Graduate,No,5339,0.0,162.0,360.0,1.0,Urban,Y
LP110478,Female,No,3+,Not Graduate,No,8106,0.0,360.0,360.0,1.0,Urban,Y
LP110479,Male,No,2,Graduate,No,4696,0.0,82.0,360.0,1.0,Rural,Y
LP110480,Male,Yes,0,Not Graduate,No,2723,3275.0,210.0,240.0,0.0,Semiurban,N
LP110481,Male,Yes,2,Graduate,No,2552,2361.0,200.0,240.0,0.0,Semiurban,N
LP110482,Female,No,0,Graduate,No,4880,0.0,415.0,360.0,0.0,Urban,N
LP110483,Male,Yes,0,Graduate,No,4204,5959.0,154.0,360.0,1.0,Semiurban,Y
LP110484,Male,No,2,Graduate,No,8218,0.0,204.0,360.0,,Urban,Y
LP110485,Male,Yes,0,Graduate,No,8710,2153.0,254.0,360.0,0.0,Urban,Y
LP110486,Male,Yes,1,Graduate,No,5057,275.0,194.0,84.0,1.0,Semiurban,Y
LP110487,Male,Yes,2,Not Graduate,No,4991,1744.0,78.0,240.0,0.0,Rural,N
LP110488,Male,Yes,1,Graduate,No,9309,5111.0,,180.0,1.0,Semiurban,Y
LP110489,Male,Yes,3+,Not Graduate,,4243,1631.0,157.0,240.0,1.0,Semiurban,Y
LP110490,Male,Yes,2,Graduate,No,4348,856.0,225.0,180.0,1.0,Semiurban,Y
LP110491,Male,Yes,2,Not Graduate,,2222,3499.0,164.0,360.0,1.0,Urban,Y
LP110492,Female,Yes,1,Not Graduate,No,8326,2022.0,72.0,360.0,1.0,Rural,Y
LP110493,Male,Yes,0,Not Graduate,,4656,2103.0,115.0,120.0,1.0,Rural,Y
LP110494,Male,No,2,Graduate,No,9721,0.0,,120.0,1.0,Semiurban,Y
LP110495,Male,No,3+,Not Graduate,No,2382,0.0,191.0,120.0,0.0,Urban,N
LP110496,Male,No,1,Graduate,Yes,3659,0.0,440.0,180.0,1.0,Semiurban,Y
LP110497,Female,Yes,3+,Graduate,Yes,8670,2442.0,184.0,360.0,1.0,Urban,Y
LP110498,Male,Yes,0,Not Graduate,Yes,5977,4794.0,41.0,240.0,1.0,Semiurban,Y
LP110499,Female,Yes,0,Graduate,,2416,838.0,143.0,240.0,1.0,Urban,Y
LP110500,Female,No,0,Graduate,,8548,0.0,133.0,36.0,1.0,Urban,Y
LP110501,Female,No,1,Graduate,No,2246,0.0,97.0,300.0,,Rural,N
LP110502,Male,Yes,2,Graduate,Yes,8077,1600.0,39.0,300.0,1.0,Semiurban,Y
LP110503,Male,No,0,Graduate,No,2730,0.0,178.0,360.0,1.0,Rural,Y
LP110504,Female,Yes,3+,Not Graduate,No,10166,1736.0,237.0,120.0,,Semiurban,Y
LP110505,Male,Yes,1,Graduate,No,5259,3040.0,79.0,360.0,1.0,Urban,Y
LP110506,Female,No,1,Not Graduate,No,6041,0.0,78.0,360.0,1.0,Urban,Y
LP110507,Female,,2,Not Graduate,No,4681,2029.0,110.0,360.0,1.0,Rural,Y
LP110508,Female,Yes,0,Graduate,,5180,1858.0,382.0,240.0,1.0,Semiurban,Y
LP110509,Male,No,2,Not Graduate,No,5165,0.0,113.0,60.0,0.0,Urban,N
LP110510,Female,Yes,0,Not Graduate,Yes,7505,13573.0,84.0,,0.0,Urban,N
LP110511,Female,Yes,0,Graduate,No,4732,3885.0,105.0,360.0,1.0,Semiurban,Y
LP110512,Female,No,1,Graduate,No,11818,0.0,190.0,360.0,0.0,Rural,Y
LP110513,Male,Yes,3+,Not Graduate,No,3159,3000.0,39.0,120.0,1.0,Rural,Y
LP110514,Male,Yes,1,Not Graduate,No,8237,1736.0,116.0,240.0,1.0,Semiurban,Y
LP110515,Male,Yes,2,Not Graduate,No,6894,1378.0,108.0,12.0,0.0,Rural,N
LP110516,Male,Yes,,Graduate,No,10301,1184.0,125.0,180.0,1.0,Urban,Y
LP110517,Male,Yes,0,Graduate,No,5284,1135.0,88.0,360.0,1.0,Urban,Y
LP110518,Female,Yes,2,Graduate,Yes,5988,723.0,60.0,300.0,0.0,Urban,N
LP110519,Male,Yes,1,Not Graduate,No,5948,641.0,234.0,360.0,0.0,Rural,N
LP110520,Female,Yes,0,Not Graduate,Yes,2369,3053.0,44.0,360.0,1.0,Rural,Y
LP110521,Male,No,1,Graduate,No,6224,0.0,343.0,180.0,1.0,Urban,Y
LP110522,Male,No,,Not Graduate,Yes,34959,0.0,165.0,300.0,1.0,Semiurban,Y
LP110523,Male,No,0,Graduate,No,12906,0.0,202.0,360.0,1.0,Urban,Y
LP110524,Male,Yes,,Not Graduate,No,3078,2873.0,139.0,,1.0,Rural,Y
LP110525,Female,Yes,0,Graduate,No,1668,1029.0,272.0,180.0,1.0,Urban,Y
LP110526,Male,No,2,Not Graduate,No,5071,0.0,,480.0,1.0,Rural,Y
LP110527,Male,Yes,1,Graduate,No,9414,6339.0,293.0,360.0,0.0,Urban,N
LP110528,Male,Yes,2,Graduate,No,4802,2134.0,223.0,12.0,1.0,Semiurban,Y
LP110529,Female,No,0,Graduate,,15268,0.0,262.0,300.0,1.0,Semiurban,Y
LP110530,Male,Yes,2,Not Graduate,No,3077,1550.0,87.0,120.0,1.0,Urban,Y
LP110531,Male,Yes,0,Graduate,No,5625,1356.0,106.0,360.0,1.0,Semiurban,Y
LP110532,Male,No,1,Graduate,No,4604,0.0,135.0,60.0,1.0,Semiurban,Y
LP110533,Male,,0,Not Graduate,No,7622,0.0,134.0,240.0,1.0,Urban,Y
LP110534,Male,Yes,1,Graduate,No,7942,426.0,189.0,180.0,1.0,Semiurban,Y
LP110535,Female,Yes,0,Graduate,Yes,10028,1978.0,85.0,360.0,1.0,Semiurban,Y
LP110536,Male,Yes,2,Graduate,Yes,4562,448.0,133.0,360.0,1.0,Urban,Y
LP110537,Male,No,3+,Graduate,No,10453,0.0,195.0,360.0,,Semiurban,N
LP110538,Male,Yes,2,Graduate,No,6045,3723.0,42.0,360.0,1.0,Semiurban,Y
LP110539,Male,Yes,0,Graduate,Yes,11112,2066.0,253.0,360.0,1.0,Urban,Y
LP110540,Male,No,0,Not Graduate,No,12085,0.0,458.0,120.0,0.0,Semiurban,N
LP110541,Female,Yes,3+,Graduate,No,4969,738.0,77.0,360.0,1.0,Rural,N
LP110542,Female,No,1,Graduate,No,3280,0.0,326.0,360.0,1.0,Rural,Y
LP110543,Female,No,3+,Graduate,Yes,5553,0.0,153.0,360.0,1.0,Urban,Y
LP110544,Female,Yes,1,Graduate,Yes,8905,609.0,78.0,240.0,1.0,Semiurban,Y
LP110545,Male,No,3+,Not Graduate,No,1992,0.0,220.0,,1.0,Rural,N
LP110546,Male,Yes,3+,Not Graduate,No,3652,1302.0,430.0,180.0,1.0,Semiurban,N
LP110547,Male,No,2,Graduate,No,7402,0.0,105.0,300.0,1.0,Semiurban,Y
LP110548,Male,No,0,Not Graduate,No,1500,0.0,70.0,480.0,1.0,Urban,Y
LP110549,Male,Yes,1,Graduate,No,2642,1333.0,35.0,360.0,1.0,Urban,Y
LP110550,Male,No,3+,Not Graduate,No,3402,0.0,123.0,360.0,1.0,Semiurban,N
LP110551,Female,No,3+,Graduate,No,4674,0.0,148.0,180.0,1.0,Urban,Y
LP110552,Female,Yes,0,Graduate,No,4051,1105.0,398.0,360.0,1.0,Urban,Y
LP110553,Female,Yes,1,Not Graduate,No,4098,1311.0,410.0,360.0,1.0,Urban,N
LP110554,Female,Yes,2,Not Graduate,No,2211,1173.0,90.0,84.0,1.0,Urban,Y
LP110555,Male,Yes,1,Graduate,No,14212,1843.0,218.0,300.0,1.0,Semiurban,Y
LP110556,Male,No,2,Not Graduate,No,3412,0.0,67.0,360.0,1.0,Rural,N
LP110557,Female,No,2,Not Graduate,No,1568,0.0,140.0,360.0,1.0,Urban,Y
LP110558,Male,Yes,3+,Graduate,Yes,9712,3673.0,124.0,300.0,1.0,Semiurban,Y
LP110559,Male,Yes,0,Graduate,Yes,3086,3251.0,79.0,240.0,1.0,Urban,Y
LP110560,Male,Yes,0,Graduate,No,2374,543.0,124.0,36.0,1.0,Urban,Y
LP110561,Male,Yes,0,Not Graduate,,7382,2038.0,222.0,300.0,1.0,Rural,Y
LP110562,Male,Yes,3+,Not Graduate,No,3599,1108.0,259.0,240.0,1.0,Semiurban,Y
LP110563,Male,Yes,1,Graduate,No,5437,3483.0,123.0,480.0,1.0,Urban,Y
LP110564,Male,Yes,0,Not Graduate,No,3360,5097.0,127.0,360.0,1.0,Semiurban,Y
LP110565,Female,No,0,Not Graduate,No,3722,0.0,44.0,120.0,1.0,Urban,Y
LP110566,Male,Yes,1,Graduate,No,2709,8306.0,158.0,480.0,1.0,Rural,Y
LP110567,Male,Yes,2,Graduate,No,2372,3302.0,114.0,360.0,1.0,Urban,Y
LP110568,Male,Yes,2,Graduate,No,39455,4020.0,127.0,360.0,1.0,Rural,Y
LP110569,Male,No,2,Graduate,No,2990,0.0,100.0,360.0,1.0,Urban,Y
LP110570,Female,No,0,Not Graduate,No,2043,0.0,75.0,360.0,,Semiurban,Y
LP110571,Female,No,3+,Graduate,No,9684,0.0,79.0,360.0,1.0,Rural,Y
LP110572,Female,Yes,0,Graduate,No,5767,2277.0,89.0,240.0,1.0,Urban,Y
LP110573,Male,Yes,2,Not Graduate,No,4966,870.0,60.0,60.0,1.0,Urban,Y
LP110574,Male,Yes,0,Graduate,Yes,3667,863.0,159.0,360.0,1.0,Semiurban,Y
LP110575,Male,Yes,0,Graduate,Yes,3850,424.0,187.0,300.0,1.0,Urban,Y
LP110576,Male,No,0,Graduate,No,4111,0.0,123.0,360.0,1.0,Semiurban,Y
LP110577,Male,No,1,Graduate,No,9719,0.0,149.0,300.0,1.0,Semiurban,Y
LP110578,Male,Yes,2,Not Graduate,No,4234,3094.0,117.0,360.0,0.0,Urban,N
LP110579,Male,Yes,0,Graduate,No,9763,3226.0,266.0,60.0,1.0,Semiurban,Y
LP110580,Female,No,0,Not Graduate,No,4759,0.0,138.0,60.0,1.0,Urban,Y
LP110581,Male,Yes,3+,Graduate,No,4345,2479.0,158.0,360.0,1.0,Rural,Y
LP110582,Female,Yes,0,Graduate,No,2662,4084.0,217.0,240.0,1.0,Urban,Y
LP110583,Male,No,0,Graduate,No,17797,0.0,132.0,180.0,1.0,Semiurban,Y
LP110584,Male,Yes,1,Not Graduate,,4959,303.0,309.0,360.0,1.0,Urban,Y
LP110585,Female,No,2,Graduate,No,4911,0.0,90.0,480.0,1.0,Semiurban,Y
LP110586,Female,Yes,,Graduate,No,14992,2669.0,,360.0,0.0,Urban,Y
LP110587,Male,No,3+,Not Graduate,Yes,6310,0.0,119.0,300.0,1.0,Urban,N
LP110588,Male,No,1,Graduate,Yes,6743,0.0,90.0,360.0,1.0,Urban,Y
LP110589,Male,No,1,Graduate,No,5094,0.0,52.0,120.0,1.0,Semiurban,Y
LP110590,Male,Yes,0,Graduate,No,3088,265.0,226.0,360.0,1.0,Semiurban,Y
LP110591,Female,Yes,2,Not Graduate,No,10199,1113.0,107.0,360.0,1.0,Urban,Y
LP110592,Female,Yes,0,Not Graduate,No,2101,418.0,146.0,360.0,1.0,Rural,N
LP110593,Male,Yes,2,Graduate,No,2735,482.0,157.0,360.0,1.0,Urban,Y
LP110594,Male,No,0,Graduate,No,3083,0.0,100.0,360.0,1.0,Rural,Y
LP110595,Male,Yes,1,Graduate,Yes,5714,1169.0,255.0,120.0,0.0,Semiurban,N
LP110596,Male,No,3+,Not Graduate,No,4868,0.0,176.0,300.0,1.0,Urban,N
LP110597,Female,Yes,2,Graduate,No,1607,1814.0,80.0,84.0,1.0,Urban,Y
LP110598,Female,Yes,0,Graduate,No,19740,5276.0,59.0,84.0,1.0,Semiurban,Y
LP110599,Male,No,2,Not Graduate,No,7753,0.0,214.0,360.0,1.0,Urban,Y
LP110600,Male,Yes,2,Graduate,No,3660,1120.0,116.0,360.0,0.0,Rural,N
LP110601,Male,No,0,Graduate,No,6374,0.0,204.0,120.0,1.0,Rural,Y
LP110602,Male,Yes,1,Not Graduate,Yes,6426,1213.0,115.0,300.0,1.0,Urban,Y
LP110603,Female,No,0,Not Graduate,No,4031,0.0,152.0,36.0,0.0,Urban,N
LP110604,Male,Yes,1,Graduate,No,6224,2692.0,217.0,240.0,1.0,Urban,Y
LP110605,Male,No,2,Graduate,No,6268,0.0,54.0,120.0,1.0,Semiurban,Y
LP110606,Male,Yes,0,Graduate,No,9460,3775.0,369.0,240.0,1.0,Urban,Y
LP110607,Female,Yes,0,Graduate,No,5122,5340.0,168.0,300.0,1.0,Rural,Y
LP110608,Male,No,0,Not Graduate,No,5960,0.0,39.0,360.0,1.0,Semiurban,Y
LP110609,Female,No,3+,Not Graduate,No,4335,0.0,301.0,300.0,1.0,Rural,N
LP110610,Female,Yes,2,Not Graduate,No,3789,5281.0,243.0,360.0,,Urban,Y
LP110611,Female,Yes,,Graduate,No,3097,492.0,119.0,84.0,1.0,Urban,Y
LP110612,Male,Yes,1,Graduate,No,3033,2989.0,310.0,300.0,0.0,Semiurban,N
LP110613,Male,Yes,0,Graduate,No,3718,665.0,91.0,360.0,,Semiurban,Y
